run,start_frame,model,horizon_s,pedestrians,mean_displacement_error_m
crossing_90_d_1,97,constant_velocity,0.4,4,0.09007675986018315
crossing_90_d_1,97,constant_velocity,0.8,4,0.15022050397373715
crossing_90_d_1,97,constant_velocity,1.2000000000000002,4,0.23470155263708897
crossing_90_d_1,97,constant_velocity,1.6,4,0.271721049877084
crossing_90_d_1,97,constant_velocity,2.0,4,0.36884495731251443
crossing_90_d_1,97,constant_velocity,2.4000000000000004,4,0.465642968203972
crossing_90_d_1,97,constant_velocity,2.8000000000000003,4,0.49204980062805226
crossing_90_d_1,97,constant_velocity,3.2,4,0.5244301338801569
crossing_90_d_1,97,direct_mlp,0.4,4,0.17316943718506808
crossing_90_d_1,97,direct_mlp,0.8,4,0.39923892570497227
crossing_90_d_1,97,direct_mlp,1.2000000000000002,4,0.6452271332438037
crossing_90_d_1,97,direct_mlp,1.6,4,0.8867000594525156
crossing_90_d_1,97,direct_mlp,2.0,4,1.1376966114065816
crossing_90_d_1,97,direct_mlp,2.4000000000000004,4,1.4218684096143126
crossing_90_d_1,97,direct_mlp,2.8000000000000003,4,1.7801140802327304
crossing_90_d_1,97,direct_mlp,3.2,4,2.162890730452202
crossing_90_d_1,97,direct_routed_control,0.4,4,0.1738106085170014
crossing_90_d_1,97,direct_routed_control,0.8,4,0.4005060624538404
crossing_90_d_1,97,direct_routed_control,1.2000000000000002,4,0.6467010348116426
crossing_90_d_1,97,direct_routed_control,1.6,4,0.8880782928134812
crossing_90_d_1,97,direct_routed_control,2.0,4,1.138883245957192
crossing_90_d_1,97,direct_routed_control,2.4000000000000004,4,1.4229155365040886
crossing_90_d_1,97,direct_routed_control,2.8000000000000003,4,1.780946731334128
crossing_90_d_1,97,direct_routed_control,3.2,4,2.1635724577193334
crossing_90_d_1,97,tensor_prior,0.4,4,0.08448778323585711
crossing_90_d_1,97,tensor_prior,0.8,4,0.14992187100169618
crossing_90_d_1,97,tensor_prior,1.2000000000000002,4,0.23583739463029976
crossing_90_d_1,97,tensor_prior,1.6,4,0.3050182270860944
crossing_90_d_1,97,tensor_prior,2.0,4,0.3979934000628368
crossing_90_d_1,97,tensor_prior,2.4000000000000004,4,0.5414442225788625
crossing_90_d_1,97,tensor_prior,2.8000000000000003,4,0.760660130849755
crossing_90_d_1,97,tensor_prior,3.2,4,1.0090269283271927
crossing_90_d_1,97,gel_ped,0.4,4,0.10021734842307274
crossing_90_d_1,97,gel_ped,0.8,4,0.17597066555352717
crossing_90_d_1,97,gel_ped,1.2000000000000002,4,0.3110073331488624
crossing_90_d_1,97,gel_ped,1.6,4,0.4007165781025327
crossing_90_d_1,97,gel_ped,2.0,4,0.5321793013226959
crossing_90_d_1,97,gel_ped,2.4000000000000004,4,0.739586728062882
crossing_90_d_1,97,gel_ped,2.8000000000000003,4,0.9919030490753612
crossing_90_d_1,97,gel_ped,3.2,4,1.2955076616116081
crossing_90_d_1,137,constant_velocity,0.4,5,0.1074989503803517
crossing_90_d_1,137,constant_velocity,0.8,5,0.2100598668116905
crossing_90_d_1,137,constant_velocity,1.2000000000000002,5,0.2989595865137118
crossing_90_d_1,137,constant_velocity,1.6,5,0.4058162073391859
crossing_90_d_1,137,constant_velocity,2.0,5,0.5463286880784813
crossing_90_d_1,137,constant_velocity,2.4000000000000004,5,0.6718794008085041
crossing_90_d_1,137,constant_velocity,2.8000000000000003,5,0.7671752303708748
crossing_90_d_1,137,constant_velocity,3.2,5,0.8805248788226168
crossing_90_d_1,137,direct_mlp,0.4,5,0.21647863671562106
crossing_90_d_1,137,direct_mlp,0.8,5,0.4706183976261099
crossing_90_d_1,137,direct_mlp,1.2000000000000002,5,0.7521886355077412
crossing_90_d_1,137,direct_mlp,1.6,5,1.0946389928010754
crossing_90_d_1,137,direct_mlp,2.0,5,1.472021314992491
crossing_90_d_1,137,direct_mlp,2.4000000000000004,5,1.8575097878006808
crossing_90_d_1,137,direct_mlp,2.8000000000000003,5,2.226325654585949
crossing_90_d_1,137,direct_mlp,3.2,5,2.6802743962044837
crossing_90_d_1,137,direct_routed_control,0.4,5,0.2170402394489314
crossing_90_d_1,137,direct_routed_control,0.8,5,0.4715814167972292
crossing_90_d_1,137,direct_routed_control,1.2000000000000002,5,0.7533425228292983
crossing_90_d_1,137,direct_routed_control,1.6,5,1.0957275081000108
crossing_90_d_1,137,direct_routed_control,2.0,5,1.4729351818558964
crossing_90_d_1,137,direct_routed_control,2.4000000000000004,5,1.8582438693668188
crossing_90_d_1,137,direct_routed_control,2.8000000000000003,5,2.22689402808392
crossing_90_d_1,137,direct_routed_control,3.2,5,2.680648909912688
crossing_90_d_1,137,tensor_prior,0.4,5,0.13099137709179637
crossing_90_d_1,137,tensor_prior,0.8,5,0.24380549261740264
crossing_90_d_1,137,tensor_prior,1.2000000000000002,5,0.33768224693313875
crossing_90_d_1,137,tensor_prior,1.6,5,0.5214934631485573
crossing_90_d_1,137,tensor_prior,2.0,5,0.7265228642175577
crossing_90_d_1,137,tensor_prior,2.4000000000000004,5,0.9645336292262459
crossing_90_d_1,137,tensor_prior,2.8000000000000003,5,1.1863707993419994
crossing_90_d_1,137,tensor_prior,3.2,5,1.4913749831805394
crossing_90_d_1,137,gel_ped,0.4,5,0.14804200086448743
crossing_90_d_1,137,gel_ped,0.8,5,0.2880491836075888
crossing_90_d_1,137,gel_ped,1.2000000000000002,5,0.4056112728412035
crossing_90_d_1,137,gel_ped,1.6,5,0.6236718181141419
crossing_90_d_1,137,gel_ped,2.0,5,0.8581862200327774
crossing_90_d_1,137,gel_ped,2.4000000000000004,5,1.13980132442151
crossing_90_d_1,137,gel_ped,2.8000000000000003,5,1.4097531886655426
crossing_90_d_1,137,gel_ped,3.2,5,1.7467146917220184
crossing_90_d_1,177,constant_velocity,0.4,6,0.09460653900390348
crossing_90_d_1,177,constant_velocity,0.8,6,0.15724120000233557
crossing_90_d_1,177,constant_velocity,1.2000000000000002,6,0.23219101612582815
crossing_90_d_1,177,constant_velocity,1.6,6,0.3440194263369453
crossing_90_d_1,177,constant_velocity,2.0,6,0.46423219399327026
crossing_90_d_1,177,constant_velocity,2.4000000000000004,6,0.5553450204792527
crossing_90_d_1,177,constant_velocity,2.8000000000000003,6,0.6626802077921887
crossing_90_d_1,177,constant_velocity,3.2,6,0.7418609315108357
crossing_90_d_1,177,direct_mlp,0.4,6,0.1907969782819738
crossing_90_d_1,177,direct_mlp,0.8,6,0.42424216342019294
crossing_90_d_1,177,direct_mlp,1.2000000000000002,6,0.7274940347685339
crossing_90_d_1,177,direct_mlp,1.6,6,1.1065927671876163
crossing_90_d_1,177,direct_mlp,2.0,6,1.5257615318667357
crossing_90_d_1,177,direct_mlp,2.4000000000000004,6,1.919161926111532
crossing_90_d_1,177,direct_mlp,2.8000000000000003,6,2.4377132963724444
crossing_90_d_1,177,direct_mlp,3.2,6,2.9030267808228403
crossing_90_d_1,177,direct_routed_control,0.4,6,0.19136233394870036
crossing_90_d_1,177,direct_routed_control,0.8,6,0.4253444224345568
crossing_90_d_1,177,direct_routed_control,1.2000000000000002,6,0.7287467895106053
crossing_90_d_1,177,direct_routed_control,1.6,6,1.107653753790395
crossing_90_d_1,177,direct_routed_control,2.0,6,1.5266084645818292
crossing_90_d_1,177,direct_routed_control,2.4000000000000004,6,1.919790319421093
crossing_90_d_1,177,direct_routed_control,2.8000000000000003,6,2.4380703687248895
crossing_90_d_1,177,direct_routed_control,3.2,6,2.903163453426833
crossing_90_d_1,177,tensor_prior,0.4,6,0.0923884533029672
crossing_90_d_1,177,tensor_prior,0.8,6,0.15336430187171327
crossing_90_d_1,177,tensor_prior,1.2000000000000002,6,0.30424352409841177
crossing_90_d_1,177,tensor_prior,1.6,6,0.5212505809466783
crossing_90_d_1,177,tensor_prior,2.0,6,0.7784788351720016
crossing_90_d_1,177,tensor_prior,2.4000000000000004,6,1.0204524245254167
crossing_90_d_1,177,tensor_prior,2.8000000000000003,6,1.3927928827418734
crossing_90_d_1,177,tensor_prior,3.2,6,1.7158615171265668
crossing_90_d_1,177,gel_ped,0.4,6,0.09630836124898672
crossing_90_d_1,177,gel_ped,0.8,6,0.17680965275090102
crossing_90_d_1,177,gel_ped,1.2000000000000002,6,0.3595629568406588
crossing_90_d_1,177,gel_ped,1.6,6,0.5904194866746478
crossing_90_d_1,177,gel_ped,2.0,6,0.8847086408906638
crossing_90_d_1,177,gel_ped,2.4000000000000004,6,1.1680765671752142
crossing_90_d_1,177,gel_ped,2.8000000000000003,6,1.5789284300035995
crossing_90_d_1,177,gel_ped,3.2,6,1.9634825028809704
crossing_90_d_1,217,constant_velocity,0.4,5,0.12238571453647781
crossing_90_d_1,217,constant_velocity,0.8,5,0.2493182880660584
crossing_90_d_1,217,constant_velocity,1.2000000000000002,5,0.390337850399605
crossing_90_d_1,217,constant_velocity,1.6,5,0.5649425345833083
crossing_90_d_1,217,constant_velocity,2.0,5,0.6949905724827347
crossing_90_d_1,217,constant_velocity,2.4000000000000004,5,0.792818739044959
crossing_90_d_1,217,constant_velocity,2.8000000000000003,5,0.9318303246683749
crossing_90_d_1,217,constant_velocity,3.2,5,0.979060127018702
crossing_90_d_1,217,direct_mlp,0.4,5,0.21335518306344028
crossing_90_d_1,217,direct_mlp,0.8,5,0.4191684477616633
crossing_90_d_1,217,direct_mlp,1.2000000000000002,5,0.7044350215742801
crossing_90_d_1,217,direct_mlp,1.6,5,1.006915572653808
crossing_90_d_1,217,direct_mlp,2.0,5,1.4052920376901141
crossing_90_d_1,217,direct_mlp,2.4000000000000004,5,1.894547310662464
crossing_90_d_1,217,direct_mlp,2.8000000000000003,5,2.4397170831938473
crossing_90_d_1,217,direct_mlp,3.2,5,2.918339917448549
crossing_90_d_1,217,direct_routed_control,0.4,5,0.21423060754881132
crossing_90_d_1,217,direct_routed_control,0.8,5,0.42083429100998737
crossing_90_d_1,217,direct_routed_control,1.2000000000000002,5,0.7065343456151181
crossing_90_d_1,217,direct_routed_control,1.6,5,1.008943280281248
crossing_90_d_1,217,direct_routed_control,2.0,5,1.4071381322415368
crossing_90_d_1,217,direct_routed_control,2.4000000000000004,5,1.8961898617475028
crossing_90_d_1,217,direct_routed_control,2.8000000000000003,5,2.441103517236672
crossing_90_d_1,217,direct_routed_control,3.2,5,2.9194615272135187
crossing_90_d_1,217,tensor_prior,0.4,5,0.10373368130900942
crossing_90_d_1,217,tensor_prior,0.8,5,0.17890364415675516
crossing_90_d_1,217,tensor_prior,1.2000000000000002,5,0.3272334521851911
crossing_90_d_1,217,tensor_prior,1.6,5,0.43486895525859454
crossing_90_d_1,217,tensor_prior,2.0,5,0.5673620933533357
crossing_90_d_1,217,tensor_prior,2.4000000000000004,5,0.7469826526378454
crossing_90_d_1,217,tensor_prior,2.8000000000000003,5,1.0655918769722565
crossing_90_d_1,217,tensor_prior,3.2,5,1.3231974558500763
crossing_90_d_1,217,gel_ped,0.4,5,0.12636163087468355
crossing_90_d_1,217,gel_ped,0.8,5,0.21517036755330965
crossing_90_d_1,217,gel_ped,1.2000000000000002,5,0.3675383475657177
crossing_90_d_1,217,gel_ped,1.6,5,0.486611435314168
crossing_90_d_1,217,gel_ped,2.0,5,0.656627899989641
crossing_90_d_1,217,gel_ped,2.4000000000000004,5,0.943991574049657
crossing_90_d_1,217,gel_ped,2.8000000000000003,5,1.3083143332655052
crossing_90_d_1,217,gel_ped,3.2,5,1.6177547613993446
crossing_90_d_1,263,constant_velocity,0.4,4,0.1375318517542684
crossing_90_d_1,263,constant_velocity,0.8,4,0.22612266249422444
crossing_90_d_1,263,constant_velocity,1.2000000000000002,4,0.4211185720674931
crossing_90_d_1,263,constant_velocity,1.6,4,0.5921004717510704
crossing_90_d_1,263,constant_velocity,2.0,4,0.7242436303538146
crossing_90_d_1,263,constant_velocity,2.4000000000000004,4,0.8033118604747439
crossing_90_d_1,263,constant_velocity,2.8000000000000003,4,0.9028729957123438
crossing_90_d_1,263,constant_velocity,3.2,4,1.0094505665365285
crossing_90_d_1,263,direct_mlp,0.4,4,0.23548409381518054
crossing_90_d_1,263,direct_mlp,0.8,4,0.5272501018455458
crossing_90_d_1,263,direct_mlp,1.2000000000000002,4,0.8760090124365572
crossing_90_d_1,263,direct_mlp,1.6,4,1.2186580546472885
crossing_90_d_1,263,direct_mlp,2.0,4,1.6383821723856338
crossing_90_d_1,263,direct_mlp,2.4000000000000004,4,2.0660769939676515
crossing_90_d_1,263,direct_mlp,2.8000000000000003,4,2.5270296448027687
crossing_90_d_1,263,direct_mlp,3.2,4,2.965009643293108
crossing_90_d_1,263,direct_routed_control,0.4,4,0.23621714282829098
crossing_90_d_1,263,direct_routed_control,0.8,4,0.5285665351517754
crossing_90_d_1,263,direct_routed_control,1.2000000000000002,4,0.877557484283331
crossing_90_d_1,263,direct_routed_control,1.6,4,1.2200164378709097
crossing_90_d_1,263,direct_routed_control,2.0,4,1.639457254335413
crossing_90_d_1,263,direct_routed_control,2.4000000000000004,4,2.0669423547339334
crossing_90_d_1,263,direct_routed_control,2.8000000000000003,4,2.527613037713544
crossing_90_d_1,263,direct_routed_control,3.2,4,2.9653288423735185
crossing_90_d_1,263,tensor_prior,0.4,4,0.1330722856449668
crossing_90_d_1,263,tensor_prior,0.8,4,0.2307063587219838
crossing_90_d_1,263,tensor_prior,1.2000000000000002,4,0.45277922109571755
crossing_90_d_1,263,tensor_prior,1.6,4,0.650249494809144
crossing_90_d_1,263,tensor_prior,2.0,4,0.855426290265669
crossing_90_d_1,263,tensor_prior,2.4000000000000004,4,0.9971340444037042
crossing_90_d_1,263,tensor_prior,2.8000000000000003,4,1.2505373907885082
crossing_90_d_1,263,tensor_prior,3.2,4,1.5274863104744736
crossing_90_d_1,263,gel_ped,0.4,4,0.13502157066495646
crossing_90_d_1,263,gel_ped,0.8,4,0.22689203862890742
crossing_90_d_1,263,gel_ped,1.2000000000000002,4,0.4710706922963729
crossing_90_d_1,263,gel_ped,1.6,4,0.7109661825799913
crossing_90_d_1,263,gel_ped,2.0,4,0.967360652043052
crossing_90_d_1,263,gel_ped,2.4000000000000004,4,1.1751369111426975
crossing_90_d_1,263,gel_ped,2.8000000000000003,4,1.4516323653002676
crossing_90_d_1,263,gel_ped,3.2,4,1.7650149052502588
crossing_90_d_1,330,constant_velocity,0.4,4,0.13059909211502763
crossing_90_d_1,330,constant_velocity,0.8,4,0.15079915618572928
crossing_90_d_1,330,constant_velocity,1.2000000000000002,4,0.2893606325333506
crossing_90_d_1,330,constant_velocity,1.6,4,0.37760324430672565
crossing_90_d_1,330,constant_velocity,2.0,4,0.5259871528490426
crossing_90_d_1,330,constant_velocity,2.4000000000000004,4,0.6495258465964596
crossing_90_d_1,330,constant_velocity,2.8000000000000003,4,0.8372004340776106
crossing_90_d_1,330,constant_velocity,3.2,4,0.9549407434268559
crossing_90_d_1,330,direct_mlp,0.4,4,0.1419689071942676
crossing_90_d_1,330,direct_mlp,0.8,4,0.23354506384857088
crossing_90_d_1,330,direct_mlp,1.2000000000000002,4,0.46272557869904507
crossing_90_d_1,330,direct_mlp,1.6,4,0.7181441476245112
crossing_90_d_1,330,direct_mlp,2.0,4,0.9635156366630365
crossing_90_d_1,330,direct_mlp,2.4000000000000004,4,1.2425656687857831
crossing_90_d_1,330,direct_mlp,2.8000000000000003,4,1.5806381244129581
crossing_90_d_1,330,direct_mlp,3.2,4,1.9092979937709194
crossing_90_d_1,330,direct_routed_control,0.4,4,0.14222599794904667
crossing_90_d_1,330,direct_routed_control,0.8,4,0.23405945686417673
crossing_90_d_1,330,direct_routed_control,1.2000000000000002,4,0.4631738994120692
crossing_90_d_1,330,direct_routed_control,1.6,4,0.7183739654929855
crossing_90_d_1,330,direct_routed_control,2.0,4,0.9634593801828649
crossing_90_d_1,330,direct_routed_control,2.4000000000000004,4,1.242315312352122
crossing_90_d_1,330,direct_routed_control,2.8000000000000003,4,1.580203188404558
crossing_90_d_1,330,direct_routed_control,3.2,4,1.9084676086754386
crossing_90_d_1,330,tensor_prior,0.4,4,0.09964166682056394
crossing_90_d_1,330,tensor_prior,0.8,4,0.10635638330402106
crossing_90_d_1,330,tensor_prior,1.2000000000000002,4,0.19923916572744546
crossing_90_d_1,330,tensor_prior,1.6,4,0.3491696727810248
crossing_90_d_1,330,tensor_prior,2.0,4,0.4747430064516599
crossing_90_d_1,330,tensor_prior,2.4000000000000004,4,0.6637859974759686
crossing_90_d_1,330,tensor_prior,2.8000000000000003,4,0.9125437639537586
crossing_90_d_1,330,tensor_prior,3.2,4,1.1240025555186888
crossing_90_d_1,330,gel_ped,0.4,4,0.10285486318551337
crossing_90_d_1,330,gel_ped,0.8,4,0.1110063505379354
crossing_90_d_1,330,gel_ped,1.2000000000000002,4,0.2787517167304749
crossing_90_d_1,330,gel_ped,1.6,4,0.454658456452944
crossing_90_d_1,330,gel_ped,2.0,4,0.602759488774163
crossing_90_d_1,330,gel_ped,2.4000000000000004,4,0.817281570932041
crossing_90_d_1,330,gel_ped,2.8000000000000003,4,1.0922720701497195
crossing_90_d_1,330,gel_ped,3.2,4,1.3718069564316606
crossing_90_d_1,370,constant_velocity,0.4,5,0.11582417983014093
crossing_90_d_1,370,constant_velocity,0.8,5,0.20882667531128002
crossing_90_d_1,370,constant_velocity,1.2000000000000002,5,0.3220348859483411
crossing_90_d_1,370,constant_velocity,1.6,5,0.37883404920388825
crossing_90_d_1,370,constant_velocity,2.0,5,0.44164863395110715
crossing_90_d_1,370,constant_velocity,2.4000000000000004,5,0.5577789752851705
crossing_90_d_1,370,constant_velocity,2.8000000000000003,5,0.6891797830519896
crossing_90_d_1,370,constant_velocity,3.2,5,0.8056507765091034
crossing_90_d_1,370,direct_mlp,0.4,5,0.17725845821461508
crossing_90_d_1,370,direct_mlp,0.8,5,0.33930939602988186
crossing_90_d_1,370,direct_mlp,1.2000000000000002,5,0.5654152257899969
crossing_90_d_1,370,direct_mlp,1.6,5,0.8103172682239481
crossing_90_d_1,370,direct_mlp,2.0,5,1.2176407104109488
crossing_90_d_1,370,direct_mlp,2.4000000000000004,5,1.5654269220823456
crossing_90_d_1,370,direct_mlp,2.8000000000000003,5,1.8823274242513783
crossing_90_d_1,370,direct_mlp,3.2,5,2.2254620643546073
crossing_90_d_1,370,direct_routed_control,0.4,5,0.1775906693361757
crossing_90_d_1,370,direct_routed_control,0.8,5,0.33990153033859055
crossing_90_d_1,370,direct_routed_control,1.2000000000000002,5,0.5661377841902864
crossing_90_d_1,370,direct_routed_control,1.6,5,0.8107807574374718
crossing_90_d_1,370,direct_routed_control,2.0,5,1.2174808393711107
crossing_90_d_1,370,direct_routed_control,2.4000000000000004,5,1.564747579186014
crossing_90_d_1,370,direct_routed_control,2.8000000000000003,5,1.8814088747193474
crossing_90_d_1,370,direct_routed_control,3.2,5,2.224306702087623
crossing_90_d_1,370,tensor_prior,0.4,5,0.1365246895006315
crossing_90_d_1,370,tensor_prior,0.8,5,0.2395046316524238
crossing_90_d_1,370,tensor_prior,1.2000000000000002,5,0.36698966128852045
crossing_90_d_1,370,tensor_prior,1.6,5,0.47176841143939685
crossing_90_d_1,370,tensor_prior,2.0,5,0.6725956269277436
crossing_90_d_1,370,tensor_prior,2.4000000000000004,5,0.8838776925925895
crossing_90_d_1,370,tensor_prior,2.8000000000000003,5,1.0611009551138821
crossing_90_d_1,370,tensor_prior,3.2,5,1.2888689467520817
crossing_90_d_1,370,gel_ped,0.4,5,0.12895017711874912
crossing_90_d_1,370,gel_ped,0.8,5,0.24672055706898136
crossing_90_d_1,370,gel_ped,1.2000000000000002,5,0.38373426384211484
crossing_90_d_1,370,gel_ped,1.6,5,0.489424396350428
crossing_90_d_1,370,gel_ped,2.0,5,0.7634330415217847
crossing_90_d_1,370,gel_ped,2.4000000000000004,5,1.0221631910352253
crossing_90_d_1,370,gel_ped,2.8000000000000003,5,1.2627706866935988
crossing_90_d_1,370,gel_ped,3.2,5,1.5362439185790036
crossing_90_d_1,410,constant_velocity,0.4,7,0.10806466092252377
crossing_90_d_1,410,constant_velocity,0.8,7,0.19340410190838983
crossing_90_d_1,410,constant_velocity,1.2000000000000002,7,0.242084769683012
crossing_90_d_1,410,constant_velocity,1.6,7,0.2903830563498874
crossing_90_d_1,410,constant_velocity,2.0,7,0.27629211453697805
crossing_90_d_1,410,constant_velocity,2.4000000000000004,7,0.3847312967108159
crossing_90_d_1,410,constant_velocity,2.8000000000000003,7,0.5501607962382389
crossing_90_d_1,410,constant_velocity,3.2,7,0.6682143081071036
crossing_90_d_1,410,direct_mlp,0.4,7,0.12922670049268656
crossing_90_d_1,410,direct_mlp,0.8,7,0.31206231580355853
crossing_90_d_1,410,direct_mlp,1.2000000000000002,7,0.4635725661430245
crossing_90_d_1,410,direct_mlp,1.6,7,0.659364510866235
crossing_90_d_1,410,direct_mlp,2.0,7,0.9363773612716209
crossing_90_d_1,410,direct_mlp,2.4000000000000004,7,1.2219553942118893
crossing_90_d_1,410,direct_mlp,2.8000000000000003,7,1.4765149474028199
crossing_90_d_1,410,direct_mlp,3.2,7,1.7725864588061715
crossing_90_d_1,410,direct_routed_control,0.4,7,0.12956927553545317
crossing_90_d_1,410,direct_routed_control,0.8,7,0.3127194119079771
crossing_90_d_1,410,direct_routed_control,1.2000000000000002,7,0.46415510784469605
crossing_90_d_1,410,direct_routed_control,1.6,7,0.6595230565019831
crossing_90_d_1,410,direct_routed_control,2.0,7,0.936314089323627
crossing_90_d_1,410,direct_routed_control,2.4000000000000004,7,1.221658705473864
crossing_90_d_1,410,direct_routed_control,2.8000000000000003,7,1.4759375701775663
crossing_90_d_1,410,direct_routed_control,3.2,7,1.7718095508118572
crossing_90_d_1,410,tensor_prior,0.4,7,0.10320680770879746
crossing_90_d_1,410,tensor_prior,0.8,7,0.2051361814170631
crossing_90_d_1,410,tensor_prior,1.2000000000000002,7,0.25267543864917
crossing_90_d_1,410,tensor_prior,1.6,7,0.32953515205985057
crossing_90_d_1,410,tensor_prior,2.0,7,0.4517308018270425
crossing_90_d_1,410,tensor_prior,2.4000000000000004,7,0.6032017415261233
crossing_90_d_1,410,tensor_prior,2.8000000000000003,7,0.7404354073587485
crossing_90_d_1,410,tensor_prior,3.2,7,0.9098446858248105
crossing_90_d_1,410,gel_ped,0.4,7,0.09234678137410447
crossing_90_d_1,410,gel_ped,0.8,7,0.1852583877805404
crossing_90_d_1,410,gel_ped,1.2000000000000002,7,0.24305234356401176
crossing_90_d_1,410,gel_ped,1.6,7,0.32378455967188996
crossing_90_d_1,410,gel_ped,2.0,7,0.49876865216580735
crossing_90_d_1,410,gel_ped,2.4000000000000004,7,0.6877178241058586
crossing_90_d_1,410,gel_ped,2.8000000000000003,7,0.8686143300505547
crossing_90_d_1,410,gel_ped,3.2,7,1.0956642114537938
crossing_90_d_1,450,constant_velocity,0.4,8,0.09043158485276924
crossing_90_d_1,450,constant_velocity,0.8,8,0.1683774352949658
crossing_90_d_1,450,constant_velocity,1.2000000000000002,8,0.26142204939078983
crossing_90_d_1,450,constant_velocity,1.6,8,0.418071553939666
crossing_90_d_1,450,constant_velocity,2.0,8,0.5630397636747184
crossing_90_d_1,450,constant_velocity,2.4000000000000004,8,0.6467416988422515
crossing_90_d_1,450,constant_velocity,2.8000000000000003,8,0.7409014363186591
crossing_90_d_1,450,constant_velocity,3.2,8,0.7980278532651783
crossing_90_d_1,450,direct_mlp,0.4,8,0.1301850142645654
crossing_90_d_1,450,direct_mlp,0.8,8,0.27089437883345246
crossing_90_d_1,450,direct_mlp,1.2000000000000002,8,0.4134509295498518
crossing_90_d_1,450,direct_mlp,1.6,8,0.6005928685582125
crossing_90_d_1,450,direct_mlp,2.0,8,0.8098943194509896
crossing_90_d_1,450,direct_mlp,2.4000000000000004,8,1.0804911592697588
crossing_90_d_1,450,direct_mlp,2.8000000000000003,8,1.3973867879785056
crossing_90_d_1,450,direct_mlp,3.2,8,1.7026663292524924
crossing_90_d_1,450,direct_routed_control,0.4,8,0.13048449957265296
crossing_90_d_1,450,direct_routed_control,0.8,8,0.271333316862839
crossing_90_d_1,450,direct_routed_control,1.2000000000000002,8,0.41373751373692325
crossing_90_d_1,450,direct_routed_control,1.6,8,0.6005628722603646
crossing_90_d_1,450,direct_routed_control,2.0,8,0.8095916586536899
crossing_90_d_1,450,direct_routed_control,2.4000000000000004,8,1.0800876193114919
crossing_90_d_1,450,direct_routed_control,2.8000000000000003,8,1.3967927202265216
crossing_90_d_1,450,direct_routed_control,3.2,8,1.7017657038464549
crossing_90_d_1,450,tensor_prior,0.4,8,0.07759241719487903
crossing_90_d_1,450,tensor_prior,0.8,8,0.12916898672757088
crossing_90_d_1,450,tensor_prior,1.2000000000000002,8,0.1759897162033962
crossing_90_d_1,450,tensor_prior,1.6,8,0.2769365451476153
crossing_90_d_1,450,tensor_prior,2.0,8,0.3921163260914633
crossing_90_d_1,450,tensor_prior,2.4000000000000004,8,0.5063909893249318
crossing_90_d_1,450,tensor_prior,2.8000000000000003,8,0.6970965175207602
crossing_90_d_1,450,tensor_prior,3.2,8,0.8885239965111236
crossing_90_d_1,450,gel_ped,0.4,8,0.08144514156170558
crossing_90_d_1,450,gel_ped,0.8,8,0.1441222960892023
crossing_90_d_1,450,gel_ped,1.2000000000000002,8,0.21007012727999147
crossing_90_d_1,450,gel_ped,1.6,8,0.30246932637449264
crossing_90_d_1,450,gel_ped,2.0,8,0.43892162987167715
crossing_90_d_1,450,gel_ped,2.4000000000000004,8,0.6096491134392388
crossing_90_d_1,450,gel_ped,2.8000000000000003,8,0.84035278172061
crossing_90_d_1,450,gel_ped,3.2,8,1.0721410210054427
crossing_90_d_1,490,constant_velocity,0.4,7,0.11392467183051816
crossing_90_d_1,490,constant_velocity,0.8,7,0.2874863123614547
crossing_90_d_1,490,constant_velocity,1.2000000000000002,7,0.5330206987165713
crossing_90_d_1,490,constant_velocity,1.6,7,0.812292479415839
crossing_90_d_1,490,constant_velocity,2.0,7,0.9864035363793037
crossing_90_d_1,490,constant_velocity,2.4000000000000004,7,1.1099992181159966
crossing_90_d_1,490,constant_velocity,2.8000000000000003,7,1.2145171151464047
crossing_90_d_1,490,constant_velocity,3.2,7,1.3559720868672467
crossing_90_d_1,490,direct_mlp,0.4,7,0.12279793798519766
crossing_90_d_1,490,direct_mlp,0.8,7,0.31386524421614986
crossing_90_d_1,490,direct_mlp,1.2000000000000002,7,0.5635021374713425
crossing_90_d_1,490,direct_mlp,1.6,7,0.8793189923060428
crossing_90_d_1,490,direct_mlp,2.0,7,1.2456203432353574
crossing_90_d_1,490,direct_mlp,2.4000000000000004,7,1.5884726881214828
crossing_90_d_1,490,direct_mlp,2.8000000000000003,7,1.902849575292207
crossing_90_d_1,490,direct_mlp,3.2,7,2.2579548453601705
crossing_90_d_1,490,direct_routed_control,0.4,7,0.1229060026218163
crossing_90_d_1,490,direct_routed_control,0.8,7,0.31404435448417056
crossing_90_d_1,490,direct_routed_control,1.2000000000000002,7,0.5635448415311575
crossing_90_d_1,490,direct_routed_control,1.6,7,0.8791564424491879
crossing_90_d_1,490,direct_routed_control,2.0,7,1.2453204527438582
crossing_90_d_1,490,direct_routed_control,2.4000000000000004,7,1.5879838786861098
crossing_90_d_1,490,direct_routed_control,2.8000000000000003,7,1.9022264520078214
crossing_90_d_1,490,direct_routed_control,3.2,7,2.257158495500155
crossing_90_d_1,490,tensor_prior,0.4,7,0.10200945290618338
crossing_90_d_1,490,tensor_prior,0.8,7,0.2634199177156647
crossing_90_d_1,490,tensor_prior,1.2000000000000002,7,0.45270124060169314
crossing_90_d_1,490,tensor_prior,1.6,7,0.6824921426951915
crossing_90_d_1,490,tensor_prior,2.0,7,0.890624188397224
crossing_90_d_1,490,tensor_prior,2.4000000000000004,7,1.1044575277405457
crossing_90_d_1,490,tensor_prior,2.8000000000000003,7,1.3096201501897904
crossing_90_d_1,490,tensor_prior,3.2,7,1.5808057474678916
crossing_90_d_1,490,gel_ped,0.4,7,0.10750136989026098
crossing_90_d_1,490,gel_ped,0.8,7,0.29076455662222617
crossing_90_d_1,490,gel_ped,1.2000000000000002,7,0.5032130745168745
crossing_90_d_1,490,gel_ped,1.6,7,0.7469626522295317
crossing_90_d_1,490,gel_ped,2.0,7,0.9933917984832181
crossing_90_d_1,490,gel_ped,2.4000000000000004,7,1.2394806947100132
crossing_90_d_1,490,gel_ped,2.8000000000000003,7,1.4601691272724533
crossing_90_d_1,490,gel_ped,3.2,7,1.7630444611833973
crossing_90_d_1,530,constant_velocity,0.4,8,0.13100470803528658
crossing_90_d_1,530,constant_velocity,0.8,8,0.2799621817605209
crossing_90_d_1,530,constant_velocity,1.2000000000000002,8,0.5004070702922822
crossing_90_d_1,530,constant_velocity,1.6,8,0.7564380908753398
crossing_90_d_1,530,constant_velocity,2.0,8,0.8571362967029175
crossing_90_d_1,530,constant_velocity,2.4000000000000004,8,0.919385104072548
crossing_90_d_1,530,constant_velocity,2.8000000000000003,8,0.9309792972096465
crossing_90_d_1,530,constant_velocity,3.2,8,0.990077782448698
crossing_90_d_1,530,direct_mlp,0.4,8,0.17770307327603999
crossing_90_d_1,530,direct_mlp,0.8,8,0.36562204527911285
crossing_90_d_1,530,direct_mlp,1.2000000000000002,8,0.5911864588503918
crossing_90_d_1,530,direct_mlp,1.6,8,0.8784976946400251
crossing_90_d_1,530,direct_mlp,2.0,8,1.186019721972995
crossing_90_d_1,530,direct_mlp,2.4000000000000004,8,1.541089480604233
crossing_90_d_1,530,direct_mlp,2.8000000000000003,8,1.942081144457582
crossing_90_d_1,530,direct_mlp,3.2,8,2.3694347383245127
crossing_90_d_1,530,direct_routed_control,0.4,8,0.1781787809141417
crossing_90_d_1,530,direct_routed_control,0.8,8,0.36632777577287085
crossing_90_d_1,530,direct_routed_control,1.2000000000000002,8,0.5916628874486056
crossing_90_d_1,530,direct_routed_control,1.6,8,0.8788257010112168
crossing_90_d_1,530,direct_routed_control,2.0,8,1.1864790993488605
crossing_90_d_1,530,direct_routed_control,2.4000000000000004,8,1.5414452139214356
crossing_90_d_1,530,direct_routed_control,2.8000000000000003,8,1.9422928439257643
crossing_90_d_1,530,direct_routed_control,3.2,8,2.3694561320285574
crossing_90_d_1,530,tensor_prior,0.4,8,0.10817231347033227
crossing_90_d_1,530,tensor_prior,0.8,8,0.24210382884051615
crossing_90_d_1,530,tensor_prior,1.2000000000000002,8,0.4002635985218135
crossing_90_d_1,530,tensor_prior,1.6,8,0.5855252935262842
crossing_90_d_1,530,tensor_prior,2.0,8,0.6941241942740539
crossing_90_d_1,530,tensor_prior,2.4000000000000004,8,0.7864618565649203
crossing_90_d_1,530,tensor_prior,2.8000000000000003,8,0.9371663160627453
crossing_90_d_1,530,tensor_prior,3.2,8,1.221654463928773
crossing_90_d_1,530,gel_ped,0.4,8,0.1257780467106582
crossing_90_d_1,530,gel_ped,0.8,8,0.2648441258261987
crossing_90_d_1,530,gel_ped,1.2000000000000002,8,0.43503918223151383
crossing_90_d_1,530,gel_ped,1.6,8,0.6560268788104061
crossing_90_d_1,530,gel_ped,2.0,8,0.8187997529944833
crossing_90_d_1,530,gel_ped,2.4000000000000004,8,0.9564340699113683
crossing_90_d_1,530,gel_ped,2.8000000000000003,8,1.1722983269967615
crossing_90_d_1,530,gel_ped,3.2,8,1.5091348401375033
crossing_90_d_1,570,constant_velocity,0.4,4,0.0951797776038322
crossing_90_d_1,570,constant_velocity,0.8,4,0.19532589286780971
crossing_90_d_1,570,constant_velocity,1.2000000000000002,4,0.3590098876223976
crossing_90_d_1,570,constant_velocity,1.6,4,0.4512095948260306
crossing_90_d_1,570,constant_velocity,2.0,4,0.5311568867958019
crossing_90_d_1,570,constant_velocity,2.4000000000000004,4,0.6686671403291965
crossing_90_d_1,570,constant_velocity,2.8000000000000003,4,0.758631917236831
crossing_90_d_1,570,constant_velocity,3.2,4,0.8283990565758697
crossing_90_d_1,570,direct_mlp,0.4,4,0.14467463866320338
crossing_90_d_1,570,direct_mlp,0.8,4,0.27321400584365696
crossing_90_d_1,570,direct_mlp,1.2000000000000002,4,0.4712186436533905
crossing_90_d_1,570,direct_mlp,1.6,4,0.7396614416112455
crossing_90_d_1,570,direct_mlp,2.0,4,1.0887960944767927
crossing_90_d_1,570,direct_mlp,2.4000000000000004,4,1.5087744623929018
crossing_90_d_1,570,direct_mlp,2.8000000000000003,4,1.9143397432566138
crossing_90_d_1,570,direct_mlp,3.2,4,2.2510582502921412
crossing_90_d_1,570,direct_routed_control,0.4,4,0.14496743355681116
crossing_90_d_1,570,direct_routed_control,0.8,4,0.27365447631468787
crossing_90_d_1,570,direct_routed_control,1.2000000000000002,4,0.4713915295224254
crossing_90_d_1,570,direct_routed_control,1.6,4,0.7393832067730652
crossing_90_d_1,570,direct_routed_control,2.0,4,1.0881082303104797
crossing_90_d_1,570,direct_routed_control,2.4000000000000004,4,1.5077254221297227
crossing_90_d_1,570,direct_routed_control,2.8000000000000003,4,1.9129136622897578
crossing_90_d_1,570,direct_routed_control,3.2,4,2.249297123414357
crossing_90_d_1,570,tensor_prior,0.4,4,0.10004303697277175
crossing_90_d_1,570,tensor_prior,0.8,4,0.17935593948005035
crossing_90_d_1,570,tensor_prior,1.2000000000000002,4,0.30676098374340055
crossing_90_d_1,570,tensor_prior,1.6,4,0.43699175135440516
crossing_90_d_1,570,tensor_prior,2.0,4,0.6566608099640125
crossing_90_d_1,570,tensor_prior,2.4000000000000004,4,0.9759934951664249
crossing_90_d_1,570,tensor_prior,2.8000000000000003,4,1.291880792755682
crossing_90_d_1,570,tensor_prior,3.2,4,1.545719684714151
crossing_90_d_1,570,gel_ped,0.4,4,0.09982079236843702
crossing_90_d_1,570,gel_ped,0.8,4,0.18375026232154554
crossing_90_d_1,570,gel_ped,1.2000000000000002,4,0.32020923858851935
crossing_90_d_1,570,gel_ped,1.6,4,0.49096067842336344
crossing_90_d_1,570,gel_ped,2.0,4,0.7527910419224084
crossing_90_d_1,570,gel_ped,2.4000000000000004,4,1.0979947911687704
crossing_90_d_1,570,gel_ped,2.8000000000000003,4,1.4425467069917637
crossing_90_d_1,570,gel_ped,3.2,4,1.7303870614868466
crossing_90_d_2,88,constant_velocity,0.4,4,0.11106257380692222
crossing_90_d_2,88,constant_velocity,0.8,4,0.20381935731716153
crossing_90_d_2,88,constant_velocity,1.2000000000000002,4,0.30753988202741817
crossing_90_d_2,88,constant_velocity,1.6,4,0.36263522958388417
crossing_90_d_2,88,constant_velocity,2.0,4,0.5243540999763415
crossing_90_d_2,88,constant_velocity,2.4000000000000004,4,0.5628053109493669
crossing_90_d_2,88,constant_velocity,2.8000000000000003,4,0.6901416905549703
crossing_90_d_2,88,constant_velocity,3.2,4,0.7318032492649882
crossing_90_d_2,88,direct_mlp,0.4,4,0.1632436246936019
crossing_90_d_2,88,direct_mlp,0.8,4,0.4097381125307562
crossing_90_d_2,88,direct_mlp,1.2000000000000002,4,0.6933671488349408
crossing_90_d_2,88,direct_mlp,1.6,4,1.0078738521682375
crossing_90_d_2,88,direct_mlp,2.0,4,1.3380246802019744
crossing_90_d_2,88,direct_mlp,2.4000000000000004,4,1.6819835489333974
crossing_90_d_2,88,direct_mlp,2.8000000000000003,4,2.020322242654136
crossing_90_d_2,88,direct_mlp,3.2,4,2.379575095853437
crossing_90_d_2,88,direct_routed_control,0.4,4,0.16341791878709472
crossing_90_d_2,88,direct_routed_control,0.8,4,0.41003071713455896
crossing_90_d_2,88,direct_routed_control,1.2000000000000002,4,0.6936528792127805
crossing_90_d_2,88,direct_routed_control,1.6,4,1.0080465453433707
crossing_90_d_2,88,direct_routed_control,2.0,4,1.3381045014367747
crossing_90_d_2,88,direct_routed_control,2.4000000000000004,4,1.681988547755866
crossing_90_d_2,88,direct_routed_control,2.8000000000000003,4,2.020279256762801
crossing_90_d_2,88,direct_routed_control,3.2,4,2.3794528368740906
crossing_90_d_2,88,tensor_prior,0.4,4,0.09387500243277047
crossing_90_d_2,88,tensor_prior,0.8,4,0.21053672413965113
crossing_90_d_2,88,tensor_prior,1.2000000000000002,4,0.35494869157572084
crossing_90_d_2,88,tensor_prior,1.6,4,0.5473602997764317
crossing_90_d_2,88,tensor_prior,2.0,4,0.7589102475907203
crossing_90_d_2,88,tensor_prior,2.4000000000000004,4,0.9925870971992166
crossing_90_d_2,88,tensor_prior,2.8000000000000003,4,1.2281174544280948
crossing_90_d_2,88,tensor_prior,3.2,4,1.4787652973017376
crossing_90_d_2,88,gel_ped,0.4,4,0.13125870122395522
crossing_90_d_2,88,gel_ped,0.8,4,0.2646201465604899
crossing_90_d_2,88,gel_ped,1.2000000000000002,4,0.4463699560749276
crossing_90_d_2,88,gel_ped,1.6,4,0.6872440286023791
crossing_90_d_2,88,gel_ped,2.0,4,0.9632313394337482
crossing_90_d_2,88,gel_ped,2.4000000000000004,4,1.2418574946589145
crossing_90_d_2,88,gel_ped,2.8000000000000003,4,1.5326412398029663
crossing_90_d_2,88,gel_ped,3.2,4,1.8222516108324993
crossing_90_d_2,128,constant_velocity,0.4,9,0.1715254786858811
crossing_90_d_2,128,constant_velocity,0.8,9,0.23442328897942127
crossing_90_d_2,128,constant_velocity,1.2000000000000002,9,0.4277230400998419
crossing_90_d_2,128,constant_velocity,1.6,9,0.5895789284914517
crossing_90_d_2,128,constant_velocity,2.0,9,0.7504164474164441
crossing_90_d_2,128,constant_velocity,2.4000000000000004,9,0.8943272705477104
crossing_90_d_2,128,constant_velocity,2.8000000000000003,9,1.0200711525824653
crossing_90_d_2,128,constant_velocity,3.2,9,1.157214525376407
crossing_90_d_2,128,direct_mlp,0.4,9,0.18644938648600856
crossing_90_d_2,128,direct_mlp,0.8,9,0.2873421725460728
crossing_90_d_2,128,direct_mlp,1.2000000000000002,9,0.5274822944028115
crossing_90_d_2,128,direct_mlp,1.6,9,0.7829907695406181
crossing_90_d_2,128,direct_mlp,2.0,9,1.0319046688991995
crossing_90_d_2,128,direct_mlp,2.4000000000000004,9,1.3320428612491613
crossing_90_d_2,128,direct_mlp,2.8000000000000003,9,1.5517546569592389
crossing_90_d_2,128,direct_mlp,3.2,9,1.7965715763621612
crossing_90_d_2,128,direct_routed_control,0.4,9,0.18650684576009097
crossing_90_d_2,128,direct_routed_control,0.8,9,0.2875085855449561
crossing_90_d_2,128,direct_routed_control,1.2000000000000002,9,0.5276319163673194
crossing_90_d_2,128,direct_routed_control,1.6,9,0.7830540339658947
crossing_90_d_2,128,direct_routed_control,2.0,9,1.0318983807806605
crossing_90_d_2,128,direct_routed_control,2.4000000000000004,9,1.3319730763681452
crossing_90_d_2,128,direct_routed_control,2.8000000000000003,9,1.5516535278081174
crossing_90_d_2,128,direct_routed_control,3.2,9,1.7964462932372693
crossing_90_d_2,128,tensor_prior,0.4,9,0.1565993909426443
crossing_90_d_2,128,tensor_prior,0.8,9,0.20872640664920342
crossing_90_d_2,128,tensor_prior,1.2000000000000002,9,0.34800601603948444
crossing_90_d_2,128,tensor_prior,1.6,9,0.486309294179987
crossing_90_d_2,128,tensor_prior,2.0,9,0.6076792856941431
crossing_90_d_2,128,tensor_prior,2.4000000000000004,9,0.7841833497260033
crossing_90_d_2,128,tensor_prior,2.8000000000000003,9,0.8744652619756088
crossing_90_d_2,128,tensor_prior,3.2,9,1.0074853391094163
crossing_90_d_2,128,gel_ped,0.4,9,0.17921949221653008
crossing_90_d_2,128,gel_ped,0.8,9,0.2540305702086456
crossing_90_d_2,128,gel_ped,1.2000000000000002,9,0.4392602787416419
crossing_90_d_2,128,gel_ped,1.6,9,0.6178513083093934
crossing_90_d_2,128,gel_ped,2.0,9,0.7940779501988833
crossing_90_d_2,128,gel_ped,2.4000000000000004,9,1.0144323658173109
crossing_90_d_2,128,gel_ped,2.8000000000000003,9,1.1332689618002734
crossing_90_d_2,128,gel_ped,3.2,9,1.3011975456737788
crossing_90_d_2,168,constant_velocity,0.4,12,0.10469249926804534
crossing_90_d_2,168,constant_velocity,0.8,12,0.2192685960609744
crossing_90_d_2,168,constant_velocity,1.2000000000000002,12,0.40710807643067626
crossing_90_d_2,168,constant_velocity,1.6,12,0.564298340825535
crossing_90_d_2,168,constant_velocity,2.0,12,0.6684558398586101
crossing_90_d_2,168,constant_velocity,2.4000000000000004,12,0.7515252601824262
crossing_90_d_2,168,constant_velocity,2.8000000000000003,12,0.7669311820418571
crossing_90_d_2,168,constant_velocity,3.2,12,0.8061413168495215
crossing_90_d_2,168,direct_mlp,0.4,12,0.1404138545384147
crossing_90_d_2,168,direct_mlp,0.8,12,0.3071982640725236
crossing_90_d_2,168,direct_mlp,1.2000000000000002,12,0.4689850558587298
crossing_90_d_2,168,direct_mlp,1.6,12,0.6789990931157606
crossing_90_d_2,168,direct_mlp,2.0,12,0.9221914013077183
crossing_90_d_2,168,direct_mlp,2.4000000000000004,12,1.194118412043765
crossing_90_d_2,168,direct_mlp,2.8000000000000003,12,1.4617720326647372
crossing_90_d_2,168,direct_mlp,3.2,12,1.7594013223803657
crossing_90_d_2,168,direct_routed_control,0.4,12,0.14049344670192285
crossing_90_d_2,168,direct_routed_control,0.8,12,0.3072611694788751
crossing_90_d_2,168,direct_routed_control,1.2000000000000002,12,0.4689739751286732
crossing_90_d_2,168,direct_routed_control,1.6,12,0.6789452748202306
crossing_90_d_2,168,direct_routed_control,2.0,12,0.9220711200833458
crossing_90_d_2,168,direct_routed_control,2.4000000000000004,12,1.1939044812177904
crossing_90_d_2,168,direct_routed_control,2.8000000000000003,12,1.4614333569342024
crossing_90_d_2,168,direct_routed_control,3.2,12,1.7588731356834346
crossing_90_d_2,168,tensor_prior,0.4,12,0.10482450023310484
crossing_90_d_2,168,tensor_prior,0.8,12,0.22773410972374378
crossing_90_d_2,168,tensor_prior,1.2000000000000002,12,0.345435402625641
crossing_90_d_2,168,tensor_prior,1.6,12,0.44667957203101044
crossing_90_d_2,168,tensor_prior,2.0,12,0.5476805531584804
crossing_90_d_2,168,tensor_prior,2.4000000000000004,12,0.659504494067042
crossing_90_d_2,168,tensor_prior,2.8000000000000003,12,0.7768050661208769
crossing_90_d_2,168,tensor_prior,3.2,12,0.9362012432967074
crossing_90_d_2,168,gel_ped,0.4,12,0.09620004141915994
crossing_90_d_2,168,gel_ped,0.8,12,0.22489423747415235
crossing_90_d_2,168,gel_ped,1.2000000000000002,12,0.3245169393135655
crossing_90_d_2,168,gel_ped,1.6,12,0.4379422053019366
crossing_90_d_2,168,gel_ped,2.0,12,0.5684450837215422
crossing_90_d_2,168,gel_ped,2.4000000000000004,12,0.7302787723081478
crossing_90_d_2,168,gel_ped,2.8000000000000003,12,0.9104429371703988
crossing_90_d_2,168,gel_ped,3.2,12,1.1342344919149818
crossing_90_d_2,208,constant_velocity,0.4,16,0.1459347340161451
crossing_90_d_2,208,constant_velocity,0.8,16,0.2565108203821391
crossing_90_d_2,208,constant_velocity,1.2000000000000002,16,0.4286274262095181
crossing_90_d_2,208,constant_velocity,1.6,16,0.598252931987878
crossing_90_d_2,208,constant_velocity,2.0,16,0.713532277813175
crossing_90_d_2,208,constant_velocity,2.4000000000000004,16,0.8738684857048649
crossing_90_d_2,208,constant_velocity,2.8000000000000003,16,0.965604913151902
crossing_90_d_2,208,constant_velocity,3.2,16,1.1025467267257354
crossing_90_d_2,208,direct_mlp,0.4,16,0.15972732117897015
crossing_90_d_2,208,direct_mlp,0.8,16,0.306107674452329
crossing_90_d_2,208,direct_mlp,1.2000000000000002,16,0.521461300833798
crossing_90_d_2,208,direct_mlp,1.6,16,0.7775347691775989
crossing_90_d_2,208,direct_mlp,2.0,16,1.064491172001073
crossing_90_d_2,208,direct_mlp,2.4000000000000004,16,1.3941281746340404
crossing_90_d_2,208,direct_mlp,2.8000000000000003,16,1.709797655326149
crossing_90_d_2,208,direct_mlp,3.2,16,2.059407983780203
crossing_90_d_2,208,direct_routed_control,0.4,16,0.15974143787084327
crossing_90_d_2,208,direct_routed_control,0.8,16,0.3060824471504182
crossing_90_d_2,208,direct_routed_control,1.2000000000000002,16,0.5213270322466085
crossing_90_d_2,208,direct_routed_control,1.6,16,0.7772936107659951
crossing_90_d_2,208,direct_routed_control,2.0,16,1.0641679220001645
crossing_90_d_2,208,direct_routed_control,2.4000000000000004,16,1.3937165165078576
crossing_90_d_2,208,direct_routed_control,2.8000000000000003,16,1.7092991490544165
crossing_90_d_2,208,direct_routed_control,3.2,16,2.0588250972006037
crossing_90_d_2,208,tensor_prior,0.4,16,0.13258145802340138
crossing_90_d_2,208,tensor_prior,0.8,16,0.23232027195132612
crossing_90_d_2,208,tensor_prior,1.2000000000000002,16,0.3670534791022109
crossing_90_d_2,208,tensor_prior,1.6,16,0.5330368781046383
crossing_90_d_2,208,tensor_prior,2.0,16,0.6741307291527611
crossing_90_d_2,208,tensor_prior,2.4000000000000004,16,0.8690772046226327
crossing_90_d_2,208,tensor_prior,2.8000000000000003,16,1.0748341949000675
crossing_90_d_2,208,tensor_prior,3.2,16,1.3264730462342236
crossing_90_d_2,208,gel_ped,0.4,16,0.1362765732473712
crossing_90_d_2,208,gel_ped,0.8,16,0.25966238067032976
crossing_90_d_2,208,gel_ped,1.2000000000000002,16,0.431906201305525
crossing_90_d_2,208,gel_ped,1.6,16,0.6394901899466884
crossing_90_d_2,208,gel_ped,2.0,16,0.8365867409512837
crossing_90_d_2,208,gel_ped,2.4000000000000004,16,1.0833975313660518
crossing_90_d_2,208,gel_ped,2.8000000000000003,16,1.3179567976741136
crossing_90_d_2,208,gel_ped,3.2,16,1.597661599971039
crossing_90_d_2,248,constant_velocity,0.4,19,0.11321149246699833
crossing_90_d_2,248,constant_velocity,0.8,19,0.2320262854692563
crossing_90_d_2,248,constant_velocity,1.2000000000000002,19,0.3536533354617189
crossing_90_d_2,248,constant_velocity,1.6,19,0.5158554031398024
crossing_90_d_2,248,constant_velocity,2.0,19,0.6338366570820813
crossing_90_d_2,248,constant_velocity,2.4000000000000004,19,0.7359350844199736
crossing_90_d_2,248,constant_velocity,2.8000000000000003,19,0.8413369750238808
crossing_90_d_2,248,constant_velocity,3.2,19,0.9438634748699737
crossing_90_d_2,248,direct_mlp,0.4,19,0.14583455039267187
crossing_90_d_2,248,direct_mlp,0.8,19,0.33138722633180023
crossing_90_d_2,248,direct_mlp,1.2000000000000002,19,0.5558993988118605
crossing_90_d_2,248,direct_mlp,1.6,19,0.8261190251019501
crossing_90_d_2,248,direct_mlp,2.0,19,1.1223396533228418
crossing_90_d_2,248,direct_mlp,2.4000000000000004,19,1.4127112932439583
crossing_90_d_2,248,direct_mlp,2.8000000000000003,19,1.7148106638641722
crossing_90_d_2,248,direct_mlp,3.2,19,2.0329504280719277
crossing_90_d_2,248,direct_routed_control,0.4,19,0.14589821842942216
crossing_90_d_2,248,direct_routed_control,0.8,19,0.33151422910843703
crossing_90_d_2,248,direct_routed_control,1.2000000000000002,19,0.5559918340787702
crossing_90_d_2,248,direct_routed_control,1.6,19,0.8261358243830529
crossing_90_d_2,248,direct_routed_control,2.0,19,1.1222972732918215
crossing_90_d_2,248,direct_routed_control,2.4000000000000004,19,1.4126005643896544
crossing_90_d_2,248,direct_routed_control,2.8000000000000003,19,1.7146195436645504
crossing_90_d_2,248,direct_routed_control,3.2,19,2.0327012532802438
crossing_90_d_2,248,tensor_prior,0.4,19,0.10752060165096637
crossing_90_d_2,248,tensor_prior,0.8,19,0.2202783810678122
crossing_90_d_2,248,tensor_prior,1.2000000000000002,19,0.3510467342444063
crossing_90_d_2,248,tensor_prior,1.6,19,0.5042738556184174
crossing_90_d_2,248,tensor_prior,2.0,19,0.6502793203337464
crossing_90_d_2,248,tensor_prior,2.4000000000000004,19,0.8228583726900173
crossing_90_d_2,248,tensor_prior,2.8000000000000003,19,1.0213670618164299
crossing_90_d_2,248,tensor_prior,3.2,19,1.2293494953075335
crossing_90_d_2,248,gel_ped,0.4,19,0.11587155242174617
crossing_90_d_2,248,gel_ped,0.8,19,0.2450587113899861
crossing_90_d_2,248,gel_ped,1.2000000000000002,19,0.38875911607401575
crossing_90_d_2,248,gel_ped,1.6,19,0.5732278204108621
crossing_90_d_2,248,gel_ped,2.0,19,0.7844090392602139
crossing_90_d_2,248,gel_ped,2.4000000000000004,19,1.0014291983888373
crossing_90_d_2,248,gel_ped,2.8000000000000003,19,1.2309408841309264
crossing_90_d_2,248,gel_ped,3.2,19,1.4819311170065363
crossing_90_d_2,288,constant_velocity,0.4,14,0.1271767734704317
crossing_90_d_2,288,constant_velocity,0.8,14,0.2640277466069583
crossing_90_d_2,288,constant_velocity,1.2000000000000002,14,0.47184894148211276
crossing_90_d_2,288,constant_velocity,1.6,14,0.6622775264563704
crossing_90_d_2,288,constant_velocity,2.0,14,0.7868508777634291
crossing_90_d_2,288,constant_velocity,2.4000000000000004,14,0.9174847588804175
crossing_90_d_2,288,constant_velocity,2.8000000000000003,14,1.0433855207046008
crossing_90_d_2,288,constant_velocity,3.2,14,1.2242462735926531
crossing_90_d_2,288,direct_mlp,0.4,14,0.16635122552331302
crossing_90_d_2,288,direct_mlp,0.8,14,0.3494418803189068
crossing_90_d_2,288,direct_mlp,1.2000000000000002,14,0.6116567407561225
crossing_90_d_2,288,direct_mlp,1.6,14,0.865619142733073
crossing_90_d_2,288,direct_mlp,2.0,14,1.136380277439257
crossing_90_d_2,288,direct_mlp,2.4000000000000004,14,1.4244869147728298
crossing_90_d_2,288,direct_mlp,2.8000000000000003,14,1.7685948404265572
crossing_90_d_2,288,direct_mlp,3.2,14,2.1438222685512516
crossing_90_d_2,288,direct_routed_control,0.4,14,0.16644611537249157
crossing_90_d_2,288,direct_routed_control,0.8,14,0.3495156063948471
crossing_90_d_2,288,direct_routed_control,1.2000000000000002,14,0.6116831228514888
crossing_90_d_2,288,direct_routed_control,1.6,14,0.8655481803227479
crossing_90_d_2,288,direct_routed_control,2.0,14,1.1362190857255874
crossing_90_d_2,288,direct_routed_control,2.4000000000000004,14,1.4242744833659837
crossing_90_d_2,288,direct_routed_control,2.8000000000000003,14,1.7684110842121454
crossing_90_d_2,288,direct_routed_control,3.2,14,2.1436314930409823
crossing_90_d_2,288,tensor_prior,0.4,14,0.11543334377240234
crossing_90_d_2,288,tensor_prior,0.8,14,0.242703175965964
crossing_90_d_2,288,tensor_prior,1.2000000000000002,14,0.43744753400943454
crossing_90_d_2,288,tensor_prior,1.6,14,0.6037094604469374
crossing_90_d_2,288,tensor_prior,2.0,14,0.7370017728853969
crossing_90_d_2,288,tensor_prior,2.4000000000000004,14,0.8787348059192489
crossing_90_d_2,288,tensor_prior,2.8000000000000003,14,1.0789957161479005
crossing_90_d_2,288,tensor_prior,3.2,14,1.2997609986385439
crossing_90_d_2,288,gel_ped,0.4,14,0.13096165274516205
crossing_90_d_2,288,gel_ped,0.8,14,0.2826671546962061
crossing_90_d_2,288,gel_ped,1.2000000000000002,14,0.4970521946007723
crossing_90_d_2,288,gel_ped,1.6,14,0.7018722546311091
crossing_90_d_2,288,gel_ped,2.0,14,0.9037113124270592
crossing_90_d_2,288,gel_ped,2.4000000000000004,14,1.1021854725646594
crossing_90_d_2,288,gel_ped,2.8000000000000003,14,1.327070489430085
crossing_90_d_2,288,gel_ped,3.2,14,1.585290644641731
crossing_90_d_2,328,constant_velocity,0.4,14,0.13023316449182928
crossing_90_d_2,328,constant_velocity,0.8,14,0.2615485979094767
crossing_90_d_2,328,constant_velocity,1.2000000000000002,14,0.4178731213629306
crossing_90_d_2,328,constant_velocity,1.6,14,0.5567064209967473
crossing_90_d_2,328,constant_velocity,2.0,14,0.652083051806464
crossing_90_d_2,328,constant_velocity,2.4000000000000004,14,0.7790647132084916
crossing_90_d_2,328,constant_velocity,2.8000000000000003,14,0.860515375518354
crossing_90_d_2,328,constant_velocity,3.2,14,0.9340705449765537
crossing_90_d_2,328,direct_mlp,0.4,14,0.1539916690985736
crossing_90_d_2,328,direct_mlp,0.8,14,0.33523096225480786
crossing_90_d_2,328,direct_mlp,1.2000000000000002,14,0.5539040516320332
crossing_90_d_2,328,direct_mlp,1.6,14,0.7962722287721945
crossing_90_d_2,328,direct_mlp,2.0,14,1.0441168605934503
crossing_90_d_2,328,direct_mlp,2.4000000000000004,14,1.396605887277888
crossing_90_d_2,328,direct_mlp,2.8000000000000003,14,1.7552240607308096
crossing_90_d_2,328,direct_mlp,3.2,14,2.12917999677275
crossing_90_d_2,328,direct_routed_control,0.4,14,0.15406450328390592
crossing_90_d_2,328,direct_routed_control,0.8,14,0.3353326738601261
crossing_90_d_2,328,direct_routed_control,1.2000000000000002,14,0.5540278770638901
crossing_90_d_2,328,direct_routed_control,1.6,14,0.7962892051922351
crossing_90_d_2,328,direct_routed_control,2.0,14,1.0440255154922418
crossing_90_d_2,328,direct_routed_control,2.4000000000000004,14,1.3964197636502127
crossing_90_d_2,328,direct_routed_control,2.8000000000000003,14,1.7549229981425025
crossing_90_d_2,328,direct_routed_control,3.2,14,2.128752665801682
crossing_90_d_2,328,tensor_prior,0.4,14,0.11555590649233134
crossing_90_d_2,328,tensor_prior,0.8,14,0.23642645936044956
crossing_90_d_2,328,tensor_prior,1.2000000000000002,14,0.37547221454811286
crossing_90_d_2,328,tensor_prior,1.6,14,0.5365470129879008
crossing_90_d_2,328,tensor_prior,2.0,14,0.6763784207651521
crossing_90_d_2,328,tensor_prior,2.4000000000000004,14,0.8752783815011745
crossing_90_d_2,328,tensor_prior,2.8000000000000003,14,1.0716941556383792
crossing_90_d_2,328,tensor_prior,3.2,14,1.28204541556255
crossing_90_d_2,328,gel_ped,0.4,14,0.11820754853076788
crossing_90_d_2,328,gel_ped,0.8,14,0.23073300247565115
crossing_90_d_2,328,gel_ped,1.2000000000000002,14,0.3648045656898144
crossing_90_d_2,328,gel_ped,1.6,14,0.5291739281645527
crossing_90_d_2,328,gel_ped,2.0,14,0.6728744888992338
crossing_90_d_2,328,gel_ped,2.4000000000000004,14,0.9284141667609307
crossing_90_d_2,328,gel_ped,2.8000000000000003,14,1.1875854650852593
crossing_90_d_2,328,gel_ped,3.2,14,1.4610636219709872
crossing_90_d_2,368,constant_velocity,0.4,14,0.1744213197198458
crossing_90_d_2,368,constant_velocity,0.8,14,0.3280803695442273
crossing_90_d_2,368,constant_velocity,1.2000000000000002,14,0.5301656896419924
crossing_90_d_2,368,constant_velocity,1.6,14,0.7324650648355974
crossing_90_d_2,368,constant_velocity,2.0,14,0.8601862009677267
crossing_90_d_2,368,constant_velocity,2.4000000000000004,14,0.9519039490759624
crossing_90_d_2,368,constant_velocity,2.8000000000000003,14,1.0486677434627345
crossing_90_d_2,368,constant_velocity,3.2,14,1.1407298369847185
crossing_90_d_2,368,direct_mlp,0.4,14,0.15805006628720794
crossing_90_d_2,368,direct_mlp,0.8,14,0.28317734713055587
crossing_90_d_2,368,direct_mlp,1.2000000000000002,14,0.48953534287350703
crossing_90_d_2,368,direct_mlp,1.6,14,0.7080683036157929
crossing_90_d_2,368,direct_mlp,2.0,14,0.942022792658159
crossing_90_d_2,368,direct_mlp,2.4000000000000004,14,1.208840753311499
crossing_90_d_2,368,direct_mlp,2.8000000000000003,14,1.5326217811280523
crossing_90_d_2,368,direct_mlp,3.2,14,1.885196746648054
crossing_90_d_2,368,direct_routed_control,0.4,14,0.15807696235801164
crossing_90_d_2,368,direct_routed_control,0.8,14,0.2831663078871786
crossing_90_d_2,368,direct_routed_control,1.2000000000000002,14,0.4894550492120636
crossing_90_d_2,368,direct_routed_control,1.6,14,0.7078906775888554
crossing_90_d_2,368,direct_routed_control,2.0,14,0.9417589537632466
crossing_90_d_2,368,direct_routed_control,2.4000000000000004,14,1.2084807574492245
crossing_90_d_2,368,direct_routed_control,2.8000000000000003,14,1.532187969261388
crossing_90_d_2,368,direct_routed_control,3.2,14,1.8846966867513388
crossing_90_d_2,368,tensor_prior,0.4,14,0.13989399172401307
crossing_90_d_2,368,tensor_prior,0.8,14,0.2390659208274221
crossing_90_d_2,368,tensor_prior,1.2000000000000002,14,0.4022272943313171
crossing_90_d_2,368,tensor_prior,1.6,14,0.5433286055947584
crossing_90_d_2,368,tensor_prior,2.0,14,0.642230150828438
crossing_90_d_2,368,tensor_prior,2.4000000000000004,14,0.7172586087180667
crossing_90_d_2,368,tensor_prior,2.8000000000000003,14,0.8393669326869151
crossing_90_d_2,368,tensor_prior,3.2,14,1.0272592760063453
crossing_90_d_2,368,gel_ped,0.4,14,0.13865019760816094
crossing_90_d_2,368,gel_ped,0.8,14,0.2612948631794412
crossing_90_d_2,368,gel_ped,1.2000000000000002,14,0.4413570483140924
crossing_90_d_2,368,gel_ped,1.6,14,0.6232899164269278
crossing_90_d_2,368,gel_ped,2.0,14,0.7487222572505042
crossing_90_d_2,368,gel_ped,2.4000000000000004,14,0.8973798687903801
crossing_90_d_2,368,gel_ped,2.8000000000000003,14,1.1007444101194757
crossing_90_d_2,368,gel_ped,3.2,14,1.3349394542000534
crossing_90_d_2,408,constant_velocity,0.4,14,0.13218103687112287
crossing_90_d_2,408,constant_velocity,0.8,14,0.2798686076638824
crossing_90_d_2,408,constant_velocity,1.2000000000000002,14,0.4143541018439035
crossing_90_d_2,408,constant_velocity,1.6,14,0.5208631607861133
crossing_90_d_2,408,constant_velocity,2.0,14,0.5895836051936679
crossing_90_d_2,408,constant_velocity,2.4000000000000004,14,0.6592781858497438
crossing_90_d_2,408,constant_velocity,2.8000000000000003,14,0.6956270471798253
crossing_90_d_2,408,constant_velocity,3.2,14,0.8039790144167187
crossing_90_d_2,408,direct_mlp,0.4,14,0.17329469837861908
crossing_90_d_2,408,direct_mlp,0.8,14,0.3944431429211156
crossing_90_d_2,408,direct_mlp,1.2000000000000002,14,0.6158481432673449
crossing_90_d_2,408,direct_mlp,1.6,14,0.8392072123602112
crossing_90_d_2,408,direct_mlp,2.0,14,1.0766587240570105
crossing_90_d_2,408,direct_mlp,2.4000000000000004,14,1.375538191080515
crossing_90_d_2,408,direct_mlp,2.8000000000000003,14,1.71578563227375
crossing_90_d_2,408,direct_mlp,3.2,14,2.0666482183978796
crossing_90_d_2,408,direct_routed_control,0.4,14,0.17334581960277573
crossing_90_d_2,408,direct_routed_control,0.8,14,0.39447021815973254
crossing_90_d_2,408,direct_routed_control,1.2000000000000002,14,0.6158216098622837
crossing_90_d_2,408,direct_routed_control,1.6,14,0.8390793935589231
crossing_90_d_2,408,direct_routed_control,2.0,14,1.0763961153639425
crossing_90_d_2,408,direct_routed_control,2.4000000000000004,14,1.3751663504968474
crossing_90_d_2,408,direct_routed_control,2.8000000000000003,14,1.7153197129455606
crossing_90_d_2,408,direct_routed_control,3.2,14,2.0660819189813955
crossing_90_d_2,408,tensor_prior,0.4,14,0.12971104834335762
crossing_90_d_2,408,tensor_prior,0.8,14,0.27968981779190166
crossing_90_d_2,408,tensor_prior,1.2000000000000002,14,0.4115640048994763
crossing_90_d_2,408,tensor_prior,1.6,14,0.5202151855925444
crossing_90_d_2,408,tensor_prior,2.0,14,0.621384877333542
crossing_90_d_2,408,tensor_prior,2.4000000000000004,14,0.7457265734578792
crossing_90_d_2,408,tensor_prior,2.8000000000000003,14,0.9536971765173848
crossing_90_d_2,408,tensor_prior,3.2,14,1.188353779629098
crossing_90_d_2,408,gel_ped,0.4,14,0.1411255587704374
crossing_90_d_2,408,gel_ped,0.8,14,0.3216892181530905
crossing_90_d_2,408,gel_ped,1.2000000000000002,14,0.495834106078704
crossing_90_d_2,408,gel_ped,1.6,14,0.6485684720085038
crossing_90_d_2,408,gel_ped,2.0,14,0.7938302777368828
crossing_90_d_2,408,gel_ped,2.4000000000000004,14,0.9716112889847149
crossing_90_d_2,408,gel_ped,2.8000000000000003,14,1.2094478119498058
crossing_90_d_2,408,gel_ped,3.2,14,1.4632480959874348
crossing_90_d_2,448,constant_velocity,0.4,13,0.130860419115256
crossing_90_d_2,448,constant_velocity,0.8,13,0.2791198804632789
crossing_90_d_2,448,constant_velocity,1.2000000000000002,13,0.408781943936556
crossing_90_d_2,448,constant_velocity,1.6,13,0.5304282922175951
crossing_90_d_2,448,constant_velocity,2.0,13,0.600754215321545
crossing_90_d_2,448,constant_velocity,2.4000000000000004,13,0.7130416470331986
crossing_90_d_2,448,constant_velocity,2.8000000000000003,13,0.8146126508295171
crossing_90_d_2,448,constant_velocity,3.2,13,0.8903566859084329
crossing_90_d_2,448,direct_mlp,0.4,13,0.15299160943372542
crossing_90_d_2,448,direct_mlp,0.8,13,0.3669529390324978
crossing_90_d_2,448,direct_mlp,1.2000000000000002,13,0.6342251762924106
crossing_90_d_2,448,direct_mlp,1.6,13,0.9123087741709175
crossing_90_d_2,448,direct_mlp,2.0,13,1.201131182372981
crossing_90_d_2,448,direct_mlp,2.4000000000000004,13,1.4616379246304425
crossing_90_d_2,448,direct_mlp,2.8000000000000003,13,1.7306635300453064
crossing_90_d_2,448,direct_mlp,3.2,13,2.015396990514148
crossing_90_d_2,448,direct_routed_control,0.4,13,0.1530389327227219
crossing_90_d_2,448,direct_routed_control,0.8,13,0.36699716511809866
crossing_90_d_2,448,direct_routed_control,1.2000000000000002,13,0.6342342477801675
crossing_90_d_2,448,direct_routed_control,1.6,13,0.9122562342457639
crossing_90_d_2,448,direct_routed_control,2.0,13,1.2010145408569204
crossing_90_d_2,448,direct_routed_control,2.4000000000000004,13,1.4614340867745663
crossing_90_d_2,448,direct_routed_control,2.8000000000000003,13,1.7303792392845394
crossing_90_d_2,448,direct_routed_control,3.2,13,2.0150506643116364
crossing_90_d_2,448,tensor_prior,0.4,13,0.12170939629652418
crossing_90_d_2,448,tensor_prior,0.8,13,0.28417980332659526
crossing_90_d_2,448,tensor_prior,1.2000000000000002,13,0.4556030740432932
crossing_90_d_2,448,tensor_prior,1.6,13,0.6257705105416597
crossing_90_d_2,448,tensor_prior,2.0,13,0.8039195352086984
crossing_90_d_2,448,tensor_prior,2.4000000000000004,13,0.9698006629149515
crossing_90_d_2,448,tensor_prior,2.8000000000000003,13,1.1473805871823985
crossing_90_d_2,448,tensor_prior,3.2,13,1.3511520005434448
crossing_90_d_2,448,gel_ped,0.4,13,0.11640868305023239
crossing_90_d_2,448,gel_ped,0.8,13,0.27834272744045846
crossing_90_d_2,448,gel_ped,1.2000000000000002,13,0.45322146435041255
crossing_90_d_2,448,gel_ped,1.6,13,0.6497058778582615
crossing_90_d_2,448,gel_ped,2.0,13,0.8746954370523297
crossing_90_d_2,448,gel_ped,2.4000000000000004,13,1.079133933388812
crossing_90_d_2,448,gel_ped,2.8000000000000003,13,1.2951583017412778
crossing_90_d_2,448,gel_ped,3.2,13,1.5360631135385634
crossing_90_d_2,488,constant_velocity,0.4,12,0.10085699955929021
crossing_90_d_2,488,constant_velocity,0.8,12,0.15495967144215678
crossing_90_d_2,488,constant_velocity,1.2000000000000002,12,0.23628523568744286
crossing_90_d_2,488,constant_velocity,1.6,12,0.30156735777627175
crossing_90_d_2,488,constant_velocity,2.0,12,0.36784014713901053
crossing_90_d_2,488,constant_velocity,2.4000000000000004,12,0.4222629923744364
crossing_90_d_2,488,constant_velocity,2.8000000000000003,12,0.5084853584116381
crossing_90_d_2,488,constant_velocity,3.2,12,0.6167789827965727
crossing_90_d_2,488,direct_mlp,0.4,12,0.1515955755261106
crossing_90_d_2,488,direct_mlp,0.8,12,0.27744302348177186
crossing_90_d_2,488,direct_mlp,1.2000000000000002,12,0.4347024042339685
crossing_90_d_2,488,direct_mlp,1.6,12,0.6814692566737373
crossing_90_d_2,488,direct_mlp,2.0,12,0.9802021339608259
crossing_90_d_2,488,direct_mlp,2.4000000000000004,12,1.335864955945193
crossing_90_d_2,488,direct_mlp,2.8000000000000003,12,1.6855914323558903
crossing_90_d_2,488,direct_mlp,3.2,12,2.039004464589071
crossing_90_d_2,488,direct_routed_control,0.4,12,0.15173462011226854
crossing_90_d_2,488,direct_routed_control,0.8,12,0.27767917033647493
crossing_90_d_2,488,direct_routed_control,1.2000000000000002,12,0.4349498417501747
crossing_90_d_2,488,direct_routed_control,1.6,12,0.6816675515624523
crossing_90_d_2,488,direct_routed_control,2.0,12,0.9803491765122962
crossing_90_d_2,488,direct_routed_control,2.4000000000000004,12,1.3359269558453164
crossing_90_d_2,488,direct_routed_control,2.8000000000000003,12,1.6855769414958406
crossing_90_d_2,488,direct_routed_control,3.2,12,2.038926802409287
crossing_90_d_2,488,tensor_prior,0.4,12,0.10285602933082373
crossing_90_d_2,488,tensor_prior,0.8,12,0.15425262177886281
crossing_90_d_2,488,tensor_prior,1.2000000000000002,12,0.22246959199608948
crossing_90_d_2,488,tensor_prior,1.6,12,0.340463977115512
crossing_90_d_2,488,tensor_prior,2.0,12,0.5219529146221539
crossing_90_d_2,488,tensor_prior,2.4000000000000004,12,0.7249292900046028
crossing_90_d_2,488,tensor_prior,2.8000000000000003,12,0.9444186624758782
crossing_90_d_2,488,tensor_prior,3.2,12,1.1801653464465651
crossing_90_d_2,488,gel_ped,0.4,12,0.09931180799991524
crossing_90_d_2,488,gel_ped,0.8,12,0.15070248774535047
crossing_90_d_2,488,gel_ped,1.2000000000000002,12,0.2372729835773336
crossing_90_d_2,488,gel_ped,1.6,12,0.39497483673518263
crossing_90_d_2,488,gel_ped,2.0,12,0.6193543140665597
crossing_90_d_2,488,gel_ped,2.4000000000000004,12,0.8763798717066308
crossing_90_d_2,488,gel_ped,2.8000000000000003,12,1.1372455183487464
crossing_90_d_2,488,gel_ped,3.2,12,1.4125002104192934
crossing_90_d_2,528,constant_velocity,0.4,13,0.13736647997416493
crossing_90_d_2,528,constant_velocity,0.8,13,0.28970648581613895
crossing_90_d_2,528,constant_velocity,1.2000000000000002,13,0.4128447210186055
crossing_90_d_2,528,constant_velocity,1.6,13,0.5738889402160852
crossing_90_d_2,528,constant_velocity,2.0,13,0.7172245967646546
crossing_90_d_2,528,constant_velocity,2.4000000000000004,13,0.8305558572463083
crossing_90_d_2,528,constant_velocity,2.8000000000000003,13,0.9786948897944885
crossing_90_d_2,528,constant_velocity,3.2,13,1.0928333006431818
crossing_90_d_2,528,direct_mlp,0.4,13,0.17738905020484455
crossing_90_d_2,528,direct_mlp,0.8,13,0.3921041364595504
crossing_90_d_2,528,direct_mlp,1.2000000000000002,13,0.6566413603462304
crossing_90_d_2,528,direct_mlp,1.6,13,0.9459808172241491
crossing_90_d_2,528,direct_mlp,2.0,13,1.2518729438077327
crossing_90_d_2,528,direct_mlp,2.4000000000000004,13,1.526977383003429
crossing_90_d_2,528,direct_mlp,2.8000000000000003,13,1.8268851706020806
crossing_90_d_2,528,direct_mlp,3.2,13,2.1029140352851345
crossing_90_d_2,528,direct_routed_control,0.4,13,0.1774985991967062
crossing_90_d_2,528,direct_routed_control,0.8,13,0.3923030981367618
crossing_90_d_2,528,direct_routed_control,1.2000000000000002,13,0.6568417154754372
crossing_90_d_2,528,direct_routed_control,1.6,13,0.9461332107341472
crossing_90_d_2,528,direct_routed_control,2.0,13,1.2520358815823012
crossing_90_d_2,528,direct_routed_control,2.4000000000000004,13,1.5270590218228899
crossing_90_d_2,528,direct_routed_control,2.8000000000000003,13,1.8268399646433762
crossing_90_d_2,528,direct_routed_control,3.2,13,2.102732448165751
crossing_90_d_2,528,tensor_prior,0.4,13,0.12018015637928713
crossing_90_d_2,528,tensor_prior,0.8,13,0.24030391883533261
crossing_90_d_2,528,tensor_prior,1.2000000000000002,13,0.366030606929572
crossing_90_d_2,528,tensor_prior,1.6,13,0.5265121107708703
crossing_90_d_2,528,tensor_prior,2.0,13,0.7150976895186254
crossing_90_d_2,528,tensor_prior,2.4000000000000004,13,0.850349130974632
crossing_90_d_2,528,tensor_prior,2.8000000000000003,13,1.0174375260600927
crossing_90_d_2,528,tensor_prior,3.2,13,1.148288735262857
crossing_90_d_2,528,gel_ped,0.4,13,0.1308719995421283
crossing_90_d_2,528,gel_ped,0.8,13,0.2663376979166803
crossing_90_d_2,528,gel_ped,1.2000000000000002,13,0.41480466778201447
crossing_90_d_2,528,gel_ped,1.6,13,0.5899088792365952
crossing_90_d_2,528,gel_ped,2.0,13,0.7875657842002146
crossing_90_d_2,528,gel_ped,2.4000000000000004,13,0.954816370036802
crossing_90_d_2,528,gel_ped,2.8000000000000003,13,1.1622451098718267
crossing_90_d_2,528,gel_ped,3.2,13,1.3495439375669713
crossing_90_d_3,95,constant_velocity,0.4,6,0.09406030130143894
crossing_90_d_3,95,constant_velocity,0.8,6,0.15533127162377805
crossing_90_d_3,95,constant_velocity,1.2000000000000002,6,0.2591943962445112
crossing_90_d_3,95,constant_velocity,1.6,6,0.4038057486876117
crossing_90_d_3,95,constant_velocity,2.0,6,0.5492774473865741
crossing_90_d_3,95,constant_velocity,2.4000000000000004,6,0.6911372175591955
crossing_90_d_3,95,constant_velocity,2.8000000000000003,6,0.8157312590253762
crossing_90_d_3,95,constant_velocity,3.2,6,0.873494381955256
crossing_90_d_3,95,direct_mlp,0.4,6,0.14725958976817877
crossing_90_d_3,95,direct_mlp,0.8,6,0.358254192587763
crossing_90_d_3,95,direct_mlp,1.2000000000000002,6,0.6267905043227929
crossing_90_d_3,95,direct_mlp,1.6,6,0.898084605388393
crossing_90_d_3,95,direct_mlp,2.0,6,1.1636585004675755
crossing_90_d_3,95,direct_mlp,2.4000000000000004,6,1.4102330394878348
crossing_90_d_3,95,direct_mlp,2.8000000000000003,6,1.7507156022684784
crossing_90_d_3,95,direct_mlp,3.2,6,2.1412806599401053
crossing_90_d_3,95,direct_routed_control,0.4,6,0.14841470856721592
crossing_90_d_3,95,direct_routed_control,0.8,6,0.36049341784770655
crossing_90_d_3,95,direct_routed_control,1.2000000000000002,6,0.6292594876295371
crossing_90_d_3,95,direct_routed_control,1.6,6,0.9000651896131426
crossing_90_d_3,95,direct_routed_control,2.0,6,1.165234484006958
crossing_90_d_3,95,direct_routed_control,2.4000000000000004,6,1.4113616029225164
crossing_90_d_3,95,direct_routed_control,2.8000000000000003,6,1.7512770399724074
crossing_90_d_3,95,direct_routed_control,3.2,6,2.1413339911228255
crossing_90_d_3,95,tensor_prior,0.4,6,0.06470806696415037
crossing_90_d_3,95,tensor_prior,0.8,6,0.08864120751585765
crossing_90_d_3,95,tensor_prior,1.2000000000000002,6,0.1963140271731191
crossing_90_d_3,95,tensor_prior,1.6,6,0.3140392764682876
crossing_90_d_3,95,tensor_prior,2.0,6,0.4234090076977228
crossing_90_d_3,95,tensor_prior,2.4000000000000004,6,0.5345748624298564
crossing_90_d_3,95,tensor_prior,2.8000000000000003,6,0.6716550464621424
crossing_90_d_3,95,tensor_prior,3.2,6,0.8382031266021507
crossing_90_d_3,95,gel_ped,0.4,6,0.06193972449254667
crossing_90_d_3,95,gel_ped,0.8,6,0.10096041252505313
crossing_90_d_3,95,gel_ped,1.2000000000000002,6,0.18697490239462103
crossing_90_d_3,95,gel_ped,1.6,6,0.3155768608559439
crossing_90_d_3,95,gel_ped,2.0,6,0.4760874030582081
crossing_90_d_3,95,gel_ped,2.4000000000000004,6,0.6259744733404088
crossing_90_d_3,95,gel_ped,2.8000000000000003,6,0.8448842965861441
crossing_90_d_3,95,gel_ped,3.2,6,1.0665228053606464
crossing_90_d_3,135,constant_velocity,0.4,12,0.10720470110647407
crossing_90_d_3,135,constant_velocity,0.8,12,0.2595557018644697
crossing_90_d_3,135,constant_velocity,1.2000000000000002,12,0.40288542897344715
crossing_90_d_3,135,constant_velocity,1.6,12,0.532953131603625
crossing_90_d_3,135,constant_velocity,2.0,12,0.6452375368050224
crossing_90_d_3,135,constant_velocity,2.4000000000000004,12,0.7677045003431507
crossing_90_d_3,135,constant_velocity,2.8000000000000003,12,0.8481360531316321
crossing_90_d_3,135,constant_velocity,3.2,12,0.9134237185834974
crossing_90_d_3,135,direct_mlp,0.4,12,0.1613913775215836
crossing_90_d_3,135,direct_mlp,0.8,12,0.3540731509607811
crossing_90_d_3,135,direct_mlp,1.2000000000000002,12,0.60566638234759
crossing_90_d_3,135,direct_mlp,1.6,12,0.8827485498744947
crossing_90_d_3,135,direct_mlp,2.0,12,1.1960161372772897
crossing_90_d_3,135,direct_mlp,2.4000000000000004,12,1.5751351720193576
crossing_90_d_3,135,direct_mlp,2.8000000000000003,12,1.9756520791938001
crossing_90_d_3,135,direct_mlp,3.2,12,2.4120178708262046
crossing_90_d_3,135,direct_routed_control,0.4,12,0.16228778217680478
crossing_90_d_3,135,direct_routed_control,0.8,12,0.3557772234529808
crossing_90_d_3,135,direct_routed_control,1.2000000000000002,12,0.6075625152844139
crossing_90_d_3,135,direct_routed_control,1.6,12,0.8843069538062814
crossing_90_d_3,135,direct_routed_control,2.0,12,1.1974536482783336
crossing_90_d_3,135,direct_routed_control,2.4000000000000004,12,1.5764020250056516
crossing_90_d_3,135,direct_routed_control,2.8000000000000003,12,1.9768194212682886
crossing_90_d_3,135,direct_routed_control,3.2,12,2.4130504683370546
crossing_90_d_3,135,tensor_prior,0.4,12,0.13237870719276973
crossing_90_d_3,135,tensor_prior,0.8,12,0.29993701250870547
crossing_90_d_3,135,tensor_prior,1.2000000000000002,12,0.4979170222502735
crossing_90_d_3,135,tensor_prior,1.6,12,0.6731126437110478
crossing_90_d_3,135,tensor_prior,2.0,12,0.82984913918235
crossing_90_d_3,135,tensor_prior,2.4000000000000004,12,1.0622332671757935
crossing_90_d_3,135,tensor_prior,2.8000000000000003,12,1.3650371082309263
crossing_90_d_3,135,tensor_prior,3.2,12,1.7186351732988623
crossing_90_d_3,135,gel_ped,0.4,12,0.10086964414551824
crossing_90_d_3,135,gel_ped,0.8,12,0.23772556006926415
crossing_90_d_3,135,gel_ped,1.2000000000000002,12,0.4034127237174554
crossing_90_d_3,135,gel_ped,1.6,12,0.5630825067700033
crossing_90_d_3,135,gel_ped,2.0,12,0.7184385802211048
crossing_90_d_3,135,gel_ped,2.4000000000000004,12,0.9604793441720093
crossing_90_d_3,135,gel_ped,2.8000000000000003,12,1.2346566037282012
crossing_90_d_3,135,gel_ped,3.2,12,1.5714075270318755
crossing_90_d_3,175,constant_velocity,0.4,15,0.17433535202547296
crossing_90_d_3,175,constant_velocity,0.8,15,0.3499583148899756
crossing_90_d_3,175,constant_velocity,1.2000000000000002,15,0.5493310325178692
crossing_90_d_3,175,constant_velocity,1.6,15,0.7464164106367771
crossing_90_d_3,175,constant_velocity,2.0,15,0.9205952635065465
crossing_90_d_3,175,constant_velocity,2.4000000000000004,15,1.113806114336853
crossing_90_d_3,175,constant_velocity,2.8000000000000003,15,1.2655106683401585
crossing_90_d_3,175,constant_velocity,3.2,15,1.4398929665241214
crossing_90_d_3,175,direct_mlp,0.4,15,0.17578635317813351
crossing_90_d_3,175,direct_mlp,0.8,15,0.37042200998211866
crossing_90_d_3,175,direct_mlp,1.2000000000000002,15,0.5844223524302326
crossing_90_d_3,175,direct_mlp,1.6,15,0.8040145053663816
crossing_90_d_3,175,direct_mlp,2.0,15,1.0015836663457274
crossing_90_d_3,175,direct_mlp,2.4000000000000004,15,1.2647936981819379
crossing_90_d_3,175,direct_mlp,2.8000000000000003,15,1.5622240514130188
crossing_90_d_3,175,direct_mlp,3.2,15,1.9206986471300427
crossing_90_d_3,175,direct_routed_control,0.4,15,0.17621166751289633
crossing_90_d_3,175,direct_routed_control,0.8,15,0.37132370777912094
crossing_90_d_3,175,direct_routed_control,1.2000000000000002,15,0.5854167560712475
crossing_90_d_3,175,direct_routed_control,1.6,15,0.8048727136129816
crossing_90_d_3,175,direct_routed_control,2.0,15,1.0021901743649162
crossing_90_d_3,175,direct_routed_control,2.4000000000000004,15,1.2651124936823808
crossing_90_d_3,175,direct_routed_control,2.8000000000000003,15,1.562104397837012
crossing_90_d_3,175,direct_routed_control,3.2,15,1.9202753950105784
crossing_90_d_3,175,tensor_prior,0.4,15,0.17226449205716984
crossing_90_d_3,175,tensor_prior,0.8,15,0.3274293671859502
crossing_90_d_3,175,tensor_prior,1.2000000000000002,15,0.5006083908682875
crossing_90_d_3,175,tensor_prior,1.6,15,0.6810626862347082
crossing_90_d_3,175,tensor_prior,2.0,15,0.7879157641185298
crossing_90_d_3,175,tensor_prior,2.4000000000000004,15,0.910962062394729
crossing_90_d_3,175,tensor_prior,2.8000000000000003,15,1.0733700674021749
crossing_90_d_3,175,tensor_prior,3.2,15,1.2998857779100517
crossing_90_d_3,175,gel_ped,0.4,15,0.16266539526752802
crossing_90_d_3,175,gel_ped,0.8,15,0.324307562116698
crossing_90_d_3,175,gel_ped,1.2000000000000002,15,0.5122828499635097
crossing_90_d_3,175,gel_ped,1.6,15,0.6998990098921423
crossing_90_d_3,175,gel_ped,2.0,15,0.8375582928981584
crossing_90_d_3,175,gel_ped,2.4000000000000004,15,1.0339466176087186
crossing_90_d_3,175,gel_ped,2.8000000000000003,15,1.2302511040371147
crossing_90_d_3,175,gel_ped,3.2,15,1.4819025788673412
crossing_90_d_3,215,constant_velocity,0.4,14,0.14582522432517156
crossing_90_d_3,215,constant_velocity,0.8,14,0.25360786441325023
crossing_90_d_3,215,constant_velocity,1.2000000000000002,14,0.38848476550266187
crossing_90_d_3,215,constant_velocity,1.6,14,0.5159225901463704
crossing_90_d_3,215,constant_velocity,2.0,14,0.6589740807082307
crossing_90_d_3,215,constant_velocity,2.4000000000000004,14,0.8195329647966364
crossing_90_d_3,215,constant_velocity,2.8000000000000003,14,1.008593399147312
crossing_90_d_3,215,constant_velocity,3.2,14,1.204447151046423
crossing_90_d_3,215,direct_mlp,0.4,14,0.14969380730627194
crossing_90_d_3,215,direct_mlp,0.8,14,0.2914679436235673
crossing_90_d_3,215,direct_mlp,1.2000000000000002,14,0.47995012700027767
crossing_90_d_3,215,direct_mlp,1.6,14,0.6937840984854952
crossing_90_d_3,215,direct_mlp,2.0,14,1.0040085450577478
crossing_90_d_3,215,direct_mlp,2.4000000000000004,14,1.363890116382475
crossing_90_d_3,215,direct_mlp,2.8000000000000003,14,1.7607598401514504
crossing_90_d_3,215,direct_mlp,3.2,14,2.1615173177348805
crossing_90_d_3,215,direct_routed_control,0.4,14,0.149861249318659
crossing_90_d_3,215,direct_routed_control,0.8,14,0.29161259720244515
crossing_90_d_3,215,direct_routed_control,1.2000000000000002,14,0.47995031031047397
crossing_90_d_3,215,direct_routed_control,1.6,14,0.6934376862015158
crossing_90_d_3,215,direct_routed_control,2.0,14,1.003416487712375
crossing_90_d_3,215,direct_routed_control,2.4000000000000004,14,1.362996230140075
crossing_90_d_3,215,direct_routed_control,2.8000000000000003,14,1.759617075254657
crossing_90_d_3,215,direct_routed_control,3.2,14,2.16019357038607
crossing_90_d_3,215,tensor_prior,0.4,14,0.12289232103393578
crossing_90_d_3,215,tensor_prior,0.8,14,0.21399235300420003
crossing_90_d_3,215,tensor_prior,1.2000000000000002,14,0.3255614205608813
crossing_90_d_3,215,tensor_prior,1.6,14,0.4180020898412445
crossing_90_d_3,215,tensor_prior,2.0,14,0.5881131453095215
crossing_90_d_3,215,tensor_prior,2.4000000000000004,14,0.8087822256795656
crossing_90_d_3,215,tensor_prior,2.8000000000000003,14,1.0913312291344808
crossing_90_d_3,215,tensor_prior,3.2,14,1.395063921388863
crossing_90_d_3,215,gel_ped,0.4,14,0.1316860489173219
crossing_90_d_3,215,gel_ped,0.8,14,0.24102299927482412
crossing_90_d_3,215,gel_ped,1.2000000000000002,14,0.37692117998400404
crossing_90_d_3,215,gel_ped,1.6,14,0.5050995941534343
crossing_90_d_3,215,gel_ped,2.0,14,0.720418320798818
crossing_90_d_3,215,gel_ped,2.4000000000000004,14,0.9756046483962811
crossing_90_d_3,215,gel_ped,2.8000000000000003,14,1.3024334633644041
crossing_90_d_3,215,gel_ped,3.2,14,1.641172018717762
crossing_90_d_3,255,constant_velocity,0.4,10,0.10660442402105268
crossing_90_d_3,255,constant_velocity,0.8,10,0.18028944664331398
crossing_90_d_3,255,constant_velocity,1.2000000000000002,10,0.30298278781579835
crossing_90_d_3,255,constant_velocity,1.6,10,0.40973385752352326
crossing_90_d_3,255,constant_velocity,2.0,10,0.5329200270383122
crossing_90_d_3,255,constant_velocity,2.4000000000000004,10,0.5950206429021061
crossing_90_d_3,255,constant_velocity,2.8000000000000003,10,0.6799949682699031
crossing_90_d_3,255,constant_velocity,3.2,10,0.698093128625117
crossing_90_d_3,255,direct_mlp,0.4,10,0.1272569713263831
crossing_90_d_3,255,direct_mlp,0.8,10,0.23511636092870103
crossing_90_d_3,255,direct_mlp,1.2000000000000002,10,0.3808278927613841
crossing_90_d_3,255,direct_mlp,1.6,10,0.5595704278420984
crossing_90_d_3,255,direct_mlp,2.0,10,0.7562519870927722
crossing_90_d_3,255,direct_mlp,2.4000000000000004,10,1.0097155000160727
crossing_90_d_3,255,direct_mlp,2.8000000000000003,10,1.3066587633876874
crossing_90_d_3,255,direct_mlp,3.2,10,1.622619483023318
crossing_90_d_3,255,direct_routed_control,0.4,10,0.12727778258286265
crossing_90_d_3,255,direct_routed_control,0.8,10,0.23505981271664597
crossing_90_d_3,255,direct_routed_control,1.2000000000000002,10,0.38040968963993443
crossing_90_d_3,255,direct_routed_control,1.6,10,0.5587648333955311
crossing_90_d_3,255,direct_routed_control,2.0,10,0.7545929929036228
crossing_90_d_3,255,direct_routed_control,2.4000000000000004,10,1.0075732104432435
crossing_90_d_3,255,direct_routed_control,2.8000000000000003,10,1.3039652851347967
crossing_90_d_3,255,direct_routed_control,3.2,10,1.619442614054541
crossing_90_d_3,255,tensor_prior,0.4,10,0.10043513986474366
crossing_90_d_3,255,tensor_prior,0.8,10,0.1884393090700357
crossing_90_d_3,255,tensor_prior,1.2000000000000002,10,0.3017466828425959
crossing_90_d_3,255,tensor_prior,1.6,10,0.4516176405917882
crossing_90_d_3,255,tensor_prior,2.0,10,0.5598372758199416
crossing_90_d_3,255,tensor_prior,2.4000000000000004,10,0.6711419209653402
crossing_90_d_3,255,tensor_prior,2.8000000000000003,10,0.8418479514162724
crossing_90_d_3,255,tensor_prior,3.2,10,1.0430644444510742
crossing_90_d_3,255,gel_ped,0.4,10,0.10831972538260944
crossing_90_d_3,255,gel_ped,0.8,10,0.18353352430200306
crossing_90_d_3,255,gel_ped,1.2000000000000002,10,0.2990785007497649
crossing_90_d_3,255,gel_ped,1.6,10,0.43103835214623254
crossing_90_d_3,255,gel_ped,2.0,10,0.5699983626525735
crossing_90_d_3,255,gel_ped,2.4000000000000004,10,0.7654466927864461
crossing_90_d_3,255,gel_ped,2.8000000000000003,10,1.016041776700875
crossing_90_d_3,255,gel_ped,3.2,10,1.2739862858164428
crossing_90_d_3,295,constant_velocity,0.4,18,0.10960022534524089
crossing_90_d_3,295,constant_velocity,0.8,18,0.18827469425427074
crossing_90_d_3,295,constant_velocity,1.2000000000000002,18,0.30544495666540894
crossing_90_d_3,295,constant_velocity,1.6,18,0.3949045659360564
crossing_90_d_3,295,constant_velocity,2.0,18,0.5238069143820802
crossing_90_d_3,295,constant_velocity,2.4000000000000004,18,0.7029502128923667
crossing_90_d_3,295,constant_velocity,2.8000000000000003,18,0.8502965442766919
crossing_90_d_3,295,constant_velocity,3.2,18,0.9639118495060998
crossing_90_d_3,295,direct_mlp,0.4,18,0.11766464001496527
crossing_90_d_3,295,direct_mlp,0.8,18,0.21658618800886617
crossing_90_d_3,295,direct_mlp,1.2000000000000002,18,0.355879968474852
crossing_90_d_3,295,direct_mlp,1.6,18,0.48808688741836004
crossing_90_d_3,295,direct_mlp,2.0,18,0.6580349145391025
crossing_90_d_3,295,direct_mlp,2.4000000000000004,18,0.8456569153133585
crossing_90_d_3,295,direct_mlp,2.8000000000000003,18,1.0594619946315795
crossing_90_d_3,295,direct_mlp,3.2,18,1.2700968644258943
crossing_90_d_3,295,direct_routed_control,0.4,18,0.11755137280927297
crossing_90_d_3,295,direct_routed_control,0.8,18,0.21626783771465802
crossing_90_d_3,295,direct_routed_control,1.2000000000000002,18,0.354974355177091
crossing_90_d_3,295,direct_routed_control,1.6,18,0.48633704748799467
crossing_90_d_3,295,direct_routed_control,2.0,18,0.6560821511908737
crossing_90_d_3,295,direct_routed_control,2.4000000000000004,18,0.843280080767229
crossing_90_d_3,295,direct_routed_control,2.8000000000000003,18,1.0566500415872764
crossing_90_d_3,295,direct_routed_control,3.2,18,1.2667445903691572
crossing_90_d_3,295,tensor_prior,0.4,18,0.09595550755259363
crossing_90_d_3,295,tensor_prior,0.8,18,0.1576020819741023
crossing_90_d_3,295,tensor_prior,1.2000000000000002,18,0.2484552956396963
crossing_90_d_3,295,tensor_prior,1.6,18,0.3188391211047017
crossing_90_d_3,295,tensor_prior,2.0,18,0.4552448292076858
crossing_90_d_3,295,tensor_prior,2.4000000000000004,18,0.6103570428218976
crossing_90_d_3,295,tensor_prior,2.8000000000000003,18,0.7769964251850197
crossing_90_d_3,295,tensor_prior,3.2,18,0.8871114186423771
crossing_90_d_3,295,gel_ped,0.4,18,0.10710481630426867
crossing_90_d_3,295,gel_ped,0.8,18,0.18449719204995876
crossing_90_d_3,295,gel_ped,1.2000000000000002,18,0.2961479457474485
crossing_90_d_3,295,gel_ped,1.6,18,0.3867218730534163
crossing_90_d_3,295,gel_ped,2.0,18,0.5150748391265919
crossing_90_d_3,295,gel_ped,2.4000000000000004,18,0.6713905278101174
crossing_90_d_3,295,gel_ped,2.8000000000000003,18,0.8565561202857934
crossing_90_d_3,295,gel_ped,3.2,18,1.0022236341923068
crossing_90_d_3,335,constant_velocity,0.4,19,0.12882043852798686
crossing_90_d_3,335,constant_velocity,0.8,19,0.25767299714511543
crossing_90_d_3,335,constant_velocity,1.2000000000000002,19,0.43789595772724715
crossing_90_d_3,335,constant_velocity,1.6,19,0.5925452720714027
crossing_90_d_3,335,constant_velocity,2.0,19,0.7811390903064881
crossing_90_d_3,335,constant_velocity,2.4000000000000004,19,0.9661046283912468
crossing_90_d_3,335,constant_velocity,2.8000000000000003,19,1.108830971453741
crossing_90_d_3,335,constant_velocity,3.2,19,1.2127693995608175
crossing_90_d_3,335,direct_mlp,0.4,19,0.09163885253551711
crossing_90_d_3,335,direct_mlp,0.8,19,0.1639032289973513
crossing_90_d_3,335,direct_mlp,1.2000000000000002,19,0.2663496110334539
crossing_90_d_3,335,direct_mlp,1.6,19,0.32314239234791303
crossing_90_d_3,335,direct_mlp,2.0,19,0.48030623818108503
crossing_90_d_3,335,direct_mlp,2.4000000000000004,19,0.6925619253148048
crossing_90_d_3,335,direct_mlp,2.8000000000000003,19,0.9180831646526679
crossing_90_d_3,335,direct_mlp,3.2,19,1.1528672127842994
crossing_90_d_3,335,direct_routed_control,0.4,19,0.09176241923536503
crossing_90_d_3,335,direct_routed_control,0.8,19,0.16380504278303162
crossing_90_d_3,335,direct_routed_control,1.2000000000000002,19,0.26608027680145313
crossing_90_d_3,335,direct_routed_control,1.6,19,0.3225837346774255
crossing_90_d_3,335,direct_routed_control,2.0,19,0.4792611167048663
crossing_90_d_3,335,direct_routed_control,2.4000000000000004,19,0.6912615487780586
crossing_90_d_3,335,direct_routed_control,2.8000000000000003,19,0.9163510095167756
crossing_90_d_3,335,direct_routed_control,3.2,19,1.1502290572133225
crossing_90_d_3,335,tensor_prior,0.4,19,0.09823337584347876
crossing_90_d_3,335,tensor_prior,0.8,19,0.1775687111640375
crossing_90_d_3,335,tensor_prior,1.2000000000000002,19,0.27813358546120254
crossing_90_d_3,335,tensor_prior,1.6,19,0.33532477650025894
crossing_90_d_3,335,tensor_prior,2.0,19,0.4736899069514699
crossing_90_d_3,335,tensor_prior,2.4000000000000004,19,0.6090335120524017
crossing_90_d_3,335,tensor_prior,2.8000000000000003,19,0.7454623099528132
crossing_90_d_3,335,tensor_prior,3.2,19,0.8597845484148442
crossing_90_d_3,335,gel_ped,0.4,19,0.09512301378748848
crossing_90_d_3,335,gel_ped,0.8,19,0.17681869583259305
crossing_90_d_3,335,gel_ped,1.2000000000000002,19,0.26765817099369266
crossing_90_d_3,335,gel_ped,1.6,19,0.31602866758442427
crossing_90_d_3,335,gel_ped,2.0,19,0.4477308952848311
crossing_90_d_3,335,gel_ped,2.4000000000000004,19,0.604042574896409
crossing_90_d_3,335,gel_ped,2.8000000000000003,19,0.7863592547881432
crossing_90_d_3,335,gel_ped,3.2,19,0.9481634225378006
crossing_90_d_3,375,constant_velocity,0.4,22,0.1341305791645935
crossing_90_d_3,375,constant_velocity,0.8,22,0.2539716223219584
crossing_90_d_3,375,constant_velocity,1.2000000000000002,22,0.4633654229124129
crossing_90_d_3,375,constant_velocity,1.6,22,0.6277907619639821
crossing_90_d_3,375,constant_velocity,2.0,22,0.8378721168303455
crossing_90_d_3,375,constant_velocity,2.4000000000000004,22,1.0524817111207907
crossing_90_d_3,375,constant_velocity,2.8000000000000003,22,1.301620407994862
crossing_90_d_3,375,constant_velocity,3.2,22,1.5521087041411976
crossing_90_d_3,375,direct_mlp,0.4,22,0.12811351766080842
crossing_90_d_3,375,direct_mlp,0.8,22,0.27261942163340824
crossing_90_d_3,375,direct_mlp,1.2000000000000002,22,0.4401200642200278
crossing_90_d_3,375,direct_mlp,1.6,22,0.6030494901450821
crossing_90_d_3,375,direct_mlp,2.0,22,0.8127137068092427
crossing_90_d_3,375,direct_mlp,2.4000000000000004,22,1.0852190722414947
crossing_90_d_3,375,direct_mlp,2.8000000000000003,22,1.4015245920187418
crossing_90_d_3,375,direct_mlp,3.2,22,1.6822552344256976
crossing_90_d_3,375,direct_routed_control,0.4,22,0.12798333341993517
crossing_90_d_3,375,direct_routed_control,0.8,22,0.2722120517013411
crossing_90_d_3,375,direct_routed_control,1.2000000000000002,22,0.4395797965093852
crossing_90_d_3,375,direct_routed_control,1.6,22,0.6022369657435248
crossing_90_d_3,375,direct_routed_control,2.0,22,0.8115940918327399
crossing_90_d_3,375,direct_routed_control,2.4000000000000004,22,1.0835008942689004
crossing_90_d_3,375,direct_routed_control,2.8000000000000003,22,1.3994142974017223
crossing_90_d_3,375,direct_routed_control,3.2,22,1.679773262104495
crossing_90_d_3,375,tensor_prior,0.4,22,0.12441893174093863
crossing_90_d_3,375,tensor_prior,0.8,22,0.25993841329594786
crossing_90_d_3,375,tensor_prior,1.2000000000000002,22,0.4036515015689
crossing_90_d_3,375,tensor_prior,1.6,22,0.5430183444308239
crossing_90_d_3,375,tensor_prior,2.0,22,0.7130397827134315
crossing_90_d_3,375,tensor_prior,2.4000000000000004,22,0.9105036273366731
crossing_90_d_3,375,tensor_prior,2.8000000000000003,22,1.15786307665316
crossing_90_d_3,375,tensor_prior,3.2,22,1.3864290896520433
crossing_90_d_3,375,gel_ped,0.4,22,0.1226463145461207
crossing_90_d_3,375,gel_ped,0.8,22,0.24483569333962005
crossing_90_d_3,375,gel_ped,1.2000000000000002,22,0.42399967321433396
crossing_90_d_3,375,gel_ped,1.6,22,0.5716644402377923
crossing_90_d_3,375,gel_ped,2.0,22,0.7546648405079566
crossing_90_d_3,375,gel_ped,2.4000000000000004,22,0.9776398188275043
crossing_90_d_3,375,gel_ped,2.8000000000000003,22,1.2609570340756513
crossing_90_d_3,375,gel_ped,3.2,22,1.5177256905969265
crossing_90_d_3,415,constant_velocity,0.4,22,0.13219495320421154
crossing_90_d_3,415,constant_velocity,0.8,22,0.24980406762026328
crossing_90_d_3,415,constant_velocity,1.2000000000000002,22,0.4223885510508836
crossing_90_d_3,415,constant_velocity,1.6,22,0.6019851208014053
crossing_90_d_3,415,constant_velocity,2.0,22,0.8273037382776358
crossing_90_d_3,415,constant_velocity,2.4000000000000004,22,1.0300433236207065
crossing_90_d_3,415,constant_velocity,2.8000000000000003,22,1.2487283631079233
crossing_90_d_3,415,constant_velocity,3.2,22,1.4478963548475967
crossing_90_d_3,415,direct_mlp,0.4,22,0.12538714155491154
crossing_90_d_3,415,direct_mlp,0.8,22,0.24568964191265916
crossing_90_d_3,415,direct_mlp,1.2000000000000002,22,0.426607923930159
crossing_90_d_3,415,direct_mlp,1.6,22,0.6015999811256614
crossing_90_d_3,415,direct_mlp,2.0,22,0.7961813905583949
crossing_90_d_3,415,direct_mlp,2.4000000000000004,22,1.013530844104842
crossing_90_d_3,415,direct_mlp,2.8000000000000003,22,1.2693544474717535
crossing_90_d_3,415,direct_mlp,3.2,22,1.5478559085083248
crossing_90_d_3,415,direct_routed_control,0.4,22,0.12538672517062568
crossing_90_d_3,415,direct_routed_control,0.8,22,0.24554842240239216
crossing_90_d_3,415,direct_routed_control,1.2000000000000002,22,0.426162179387836
crossing_90_d_3,415,direct_routed_control,1.6,22,0.6010246570773554
crossing_90_d_3,415,direct_routed_control,2.0,22,0.7953062021381854
crossing_90_d_3,415,direct_routed_control,2.4000000000000004,22,1.0122985237617006
crossing_90_d_3,415,direct_routed_control,2.8000000000000003,22,1.2677463930485453
crossing_90_d_3,415,direct_routed_control,3.2,22,1.5459371642661013
crossing_90_d_3,415,tensor_prior,0.4,22,0.1069359229956925
crossing_90_d_3,415,tensor_prior,0.8,22,0.20688878076858347
crossing_90_d_3,415,tensor_prior,1.2000000000000002,22,0.37124345557157395
crossing_90_d_3,415,tensor_prior,1.6,22,0.5420524739656188
crossing_90_d_3,415,tensor_prior,2.0,22,0.7266846114618283
crossing_90_d_3,415,tensor_prior,2.4000000000000004,22,0.8894949880740143
crossing_90_d_3,415,tensor_prior,2.8000000000000003,22,1.0811576783143655
crossing_90_d_3,415,tensor_prior,3.2,22,1.2864057325618596
crossing_90_d_3,415,gel_ped,0.4,22,0.1155815810362471
crossing_90_d_3,415,gel_ped,0.8,22,0.22567974844678743
crossing_90_d_3,415,gel_ped,1.2000000000000002,22,0.4004925982006206
crossing_90_d_3,415,gel_ped,1.6,22,0.5783003110266729
crossing_90_d_3,415,gel_ped,2.0,22,0.7808801015446697
crossing_90_d_3,415,gel_ped,2.4000000000000004,22,0.9538552353740656
crossing_90_d_3,415,gel_ped,2.8000000000000003,22,1.17280071164849
crossing_90_d_3,415,gel_ped,3.2,22,1.4066086808392217
crossing_90_d_3,455,constant_velocity,0.4,23,0.1378012024807052
crossing_90_d_3,455,constant_velocity,0.8,23,0.2664827673724842
crossing_90_d_3,455,constant_velocity,1.2000000000000002,23,0.4811497815573006
crossing_90_d_3,455,constant_velocity,1.6,23,0.7229176465528176
crossing_90_d_3,455,constant_velocity,2.0,23,0.9695955451393976
crossing_90_d_3,455,constant_velocity,2.4000000000000004,23,1.208953683231318
crossing_90_d_3,455,constant_velocity,2.8000000000000003,23,1.4569776836159505
crossing_90_d_3,455,constant_velocity,3.2,23,1.6936675464075095
crossing_90_d_3,455,direct_mlp,0.4,23,0.13093642473603323
crossing_90_d_3,455,direct_mlp,0.8,23,0.24140637606694285
crossing_90_d_3,455,direct_mlp,1.2000000000000002,23,0.4159318507223272
crossing_90_d_3,455,direct_mlp,1.6,23,0.6382441552833823
crossing_90_d_3,455,direct_mlp,2.0,23,0.8362671151970299
crossing_90_d_3,455,direct_mlp,2.4000000000000004,23,1.0713711018385128
crossing_90_d_3,455,direct_mlp,2.8000000000000003,23,1.3176614886123676
crossing_90_d_3,455,direct_mlp,3.2,23,1.595524003746626
crossing_90_d_3,455,direct_routed_control,0.4,23,0.13090244274822768
crossing_90_d_3,455,direct_routed_control,0.8,23,0.24131308405885618
crossing_90_d_3,455,direct_routed_control,1.2000000000000002,23,0.4157512307753942
crossing_90_d_3,455,direct_routed_control,1.6,23,0.6373843824606258
crossing_90_d_3,455,direct_routed_control,2.0,23,0.834877918491284
crossing_90_d_3,455,direct_routed_control,2.4000000000000004,23,1.0692997085881721
crossing_90_d_3,455,direct_routed_control,2.8000000000000003,23,1.3149568152885627
crossing_90_d_3,455,direct_routed_control,3.2,23,1.592124343915499
crossing_90_d_3,455,tensor_prior,0.4,23,0.11954782210437011
crossing_90_d_3,455,tensor_prior,0.8,23,0.2062356596129661
crossing_90_d_3,455,tensor_prior,1.2000000000000002,23,0.36493285129383385
crossing_90_d_3,455,tensor_prior,1.6,23,0.5515683354433163
crossing_90_d_3,455,tensor_prior,2.0,23,0.6951256940615741
crossing_90_d_3,455,tensor_prior,2.4000000000000004,23,0.8628779360513725
crossing_90_d_3,455,tensor_prior,2.8000000000000003,23,1.0586067043352765
crossing_90_d_3,455,tensor_prior,3.2,23,1.2593732724550855
crossing_90_d_3,455,gel_ped,0.4,23,0.12827400236215514
crossing_90_d_3,455,gel_ped,0.8,23,0.22288492859794937
crossing_90_d_3,455,gel_ped,1.2000000000000002,23,0.38664915543675077
crossing_90_d_3,455,gel_ped,1.6,23,0.5785292085547487
crossing_90_d_3,455,gel_ped,2.0,23,0.7471804429684389
crossing_90_d_3,455,gel_ped,2.4000000000000004,23,0.9440227245085507
crossing_90_d_3,455,gel_ped,2.8000000000000003,23,1.1618562730305788
crossing_90_d_3,455,gel_ped,3.2,23,1.388330549834644
crossing_90_d_3,495,constant_velocity,0.4,24,0.1197836815175749
crossing_90_d_3,495,constant_velocity,0.8,24,0.23999048852112861
crossing_90_d_3,495,constant_velocity,1.2000000000000002,24,0.48266977565438135
crossing_90_d_3,495,constant_velocity,1.6,24,0.7361094951018435
crossing_90_d_3,495,constant_velocity,2.0,24,1.0336532394399789
crossing_90_d_3,495,constant_velocity,2.4000000000000004,24,1.3300753607728257
crossing_90_d_3,495,constant_velocity,2.8000000000000003,24,1.5790755186540852
crossing_90_d_3,495,constant_velocity,3.2,24,1.825502254171182
crossing_90_d_3,495,direct_mlp,0.4,24,0.107234974210614
crossing_90_d_3,495,direct_mlp,0.8,24,0.19321008577464827
crossing_90_d_3,495,direct_mlp,1.2000000000000002,24,0.3477244350561139
crossing_90_d_3,495,direct_mlp,1.6,24,0.5101296666441381
crossing_90_d_3,495,direct_mlp,2.0,24,0.7389701945609636
crossing_90_d_3,495,direct_mlp,2.4000000000000004,24,1.0070437774531578
crossing_90_d_3,495,direct_mlp,2.8000000000000003,24,1.2660834472754565
crossing_90_d_3,495,direct_mlp,3.2,24,1.546413735770755
crossing_90_d_3,495,direct_routed_control,0.4,24,0.10725232511454545
crossing_90_d_3,495,direct_routed_control,0.8,24,0.1929448494627776
crossing_90_d_3,495,direct_routed_control,1.2000000000000002,24,0.3473197642168731
crossing_90_d_3,495,direct_routed_control,1.6,24,0.5095896607575382
crossing_90_d_3,495,direct_routed_control,2.0,24,0.7379778071552133
crossing_90_d_3,495,direct_routed_control,2.4000000000000004,24,1.0054778096367356
crossing_90_d_3,495,direct_routed_control,2.8000000000000003,24,1.264295706785681
crossing_90_d_3,495,direct_routed_control,3.2,24,1.544285385250528
crossing_90_d_3,495,tensor_prior,0.4,24,0.08640044181996338
crossing_90_d_3,495,tensor_prior,0.8,24,0.1649816950941414
crossing_90_d_3,495,tensor_prior,1.2000000000000002,24,0.32376703368634296
crossing_90_d_3,495,tensor_prior,1.6,24,0.4822254667127755
crossing_90_d_3,495,tensor_prior,2.0,24,0.6838477318281985
crossing_90_d_3,495,tensor_prior,2.4000000000000004,24,0.8940312258927898
crossing_90_d_3,495,tensor_prior,2.8000000000000003,24,1.0895300302968838
crossing_90_d_3,495,tensor_prior,3.2,24,1.2758573270738893
crossing_90_d_3,495,gel_ped,0.4,24,0.09557587685229178
crossing_90_d_3,495,gel_ped,0.8,24,0.17795929141012842
crossing_90_d_3,495,gel_ped,1.2000000000000002,24,0.32749080214756743
crossing_90_d_3,495,gel_ped,1.6,24,0.48124770249733784
crossing_90_d_3,495,gel_ped,2.0,24,0.6758014966879919
crossing_90_d_3,495,gel_ped,2.4000000000000004,24,0.9023683164477875
crossing_90_d_3,495,gel_ped,2.8000000000000003,24,1.1101317530509685
crossing_90_d_3,495,gel_ped,3.2,24,1.3220470267756939
crossing_90_d_3,535,constant_velocity,0.4,24,0.15522593068611218
crossing_90_d_3,535,constant_velocity,0.8,24,0.28417539234321637
crossing_90_d_3,535,constant_velocity,1.2000000000000002,24,0.4701257567282187
crossing_90_d_3,535,constant_velocity,1.6,24,0.6618410105415169
crossing_90_d_3,535,constant_velocity,2.0,24,0.9219066500133425
crossing_90_d_3,535,constant_velocity,2.4000000000000004,24,1.1480392624697495
crossing_90_d_3,535,constant_velocity,2.8000000000000003,24,1.3832688618946571
crossing_90_d_3,535,constant_velocity,3.2,24,1.5529809361994527
crossing_90_d_3,535,direct_mlp,0.4,24,0.14610211902769055
crossing_90_d_3,535,direct_mlp,0.8,24,0.2451454900529144
crossing_90_d_3,535,direct_mlp,1.2000000000000002,24,0.38251299285969703
crossing_90_d_3,535,direct_mlp,1.6,24,0.5609275211065972
crossing_90_d_3,535,direct_mlp,2.0,24,0.8261966883690235
crossing_90_d_3,535,direct_mlp,2.4000000000000004,24,1.1028970182544662
crossing_90_d_3,535,direct_mlp,2.8000000000000003,24,1.436392451792708
crossing_90_d_3,535,direct_mlp,3.2,24,1.742965133555766
crossing_90_d_3,535,direct_routed_control,0.4,24,0.14612337095569602
crossing_90_d_3,535,direct_routed_control,0.8,24,0.24500992654448137
crossing_90_d_3,535,direct_routed_control,1.2000000000000002,24,0.38211353568265016
crossing_90_d_3,535,direct_routed_control,1.6,24,0.560272551122723
crossing_90_d_3,535,direct_routed_control,2.0,24,0.8251927361176911
crossing_90_d_3,535,direct_routed_control,2.4000000000000004,24,1.1014008350810893
crossing_90_d_3,535,direct_routed_control,2.8000000000000003,24,1.4343805004952828
crossing_90_d_3,535,direct_routed_control,3.2,24,1.7404094032832607
crossing_90_d_3,535,tensor_prior,0.4,24,0.14095745606430318
crossing_90_d_3,535,tensor_prior,0.8,24,0.2373515238486074
crossing_90_d_3,535,tensor_prior,1.2000000000000002,24,0.3641484503737664
crossing_90_d_3,535,tensor_prior,1.6,24,0.5249050059719159
crossing_90_d_3,535,tensor_prior,2.0,24,0.7434448641513297
crossing_90_d_3,535,tensor_prior,2.4000000000000004,24,0.9407670128897667
crossing_90_d_3,535,tensor_prior,2.8000000000000003,24,1.1519995019658857
crossing_90_d_3,535,tensor_prior,3.2,24,1.3421237849255396
crossing_90_d_3,535,gel_ped,0.4,24,0.13363558524618885
crossing_90_d_3,535,gel_ped,0.8,24,0.22295139146036314
crossing_90_d_3,535,gel_ped,1.2000000000000002,24,0.34464770825620383
crossing_90_d_3,535,gel_ped,1.6,24,0.5024480024847203
crossing_90_d_3,535,gel_ped,2.0,24,0.7125227130883954
crossing_90_d_3,535,gel_ped,2.4000000000000004,24,0.9293143290259825
crossing_90_d_3,535,gel_ped,2.8000000000000003,24,1.2008188224260603
crossing_90_d_3,535,gel_ped,3.2,24,1.4533279357490716
crossing_90_d_5,73,constant_velocity,0.4,4,0.07618844063880258
crossing_90_d_5,73,constant_velocity,0.8,4,0.1547481430532349
crossing_90_d_5,73,constant_velocity,1.2000000000000002,4,0.20839574461543064
crossing_90_d_5,73,constant_velocity,1.6,4,0.3557431844596466
crossing_90_d_5,73,constant_velocity,2.0,4,0.43678194008823257
crossing_90_d_5,73,constant_velocity,2.4000000000000004,4,0.4934893423178752
crossing_90_d_5,73,constant_velocity,2.8000000000000003,4,0.5490841634037446
crossing_90_d_5,73,constant_velocity,3.2,4,0.5618445861181114
crossing_90_d_5,73,direct_mlp,0.4,4,0.14498952871989404
crossing_90_d_5,73,direct_mlp,0.8,4,0.36014871824357997
crossing_90_d_5,73,direct_mlp,1.2000000000000002,4,0.6028634850403718
crossing_90_d_5,73,direct_mlp,1.6,4,0.9400892052934888
crossing_90_d_5,73,direct_mlp,2.0,4,1.327586111398882
crossing_90_d_5,73,direct_mlp,2.4000000000000004,4,1.7201763207132545
crossing_90_d_5,73,direct_mlp,2.8000000000000003,4,2.23294814719595
crossing_90_d_5,73,direct_mlp,3.2,4,2.592880339696007
crossing_90_d_5,73,direct_routed_control,0.4,4,0.15093816772375881
crossing_90_d_5,73,direct_routed_control,0.8,4,0.3708398480839056
crossing_90_d_5,73,direct_routed_control,1.2000000000000002,4,0.6159896526374065
crossing_90_d_5,73,direct_routed_control,1.6,4,0.9526829672790396
crossing_90_d_5,73,direct_routed_control,2.0,4,1.3372534938669416
crossing_90_d_5,73,direct_routed_control,2.4000000000000004,4,1.726268568645767
crossing_90_d_5,73,direct_routed_control,2.8000000000000003,4,2.236615049834276
crossing_90_d_5,73,direct_routed_control,3.2,4,2.595409039966451
crossing_90_d_5,73,tensor_prior,0.4,4,0.06310137241699208
crossing_90_d_5,73,tensor_prior,0.8,4,0.10700592975348297
crossing_90_d_5,73,tensor_prior,1.2000000000000002,4,0.16205497178561903
crossing_90_d_5,73,tensor_prior,1.6,4,0.3353424961854833
crossing_90_d_5,73,tensor_prior,2.0,4,0.6234870058831792
crossing_90_d_5,73,tensor_prior,2.4000000000000004,4,0.9277220589661739
crossing_90_d_5,73,tensor_prior,2.8000000000000003,4,1.3242402881700441
crossing_90_d_5,73,tensor_prior,3.2,4,1.5360026057299023
crossing_90_d_5,73,gel_ped,0.4,4,0.07896621879678628
crossing_90_d_5,73,gel_ped,0.8,4,0.13849837823004238
crossing_90_d_5,73,gel_ped,1.2000000000000002,4,0.21091709824252802
crossing_90_d_5,73,gel_ped,1.6,4,0.42008525733280183
crossing_90_d_5,73,gel_ped,2.0,4,0.6083969841365489
crossing_90_d_5,73,gel_ped,2.4000000000000004,4,0.8574618776626106
crossing_90_d_5,73,gel_ped,2.8000000000000003,4,1.2536292158224498
crossing_90_d_5,73,gel_ped,3.2,4,1.5003889235342593
crossing_90_d_5,113,constant_velocity,0.4,16,0.1484679158443093
crossing_90_d_5,113,constant_velocity,0.8,16,0.2689148289213825
crossing_90_d_5,113,constant_velocity,1.2000000000000002,16,0.43762412093510256
crossing_90_d_5,113,constant_velocity,1.6,16,0.6288938466781194
crossing_90_d_5,113,constant_velocity,2.0,16,0.7418079264475473
crossing_90_d_5,113,constant_velocity,2.4000000000000004,16,0.8784734401910248
crossing_90_d_5,113,constant_velocity,2.8000000000000003,16,0.9868721347009288
crossing_90_d_5,113,constant_velocity,3.2,16,1.0260627216844065
crossing_90_d_5,113,direct_mlp,0.4,16,0.18107838737688964
crossing_90_d_5,113,direct_mlp,0.8,16,0.359537786084412
crossing_90_d_5,113,direct_mlp,1.2000000000000002,16,0.580204857310606
crossing_90_d_5,113,direct_mlp,1.6,16,0.7676860936369266
crossing_90_d_5,113,direct_mlp,2.0,16,0.9746075259033005
crossing_90_d_5,113,direct_mlp,2.4000000000000004,16,1.2314606087850701
crossing_90_d_5,113,direct_mlp,2.8000000000000003,16,1.4925799370539623
crossing_90_d_5,113,direct_mlp,3.2,16,1.8675944137481846
crossing_90_d_5,113,direct_routed_control,0.4,16,0.18319283859010077
crossing_90_d_5,113,direct_routed_control,0.8,16,0.3632894899559024
crossing_90_d_5,113,direct_routed_control,1.2000000000000002,16,0.5826489278200073
crossing_90_d_5,113,direct_routed_control,1.6,16,0.7679903281179274
crossing_90_d_5,113,direct_routed_control,2.0,16,0.9726788903373549
crossing_90_d_5,113,direct_routed_control,2.4000000000000004,16,1.2266243770709235
crossing_90_d_5,113,direct_routed_control,2.8000000000000003,16,1.482006229847948
crossing_90_d_5,113,direct_routed_control,3.2,16,1.8520810775228904
crossing_90_d_5,113,tensor_prior,0.4,16,0.1398565781230343
crossing_90_d_5,113,tensor_prior,0.8,16,0.2512903666172858
crossing_90_d_5,113,tensor_prior,1.2000000000000002,16,0.39620588475861157
crossing_90_d_5,113,tensor_prior,1.6,16,0.5514081668633083
crossing_90_d_5,113,tensor_prior,2.0,16,0.667140699612631
crossing_90_d_5,113,tensor_prior,2.4000000000000004,16,0.7775286817277436
crossing_90_d_5,113,tensor_prior,2.8000000000000003,16,0.825750536659803
crossing_90_d_5,113,tensor_prior,3.2,16,0.9265995861618526
crossing_90_d_5,113,gel_ped,0.4,16,0.13925244793862634
crossing_90_d_5,113,gel_ped,0.8,16,0.23759030313460822
crossing_90_d_5,113,gel_ped,1.2000000000000002,16,0.3843492053371637
crossing_90_d_5,113,gel_ped,1.6,16,0.5085723456687739
crossing_90_d_5,113,gel_ped,2.0,16,0.5958099613192626
crossing_90_d_5,113,gel_ped,2.4000000000000004,16,0.6890648289923746
crossing_90_d_5,113,gel_ped,2.8000000000000003,16,0.7748079091200444
crossing_90_d_5,113,gel_ped,3.2,16,0.9807397302083698
crossing_90_d_5,153,constant_velocity,0.4,19,0.12447249419228622
crossing_90_d_5,153,constant_velocity,0.8,19,0.2527044182894209
crossing_90_d_5,153,constant_velocity,1.2000000000000002,19,0.41211425166355464
crossing_90_d_5,153,constant_velocity,1.6,19,0.5457308754711238
crossing_90_d_5,153,constant_velocity,2.0,19,0.6485816310331609
crossing_90_d_5,153,constant_velocity,2.4000000000000004,19,0.7663359501482677
crossing_90_d_5,153,constant_velocity,2.8000000000000003,19,0.9022551109947557
crossing_90_d_5,153,constant_velocity,3.2,19,1.0433904222891985
crossing_90_d_5,153,direct_mlp,0.4,19,0.1307532014613393
crossing_90_d_5,153,direct_mlp,0.8,19,0.2638224664731328
crossing_90_d_5,153,direct_mlp,1.2000000000000002,19,0.4037291414903492
crossing_90_d_5,153,direct_mlp,1.6,19,0.5894640646287166
crossing_90_d_5,153,direct_mlp,2.0,19,0.8169609370996233
crossing_90_d_5,153,direct_mlp,2.4000000000000004,19,1.1459494388617695
crossing_90_d_5,153,direct_mlp,2.8000000000000003,19,1.5138567704793435
crossing_90_d_5,153,direct_mlp,3.2,19,1.8833511573695805
crossing_90_d_5,153,direct_routed_control,0.4,19,0.13153685981781002
crossing_90_d_5,153,direct_routed_control,0.8,19,0.2640938792786631
crossing_90_d_5,153,direct_routed_control,1.2000000000000002,19,0.40327837619654994
crossing_90_d_5,153,direct_routed_control,1.6,19,0.5877193634172562
crossing_90_d_5,153,direct_routed_control,2.0,19,0.8134894742013823
crossing_90_d_5,153,direct_routed_control,2.4000000000000004,19,1.1407797475947512
crossing_90_d_5,153,direct_routed_control,2.8000000000000003,19,1.5078258852036508
crossing_90_d_5,153,direct_routed_control,3.2,19,1.8759264616575044
crossing_90_d_5,153,tensor_prior,0.4,19,0.11924378235929498
crossing_90_d_5,153,tensor_prior,0.8,19,0.23213705958076436
crossing_90_d_5,153,tensor_prior,1.2000000000000002,19,0.3400985657151685
crossing_90_d_5,153,tensor_prior,1.6,19,0.448086716998769
crossing_90_d_5,153,tensor_prior,2.0,19,0.5399358871155159
crossing_90_d_5,153,tensor_prior,2.4000000000000004,19,0.692948876676772
crossing_90_d_5,153,tensor_prior,2.8000000000000003,19,0.9139518540874724
crossing_90_d_5,153,tensor_prior,3.2,19,1.1403886089620399
crossing_90_d_5,153,gel_ped,0.4,19,0.1265602161065914
crossing_90_d_5,153,gel_ped,0.8,19,0.24129995341625943
crossing_90_d_5,153,gel_ped,1.2000000000000002,19,0.36188508222721705
crossing_90_d_5,153,gel_ped,1.6,19,0.4825910154834907
crossing_90_d_5,153,gel_ped,2.0,19,0.5932107577823632
crossing_90_d_5,153,gel_ped,2.4000000000000004,19,0.7757756722445287
crossing_90_d_5,153,gel_ped,2.8000000000000003,19,1.0205564419292992
crossing_90_d_5,153,gel_ped,3.2,19,1.2921122174589057
crossing_90_d_5,193,constant_velocity,0.4,19,0.14708669753307405
crossing_90_d_5,193,constant_velocity,0.8,19,0.31133933493059834
crossing_90_d_5,193,constant_velocity,1.2000000000000002,19,0.518876161505864
crossing_90_d_5,193,constant_velocity,1.6,19,0.7167922236368564
crossing_90_d_5,193,constant_velocity,2.0,19,0.9181135404654773
crossing_90_d_5,193,constant_velocity,2.4000000000000004,19,1.0887827692600143
crossing_90_d_5,193,constant_velocity,2.8000000000000003,19,1.2167047905853965
crossing_90_d_5,193,constant_velocity,3.2,19,1.3502754539934527
crossing_90_d_5,193,direct_mlp,0.4,19,0.1445381316341242
crossing_90_d_5,193,direct_mlp,0.8,19,0.27566735172914464
crossing_90_d_5,193,direct_mlp,1.2000000000000002,19,0.417191681565677
crossing_90_d_5,193,direct_mlp,1.6,19,0.5650340827595908
crossing_90_d_5,193,direct_mlp,2.0,19,0.7155375359152182
crossing_90_d_5,193,direct_mlp,2.4000000000000004,19,0.8940286073995453
crossing_90_d_5,193,direct_mlp,2.8000000000000003,19,1.1283371118360066
crossing_90_d_5,193,direct_mlp,3.2,19,1.4334316491550823
crossing_90_d_5,193,direct_routed_control,0.4,19,0.14558033013295374
crossing_90_d_5,193,direct_routed_control,0.8,19,0.2771798793413365
crossing_90_d_5,193,direct_routed_control,1.2000000000000002,19,0.41713843005978357
crossing_90_d_5,193,direct_routed_control,1.6,19,0.5632890508559931
crossing_90_d_5,193,direct_routed_control,2.0,19,0.7104194543655428
crossing_90_d_5,193,direct_routed_control,2.4000000000000004,19,0.8851717720503055
crossing_90_d_5,193,direct_routed_control,2.8000000000000003,19,1.1171695000979398
crossing_90_d_5,193,direct_routed_control,3.2,19,1.4191277876900898
crossing_90_d_5,193,tensor_prior,0.4,19,0.12523532143675428
crossing_90_d_5,193,tensor_prior,0.8,19,0.2519882702996094
crossing_90_d_5,193,tensor_prior,1.2000000000000002,19,0.3845869346855039
crossing_90_d_5,193,tensor_prior,1.6,19,0.521676685214703
crossing_90_d_5,193,tensor_prior,2.0,19,0.6265613761803522
crossing_90_d_5,193,tensor_prior,2.4000000000000004,19,0.711461355874038
crossing_90_d_5,193,tensor_prior,2.8000000000000003,19,0.7598929008681976
crossing_90_d_5,193,tensor_prior,3.2,19,0.8824688924562077
crossing_90_d_5,193,gel_ped,0.4,19,0.1229825503211109
crossing_90_d_5,193,gel_ped,0.8,19,0.2352482558291932
crossing_90_d_5,193,gel_ped,1.2000000000000002,19,0.3695151080720548
crossing_90_d_5,193,gel_ped,1.6,19,0.48568883403846097
crossing_90_d_5,193,gel_ped,2.0,19,0.6062250918577963
crossing_90_d_5,193,gel_ped,2.4000000000000004,19,0.7022649057795514
crossing_90_d_5,193,gel_ped,2.8000000000000003,19,0.7980884763428511
crossing_90_d_5,193,gel_ped,3.2,19,0.9703400100089583
crossing_90_d_5,233,constant_velocity,0.4,26,0.15974043876167612
crossing_90_d_5,233,constant_velocity,0.8,26,0.2707330864740417
crossing_90_d_5,233,constant_velocity,1.2000000000000002,26,0.4679209269705653
crossing_90_d_5,233,constant_velocity,1.6,26,0.6170678085845046
crossing_90_d_5,233,constant_velocity,2.0,26,0.8117649007150904
crossing_90_d_5,233,constant_velocity,2.4000000000000004,26,0.9989487686005929
crossing_90_d_5,233,constant_velocity,2.8000000000000003,26,1.197664974570747
crossing_90_d_5,233,constant_velocity,3.2,26,1.380962561559513
crossing_90_d_5,233,direct_mlp,0.4,26,0.15162854004221687
crossing_90_d_5,233,direct_mlp,0.8,26,0.28770031260003404
crossing_90_d_5,233,direct_mlp,1.2000000000000002,26,0.4803462839089189
crossing_90_d_5,233,direct_mlp,1.6,26,0.6890678888456345
crossing_90_d_5,233,direct_mlp,2.0,26,0.9489620534817161
crossing_90_d_5,233,direct_mlp,2.4000000000000004,26,1.2938928419310165
crossing_90_d_5,233,direct_mlp,2.8000000000000003,26,1.7009796521093585
crossing_90_d_5,233,direct_mlp,3.2,26,2.1352123875608453
crossing_90_d_5,233,direct_routed_control,0.4,26,0.15221918132114343
crossing_90_d_5,233,direct_routed_control,0.8,26,0.28765956605896686
crossing_90_d_5,233,direct_routed_control,1.2000000000000002,26,0.47892697913588567
crossing_90_d_5,233,direct_routed_control,1.6,26,0.6845371290034128
crossing_90_d_5,233,direct_routed_control,2.0,26,0.9409999615225266
crossing_90_d_5,233,direct_routed_control,2.4000000000000004,26,1.2812722873441862
crossing_90_d_5,233,direct_routed_control,2.8000000000000003,26,1.6848029011240633
crossing_90_d_5,233,direct_routed_control,3.2,26,2.1147294883064136
crossing_90_d_5,233,tensor_prior,0.4,26,0.13435431105807008
crossing_90_d_5,233,tensor_prior,0.8,26,0.23006288536144584
crossing_90_d_5,233,tensor_prior,1.2000000000000002,26,0.3683813213171111
crossing_90_d_5,233,tensor_prior,1.6,26,0.49359637900766284
crossing_90_d_5,233,tensor_prior,2.0,26,0.6377996219748592
crossing_90_d_5,233,tensor_prior,2.4000000000000004,26,0.8200586012905933
crossing_90_d_5,233,tensor_prior,2.8000000000000003,26,1.0278208010619283
crossing_90_d_5,233,tensor_prior,3.2,26,1.2619914959897633
crossing_90_d_5,233,gel_ped,0.4,26,0.14361895855648715
crossing_90_d_5,233,gel_ped,0.8,26,0.24506303244193098
crossing_90_d_5,233,gel_ped,1.2000000000000002,26,0.3936675453634707
crossing_90_d_5,233,gel_ped,1.6,26,0.5389136905106174
crossing_90_d_5,233,gel_ped,2.0,26,0.7144716183885245
crossing_90_d_5,233,gel_ped,2.4000000000000004,26,0.9293595897180722
crossing_90_d_5,233,gel_ped,2.8000000000000003,26,1.1916720580854292
crossing_90_d_5,233,gel_ped,3.2,26,1.508133117292767
crossing_90_d_5,273,constant_velocity,0.4,27,0.13118103719527474
crossing_90_d_5,273,constant_velocity,0.8,27,0.2733919155433408
crossing_90_d_5,273,constant_velocity,1.2000000000000002,27,0.4890591152253472
crossing_90_d_5,273,constant_velocity,1.6,27,0.7280790345852638
crossing_90_d_5,273,constant_velocity,2.0,27,0.956167797106329
crossing_90_d_5,273,constant_velocity,2.4000000000000004,27,1.1840273731461488
crossing_90_d_5,273,constant_velocity,2.8000000000000003,27,1.3665070962227843
crossing_90_d_5,273,constant_velocity,3.2,27,1.512464022172107
crossing_90_d_5,273,direct_mlp,0.4,27,0.11805925623193174
crossing_90_d_5,273,direct_mlp,0.8,27,0.24188117686395577
crossing_90_d_5,273,direct_mlp,1.2000000000000002,27,0.3969582909681606
crossing_90_d_5,273,direct_mlp,1.6,27,0.597755130872212
crossing_90_d_5,273,direct_mlp,2.0,27,0.8001603919457934
crossing_90_d_5,273,direct_mlp,2.4000000000000004,27,1.0719306468458507
crossing_90_d_5,273,direct_mlp,2.8000000000000003,27,1.3928112393004342
crossing_90_d_5,273,direct_mlp,3.2,27,1.7641571135982426
crossing_90_d_5,273,direct_routed_control,0.4,27,0.11862672268301272
crossing_90_d_5,273,direct_routed_control,0.8,27,0.24179463938167675
crossing_90_d_5,273,direct_routed_control,1.2000000000000002,27,0.3958822859063624
crossing_90_d_5,273,direct_routed_control,1.6,27,0.5950750840399033
crossing_90_d_5,273,direct_routed_control,2.0,27,0.794547125467731
crossing_90_d_5,273,direct_routed_control,2.4000000000000004,27,1.0620301756262944
crossing_90_d_5,273,direct_routed_control,2.8000000000000003,27,1.3794179752143654
crossing_90_d_5,273,direct_routed_control,3.2,27,1.7465305350737026
crossing_90_d_5,273,tensor_prior,0.4,27,0.11082747460155305
crossing_90_d_5,273,tensor_prior,0.8,27,0.22179356957743065
crossing_90_d_5,273,tensor_prior,1.2000000000000002,27,0.3837046912020926
crossing_90_d_5,273,tensor_prior,1.6,27,0.5603327639292995
crossing_90_d_5,273,tensor_prior,2.0,27,0.708589068774964
crossing_90_d_5,273,tensor_prior,2.4000000000000004,27,0.884209674246137
crossing_90_d_5,273,tensor_prior,2.8000000000000003,27,1.0665801793465226
crossing_90_d_5,273,tensor_prior,3.2,27,1.274832450144018
crossing_90_d_5,273,gel_ped,0.4,27,0.11217491315411608
crossing_90_d_5,273,gel_ped,0.8,27,0.22277255707110535
crossing_90_d_5,273,gel_ped,1.2000000000000002,27,0.38368513954537425
crossing_90_d_5,273,gel_ped,1.6,27,0.5633155057819712
crossing_90_d_5,273,gel_ped,2.0,27,0.7224407066463777
crossing_90_d_5,273,gel_ped,2.4000000000000004,27,0.901931217525109
crossing_90_d_5,273,gel_ped,2.8000000000000003,27,1.1050895766821367
crossing_90_d_5,273,gel_ped,3.2,27,1.363147038627493
crossing_90_d_5,313,constant_velocity,0.4,33,0.1452428239745929
crossing_90_d_5,313,constant_velocity,0.8,33,0.26422754632282125
crossing_90_d_5,313,constant_velocity,1.2000000000000002,33,0.4707339176699933
crossing_90_d_5,313,constant_velocity,1.6,33,0.679509809109844
crossing_90_d_5,313,constant_velocity,2.0,33,0.9278968829958785
crossing_90_d_5,313,constant_velocity,2.4000000000000004,33,1.1658920453304606
crossing_90_d_5,313,constant_velocity,2.8000000000000003,33,1.4361112013982356
crossing_90_d_5,313,constant_velocity,3.2,33,1.6729186584760027
crossing_90_d_5,313,direct_mlp,0.4,33,0.11484311728186972
crossing_90_d_5,313,direct_mlp,0.8,33,0.21433307536185653
crossing_90_d_5,313,direct_mlp,1.2000000000000002,33,0.3874995193121561
crossing_90_d_5,313,direct_mlp,1.6,33,0.5768704223442094
crossing_90_d_5,313,direct_mlp,2.0,33,0.8106935969465585
crossing_90_d_5,313,direct_mlp,2.4000000000000004,33,1.0573401954113775
crossing_90_d_5,313,direct_mlp,2.8000000000000003,33,1.3357830437297928
crossing_90_d_5,313,direct_mlp,3.2,33,1.6392727225208932
crossing_90_d_5,313,direct_routed_control,0.4,33,0.11473106233912787
crossing_90_d_5,313,direct_routed_control,0.8,33,0.21284191240543351
crossing_90_d_5,313,direct_routed_control,1.2000000000000002,33,0.38413151266144063
crossing_90_d_5,313,direct_routed_control,1.6,33,0.5708367206346137
crossing_90_d_5,313,direct_routed_control,2.0,33,0.8030214211263142
crossing_90_d_5,313,direct_routed_control,2.4000000000000004,33,1.0473818410270044
crossing_90_d_5,313,direct_routed_control,2.8000000000000003,33,1.3225320457402112
crossing_90_d_5,313,direct_routed_control,3.2,33,1.6218955421128995
crossing_90_d_5,313,tensor_prior,0.4,33,0.11700983743558285
crossing_90_d_5,313,tensor_prior,0.8,33,0.20142188045242004
crossing_90_d_5,313,tensor_prior,1.2000000000000002,33,0.34664817551873556
crossing_90_d_5,313,tensor_prior,1.6,33,0.5062430294252126
crossing_90_d_5,313,tensor_prior,2.0,33,0.6991223535481316
crossing_90_d_5,313,tensor_prior,2.4000000000000004,33,0.8905854452812203
crossing_90_d_5,313,tensor_prior,2.8000000000000003,33,1.1157107202202812
crossing_90_d_5,313,tensor_prior,3.2,33,1.3468891595118855
crossing_90_d_5,313,gel_ped,0.4,33,0.1136295714196904
crossing_90_d_5,313,gel_ped,0.8,33,0.19209873044818823
crossing_90_d_5,313,gel_ped,1.2000000000000002,33,0.32961047106943175
crossing_90_d_5,313,gel_ped,1.6,33,0.4843036037807537
crossing_90_d_5,313,gel_ped,2.0,33,0.6857318148471075
crossing_90_d_5,313,gel_ped,2.4000000000000004,33,0.8783016638119076
crossing_90_d_5,313,gel_ped,2.8000000000000003,33,1.1129680875928185
crossing_90_d_5,313,gel_ped,3.2,33,1.3763858810084546
crossing_90_d_5,353,constant_velocity,0.4,34,0.1199788852915906
crossing_90_d_5,353,constant_velocity,0.8,34,0.22157771975778023
crossing_90_d_5,353,constant_velocity,1.2000000000000002,34,0.3662642798241333
crossing_90_d_5,353,constant_velocity,1.6,34,0.5229988087568401
crossing_90_d_5,353,constant_velocity,2.0,34,0.7138249541800138
crossing_90_d_5,353,constant_velocity,2.4000000000000004,34,0.9152595984946499
crossing_90_d_5,353,constant_velocity,2.8000000000000003,34,1.0933976126014904
crossing_90_d_5,353,constant_velocity,3.2,34,1.2681430688633701
crossing_90_d_5,353,direct_mlp,0.4,34,0.1100730882687081
crossing_90_d_5,353,direct_mlp,0.8,34,0.17779774263164838
crossing_90_d_5,353,direct_mlp,1.2000000000000002,34,0.29446090457235785
crossing_90_d_5,353,direct_mlp,1.6,34,0.43675109595192657
crossing_90_d_5,353,direct_mlp,2.0,34,0.5971553130214153
crossing_90_d_5,353,direct_mlp,2.4000000000000004,34,0.7863238838131382
crossing_90_d_5,353,direct_mlp,2.8000000000000003,34,1.0019493841572975
crossing_90_d_5,353,direct_mlp,3.2,34,1.2934126502440386
crossing_90_d_5,353,direct_routed_control,0.4,34,0.11002953616863125
crossing_90_d_5,353,direct_routed_control,0.8,34,0.17690701927927743
crossing_90_d_5,353,direct_routed_control,1.2000000000000002,34,0.2910541098008395
crossing_90_d_5,353,direct_routed_control,1.6,34,0.43129750163507924
crossing_90_d_5,353,direct_routed_control,2.0,34,0.5896758550486373
crossing_90_d_5,353,direct_routed_control,2.4000000000000004,34,0.7772439844012303
crossing_90_d_5,353,direct_routed_control,2.8000000000000003,34,0.9905279254854868
crossing_90_d_5,353,direct_routed_control,3.2,34,1.279396650320078
crossing_90_d_5,353,tensor_prior,0.4,34,0.10755869182839453
crossing_90_d_5,353,tensor_prior,0.8,34,0.1864102332893619
crossing_90_d_5,353,tensor_prior,1.2000000000000002,34,0.2958239010378084
crossing_90_d_5,353,tensor_prior,1.6,34,0.4135565339729719
crossing_90_d_5,353,tensor_prior,2.0,34,0.5425377375787617
crossing_90_d_5,353,tensor_prior,2.4000000000000004,34,0.681864380457784
crossing_90_d_5,353,tensor_prior,2.8000000000000003,34,0.7738697981036766
crossing_90_d_5,353,tensor_prior,3.2,34,0.9158110560536721
crossing_90_d_5,353,gel_ped,0.4,34,0.10422570666502703
crossing_90_d_5,353,gel_ped,0.8,34,0.17054304088163547
crossing_90_d_5,353,gel_ped,1.2000000000000002,34,0.2774342371668243
crossing_90_d_5,353,gel_ped,1.6,34,0.40139072912967755
crossing_90_d_5,353,gel_ped,2.0,34,0.5505205376777351
crossing_90_d_5,353,gel_ped,2.4000000000000004,34,0.7047143670331513
crossing_90_d_5,353,gel_ped,2.8000000000000003,34,0.8414343792393572
crossing_90_d_5,353,gel_ped,3.2,34,1.066566707255164
crossing_90_d_5,393,constant_velocity,0.4,41,0.13042753676837152
crossing_90_d_5,393,constant_velocity,0.8,41,0.24299155599378344
crossing_90_d_5,393,constant_velocity,1.2000000000000002,41,0.42662724183427936
crossing_90_d_5,393,constant_velocity,1.6,41,0.6285700026019828
crossing_90_d_5,393,constant_velocity,2.0,41,0.8657423415437836
crossing_90_d_5,393,constant_velocity,2.4000000000000004,41,1.0957825016107166
crossing_90_d_5,393,constant_velocity,2.8000000000000003,41,1.3313392402144737
crossing_90_d_5,393,constant_velocity,3.2,41,1.549834146696308
crossing_90_d_5,393,direct_mlp,0.4,41,0.1290063499274153
crossing_90_d_5,393,direct_mlp,0.8,41,0.251068922800177
crossing_90_d_5,393,direct_mlp,1.2000000000000002,41,0.40855642978591306
crossing_90_d_5,393,direct_mlp,1.6,41,0.5885638592915232
crossing_90_d_5,393,direct_mlp,2.0,41,0.7999900409702527
crossing_90_d_5,393,direct_mlp,2.4000000000000004,41,1.0248411729350455
crossing_90_d_5,393,direct_mlp,2.8000000000000003,41,1.311742255587242
crossing_90_d_5,393,direct_mlp,3.2,41,1.615223513747942
crossing_90_d_5,393,direct_routed_control,0.4,41,0.12876452619470646
crossing_90_d_5,393,direct_routed_control,0.8,41,0.24968525561836893
crossing_90_d_5,393,direct_routed_control,1.2000000000000002,41,0.4058476825364441
crossing_90_d_5,393,direct_routed_control,1.6,41,0.5844356573153888
crossing_90_d_5,393,direct_routed_control,2.0,41,0.7947078660518047
crossing_90_d_5,393,direct_routed_control,2.4000000000000004,41,1.0177195649201964
crossing_90_d_5,393,direct_routed_control,2.8000000000000003,41,1.3025398455607038
crossing_90_d_5,393,direct_routed_control,3.2,41,1.605307748273278
crossing_90_d_5,393,tensor_prior,0.4,41,0.11771386281326715
crossing_90_d_5,393,tensor_prior,0.8,41,0.21755766698021894
crossing_90_d_5,393,tensor_prior,1.2000000000000002,41,0.34845176676341216
crossing_90_d_5,393,tensor_prior,1.6,41,0.49252060835896017
crossing_90_d_5,393,tensor_prior,2.0,41,0.6710361445647647
crossing_90_d_5,393,tensor_prior,2.4000000000000004,41,0.845266622494953
crossing_90_d_5,393,tensor_prior,2.8000000000000003,41,1.0419585646017728
crossing_90_d_5,393,tensor_prior,3.2,41,1.229016508334483
crossing_90_d_5,393,gel_ped,0.4,41,0.1234588202442705
crossing_90_d_5,393,gel_ped,0.8,41,0.2290703056734437
crossing_90_d_5,393,gel_ped,1.2000000000000002,41,0.36863308690492586
crossing_90_d_5,393,gel_ped,1.6,41,0.5290434601610645
crossing_90_d_5,393,gel_ped,2.0,41,0.7171536064705458
crossing_90_d_5,393,gel_ped,2.4000000000000004,41,0.9040628164526698
crossing_90_d_5,393,gel_ped,2.8000000000000003,41,1.1355565092101148
crossing_90_d_5,393,gel_ped,3.2,41,1.3737085455475166
crossing_90_d_5,433,constant_velocity,0.4,35,0.12275590081004548
crossing_90_d_5,433,constant_velocity,0.8,35,0.24865693078512063
crossing_90_d_5,433,constant_velocity,1.2000000000000002,35,0.45998735577170563
crossing_90_d_5,433,constant_velocity,1.6,35,0.6852106635577762
crossing_90_d_5,433,constant_velocity,2.0,35,0.9414854262802397
crossing_90_d_5,433,constant_velocity,2.4000000000000004,35,1.1761349710327895
crossing_90_d_5,433,constant_velocity,2.8000000000000003,35,1.4344392690729064
crossing_90_d_5,433,constant_velocity,3.2,35,1.6857021220446338
crossing_90_d_5,433,direct_mlp,0.4,35,0.09756312681756814
crossing_90_d_5,433,direct_mlp,0.8,35,0.20494936644282308
crossing_90_d_5,433,direct_mlp,1.2000000000000002,35,0.4003091260174867
crossing_90_d_5,433,direct_mlp,1.6,35,0.621376248684419
crossing_90_d_5,433,direct_mlp,2.0,35,0.8604980057115506
crossing_90_d_5,433,direct_mlp,2.4000000000000004,35,1.1239482770221498
crossing_90_d_5,433,direct_mlp,2.8000000000000003,35,1.4700923118036384
crossing_90_d_5,433,direct_mlp,3.2,35,1.8195793820396953
crossing_90_d_5,433,direct_routed_control,0.4,35,0.09754969770386397
crossing_90_d_5,433,direct_routed_control,0.8,35,0.20454268087994043
crossing_90_d_5,433,direct_routed_control,1.2000000000000002,35,0.39907338651847574
crossing_90_d_5,433,direct_routed_control,1.6,35,0.6188215910974108
crossing_90_d_5,433,direct_routed_control,2.0,35,0.8538914570094105
crossing_90_d_5,433,direct_routed_control,2.4000000000000004,35,1.1145936183998981
crossing_90_d_5,433,direct_routed_control,2.8000000000000003,35,1.4575871082250391
crossing_90_d_5,433,direct_routed_control,3.2,35,1.8053998112798129
crossing_90_d_5,433,tensor_prior,0.4,35,0.10282885126716798
crossing_90_d_5,433,tensor_prior,0.8,35,0.20842957962157282
crossing_90_d_5,433,tensor_prior,1.2000000000000002,35,0.38335456766842807
crossing_90_d_5,433,tensor_prior,1.6,35,0.557405640028718
crossing_90_d_5,433,tensor_prior,2.0,35,0.7342159709871512
crossing_90_d_5,433,tensor_prior,2.4000000000000004,35,0.9056908999702462
crossing_90_d_5,433,tensor_prior,2.8000000000000003,35,1.1354758226412511
crossing_90_d_5,433,tensor_prior,3.2,35,1.3881437971323582
crossing_90_d_5,433,gel_ped,0.4,35,0.09409799853473508
crossing_90_d_5,433,gel_ped,0.8,35,0.17445031837420585
crossing_90_d_5,433,gel_ped,1.2000000000000002,35,0.3415377098465214
crossing_90_d_5,433,gel_ped,1.6,35,0.522773233045312
crossing_90_d_5,433,gel_ped,2.0,35,0.7125504195960061
crossing_90_d_5,433,gel_ped,2.4000000000000004,35,0.9003392771792375
crossing_90_d_5,433,gel_ped,2.8000000000000003,35,1.1445643062913917
crossing_90_d_5,433,gel_ped,3.2,35,1.4208574155860656
crossing_90_d_5,473,constant_velocity,0.4,32,0.13404578563636027
crossing_90_d_5,473,constant_velocity,0.8,32,0.25598071409115486
crossing_90_d_5,473,constant_velocity,1.2000000000000002,32,0.41144854712978574
crossing_90_d_5,473,constant_velocity,1.6,32,0.5700686953385932
crossing_90_d_5,473,constant_velocity,2.0,32,0.7443587910914611
crossing_90_d_5,473,constant_velocity,2.4000000000000004,32,0.9064871343719296
crossing_90_d_5,473,constant_velocity,2.8000000000000003,32,1.094140525397527
crossing_90_d_5,473,constant_velocity,3.2,32,1.2721836755986453
crossing_90_d_5,473,direct_mlp,0.4,32,0.12753879333958962
crossing_90_d_5,473,direct_mlp,0.8,32,0.25419247991998406
crossing_90_d_5,473,direct_mlp,1.2000000000000002,32,0.4270066706645642
crossing_90_d_5,473,direct_mlp,1.6,32,0.6497166380932785
crossing_90_d_5,473,direct_mlp,2.0,32,0.8659101384289598
crossing_90_d_5,473,direct_mlp,2.4000000000000004,32,1.1066150357192843
crossing_90_d_5,473,direct_mlp,2.8000000000000003,32,1.3714691780681105
crossing_90_d_5,473,direct_mlp,3.2,32,1.6612192044770655
crossing_90_d_5,473,direct_routed_control,0.4,32,0.12788341199066317
crossing_90_d_5,473,direct_routed_control,0.8,32,0.254422189439123
crossing_90_d_5,473,direct_routed_control,1.2000000000000002,32,0.4261660880735605
crossing_90_d_5,473,direct_routed_control,1.6,32,0.6488664819868702
crossing_90_d_5,473,direct_routed_control,2.0,32,0.8642682030732862
crossing_90_d_5,473,direct_routed_control,2.4000000000000004,32,1.1032578086993383
crossing_90_d_5,473,direct_routed_control,2.8000000000000003,32,1.3665163056820844
crossing_90_d_5,473,direct_routed_control,3.2,32,1.6540605048897454
crossing_90_d_5,473,tensor_prior,0.4,32,0.11959338007077495
crossing_90_d_5,473,tensor_prior,0.8,32,0.2363012283375146
crossing_90_d_5,473,tensor_prior,1.2000000000000002,32,0.3758324252606533
crossing_90_d_5,473,tensor_prior,1.6,32,0.5402421271765614
crossing_90_d_5,473,tensor_prior,2.0,32,0.697327593354315
crossing_90_d_5,473,tensor_prior,2.4000000000000004,32,0.8638553040064456
crossing_90_d_5,473,tensor_prior,2.8000000000000003,32,1.055647554509009
crossing_90_d_5,473,tensor_prior,3.2,32,1.2583645310137255
crossing_90_d_5,473,gel_ped,0.4,32,0.11637609693944286
crossing_90_d_5,473,gel_ped,0.8,32,0.2269039527903636
crossing_90_d_5,473,gel_ped,1.2000000000000002,32,0.37366988762253506
crossing_90_d_5,473,gel_ped,1.6,32,0.5652567182734952
crossing_90_d_5,473,gel_ped,2.0,32,0.7348040937914357
crossing_90_d_5,473,gel_ped,2.4000000000000004,32,0.91913208322897
crossing_90_d_5,473,gel_ped,2.8000000000000003,32,1.1401062834429325
crossing_90_d_5,473,gel_ped,3.2,32,1.3778258962911423
crossing_90_d_5,513,constant_velocity,0.4,38,0.1610843520309461
crossing_90_d_5,513,constant_velocity,0.8,38,0.27196261205669026
crossing_90_d_5,513,constant_velocity,1.2000000000000002,38,0.42127299627794296
crossing_90_d_5,513,constant_velocity,1.6,38,0.5996993907159806
crossing_90_d_5,513,constant_velocity,2.0,38,0.8102547711235772
crossing_90_d_5,513,constant_velocity,2.4000000000000004,38,1.0326250596386355
crossing_90_d_5,513,constant_velocity,2.8000000000000003,38,1.2619107128089957
crossing_90_d_5,513,constant_velocity,3.2,38,1.4902594435873118
crossing_90_d_5,513,direct_mlp,0.4,38,0.14537604435190624
crossing_90_d_5,513,direct_mlp,0.8,38,0.255033109417888
crossing_90_d_5,513,direct_mlp,1.2000000000000002,38,0.386792561439402
crossing_90_d_5,513,direct_mlp,1.6,38,0.5557473048002486
crossing_90_d_5,513,direct_mlp,2.0,38,0.7559686181440273
crossing_90_d_5,513,direct_mlp,2.4000000000000004,38,0.9699611819744596
crossing_90_d_5,513,direct_mlp,2.8000000000000003,38,1.1843470573020183
crossing_90_d_5,513,direct_mlp,3.2,38,1.4425895900534118
crossing_90_d_5,513,direct_routed_control,0.4,38,0.1455986675862423
crossing_90_d_5,513,direct_routed_control,0.8,38,0.25499822012609724
crossing_90_d_5,513,direct_routed_control,1.2000000000000002,38,0.38689743613419664
crossing_90_d_5,513,direct_routed_control,1.6,38,0.5548801160745187
crossing_90_d_5,513,direct_routed_control,2.0,38,0.7542748145679206
crossing_90_d_5,513,direct_routed_control,2.4000000000000004,38,0.9670442751793632
crossing_90_d_5,513,direct_routed_control,2.8000000000000003,38,1.1802231638220113
crossing_90_d_5,513,direct_routed_control,3.2,38,1.4380290455543319
crossing_90_d_5,513,tensor_prior,0.4,38,0.12673505044732764
crossing_90_d_5,513,tensor_prior,0.8,38,0.20277626931284268
crossing_90_d_5,513,tensor_prior,1.2000000000000002,38,0.31817750028987174
crossing_90_d_5,513,tensor_prior,1.6,38,0.4650526721585975
crossing_90_d_5,513,tensor_prior,2.0,38,0.6364608043977474
crossing_90_d_5,513,tensor_prior,2.4000000000000004,38,0.8095667080551298
crossing_90_d_5,513,tensor_prior,2.8000000000000003,38,0.9935892244949422
crossing_90_d_5,513,tensor_prior,3.2,38,1.179883428605831
crossing_90_d_5,513,gel_ped,0.4,38,0.13818665526773635
crossing_90_d_5,513,gel_ped,0.8,38,0.23266270722176632
crossing_90_d_5,513,gel_ped,1.2000000000000002,38,0.34225448725799323
crossing_90_d_5,513,gel_ped,1.6,38,0.5013610525863502
crossing_90_d_5,513,gel_ped,2.0,38,0.6903420244714169
crossing_90_d_5,513,gel_ped,2.4000000000000004,38,0.885911109703192
crossing_90_d_5,513,gel_ped,2.8000000000000003,38,1.0836934352027674
crossing_90_d_5,513,gel_ped,3.2,38,1.3091960674506569
crossing_90_d_6,69,constant_velocity,0.4,4,0.12737550037959022
crossing_90_d_6,69,constant_velocity,0.8,4,0.2786564054826245
crossing_90_d_6,69,constant_velocity,1.2000000000000002,4,0.3978204373343757
crossing_90_d_6,69,constant_velocity,1.6,4,0.5821227650445298
crossing_90_d_6,69,constant_velocity,2.0,4,0.7361232905877536
crossing_90_d_6,69,constant_velocity,2.4000000000000004,4,0.842731128450252
crossing_90_d_6,69,constant_velocity,2.8000000000000003,4,0.9629642303770491
crossing_90_d_6,69,constant_velocity,3.2,4,1.0303383318350798
crossing_90_d_6,69,direct_mlp,0.4,4,0.21617632426456776
crossing_90_d_6,69,direct_mlp,0.8,4,0.47368182360378597
crossing_90_d_6,69,direct_mlp,1.2000000000000002,4,0.7760831622650204
crossing_90_d_6,69,direct_mlp,1.6,4,1.1266028953547367
crossing_90_d_6,69,direct_mlp,2.0,4,1.4693197672694882
crossing_90_d_6,69,direct_mlp,2.4000000000000004,4,1.7835731660666607
crossing_90_d_6,69,direct_mlp,2.8000000000000003,4,2.12316425397916
crossing_90_d_6,69,direct_mlp,3.2,4,2.4483711243404436
crossing_90_d_6,69,direct_routed_control,0.4,4,0.218438254785312
crossing_90_d_6,69,direct_routed_control,0.8,4,0.475564507634172
crossing_90_d_6,69,direct_routed_control,1.2000000000000002,4,0.7760421660543679
crossing_90_d_6,69,direct_routed_control,1.6,4,1.1230108453113374
crossing_90_d_6,69,direct_routed_control,2.0,4,1.4620013021660005
crossing_90_d_6,69,direct_routed_control,2.4000000000000004,4,1.7729139903973408
crossing_90_d_6,69,direct_routed_control,2.8000000000000003,4,2.1097765343381103
crossing_90_d_6,69,direct_routed_control,3.2,4,2.4322458513432963
crossing_90_d_6,69,tensor_prior,0.4,4,0.14113624106679024
crossing_90_d_6,69,tensor_prior,0.8,4,0.2998007285336372
crossing_90_d_6,69,tensor_prior,1.2000000000000002,4,0.4980431312822522
crossing_90_d_6,69,tensor_prior,1.6,4,0.7333444592047206
crossing_90_d_6,69,tensor_prior,2.0,4,0.9796182869378034
crossing_90_d_6,69,tensor_prior,2.4000000000000004,4,1.1970650564118244
crossing_90_d_6,69,tensor_prior,2.8000000000000003,4,1.4496701675435546
crossing_90_d_6,69,tensor_prior,3.2,4,1.6865614326465432
crossing_90_d_6,69,gel_ped,0.4,4,0.15652938853277848
crossing_90_d_6,69,gel_ped,0.8,4,0.3326176965614623
crossing_90_d_6,69,gel_ped,1.2000000000000002,4,0.5474367386488626
crossing_90_d_6,69,gel_ped,1.6,4,0.8125804436811724
crossing_90_d_6,69,gel_ped,2.0,4,1.0720938012997092
crossing_90_d_6,69,gel_ped,2.4000000000000004,4,1.3072317970572112
crossing_90_d_6,69,gel_ped,2.8000000000000003,4,1.5855863309363436
crossing_90_d_6,69,gel_ped,3.2,4,1.8421566051116116
crossing_90_d_6,109,constant_velocity,0.4,25,0.12094594844574388
crossing_90_d_6,109,constant_velocity,0.8,25,0.21028441961133715
crossing_90_d_6,109,constant_velocity,1.2000000000000002,25,0.36600086704417734
crossing_90_d_6,109,constant_velocity,1.6,25,0.4893791701949979
crossing_90_d_6,109,constant_velocity,2.0,25,0.6317298451544012
crossing_90_d_6,109,constant_velocity,2.4000000000000004,25,0.8069345897946895
crossing_90_d_6,109,constant_velocity,2.8000000000000003,25,0.9647878449192239
crossing_90_d_6,109,constant_velocity,3.2,25,1.1084405922821765
crossing_90_d_6,109,direct_mlp,0.4,25,0.18914249336759614
crossing_90_d_6,109,direct_mlp,0.8,25,0.3858525816772895
crossing_90_d_6,109,direct_mlp,1.2000000000000002,25,0.6306934808357542
crossing_90_d_6,109,direct_mlp,1.6,25,0.8423895241565127
crossing_90_d_6,109,direct_mlp,2.0,25,1.0585119291425829
crossing_90_d_6,109,direct_mlp,2.4000000000000004,25,1.3179366553639236
crossing_90_d_6,109,direct_mlp,2.8000000000000003,25,1.5879834124496386
crossing_90_d_6,109,direct_mlp,3.2,25,1.922138743672558
crossing_90_d_6,109,direct_routed_control,0.4,25,0.19448362616300488
crossing_90_d_6,109,direct_routed_control,0.8,25,0.3960812346030413
crossing_90_d_6,109,direct_routed_control,1.2000000000000002,25,0.6394337998490955
crossing_90_d_6,109,direct_routed_control,1.6,25,0.8489906650824958
crossing_90_d_6,109,direct_routed_control,2.0,25,1.0631993492370015
crossing_90_d_6,109,direct_routed_control,2.4000000000000004,25,1.3202656338010914
crossing_90_d_6,109,direct_routed_control,2.8000000000000003,25,1.5879832864106842
crossing_90_d_6,109,direct_routed_control,3.2,25,1.9201766032432461
crossing_90_d_6,109,tensor_prior,0.4,25,0.12065559441798644
crossing_90_d_6,109,tensor_prior,0.8,25,0.22061334242852174
crossing_90_d_6,109,tensor_prior,1.2000000000000002,25,0.3810276835801513
crossing_90_d_6,109,tensor_prior,1.6,25,0.49895133549032855
crossing_90_d_6,109,tensor_prior,2.0,25,0.5878076449535523
crossing_90_d_6,109,tensor_prior,2.4000000000000004,25,0.7311485283602525
crossing_90_d_6,109,tensor_prior,2.8000000000000003,25,0.8420805831794496
crossing_90_d_6,109,tensor_prior,3.2,25,0.9662300579234946
crossing_90_d_6,109,gel_ped,0.4,25,0.12049424354674498
crossing_90_d_6,109,gel_ped,0.8,25,0.21685561875673096
crossing_90_d_6,109,gel_ped,1.2000000000000002,25,0.3866729707827752
crossing_90_d_6,109,gel_ped,1.6,25,0.49670424546143477
crossing_90_d_6,109,gel_ped,2.0,25,0.5976814203978674
crossing_90_d_6,109,gel_ped,2.4000000000000004,25,0.749529879207105
crossing_90_d_6,109,gel_ped,2.8000000000000003,25,0.8937712808441618
crossing_90_d_6,109,gel_ped,3.2,25,1.064773833297471
crossing_90_d_6,149,constant_velocity,0.4,33,0.14307475460968455
crossing_90_d_6,149,constant_velocity,0.8,33,0.2779443558726964
crossing_90_d_6,149,constant_velocity,1.2000000000000002,33,0.4378041223733413
crossing_90_d_6,149,constant_velocity,1.6,33,0.6034257264277322
crossing_90_d_6,149,constant_velocity,2.0,33,0.787465889493752
crossing_90_d_6,149,constant_velocity,2.4000000000000004,33,0.976913558929263
crossing_90_d_6,149,constant_velocity,2.8000000000000003,33,1.1249928222474224
crossing_90_d_6,149,constant_velocity,3.2,33,1.2606342338130996
crossing_90_d_6,149,direct_mlp,0.4,33,0.13142999864071442
crossing_90_d_6,149,direct_mlp,0.8,33,0.2724690112015392
crossing_90_d_6,149,direct_mlp,1.2000000000000002,33,0.4668679935924162
crossing_90_d_6,149,direct_mlp,1.6,33,0.647800733556418
crossing_90_d_6,149,direct_mlp,2.0,33,0.8326498965722157
crossing_90_d_6,149,direct_mlp,2.4000000000000004,33,1.0506776265687243
crossing_90_d_6,149,direct_mlp,2.8000000000000003,33,1.3642915763854166
crossing_90_d_6,149,direct_mlp,3.2,33,1.7657389909587669
crossing_90_d_6,149,direct_routed_control,0.4,33,0.13229735655483443
crossing_90_d_6,149,direct_routed_control,0.8,33,0.2729062604099856
crossing_90_d_6,149,direct_routed_control,1.2000000000000002,33,0.463487899166082
crossing_90_d_6,149,direct_routed_control,1.6,33,0.6384156156358647
crossing_90_d_6,149,direct_routed_control,2.0,33,0.8175888171337652
crossing_90_d_6,149,direct_routed_control,2.4000000000000004,33,1.0306059434612356
crossing_90_d_6,149,direct_routed_control,2.8000000000000003,33,1.3395233547408645
crossing_90_d_6,149,direct_routed_control,3.2,33,1.7376199670348218
crossing_90_d_6,149,tensor_prior,0.4,33,0.12645653062348564
crossing_90_d_6,149,tensor_prior,0.8,33,0.2437738061970799
crossing_90_d_6,149,tensor_prior,1.2000000000000002,33,0.369056584712903
crossing_90_d_6,149,tensor_prior,1.6,33,0.47080920241399504
crossing_90_d_6,149,tensor_prior,2.0,33,0.5671402346825234
crossing_90_d_6,149,tensor_prior,2.4000000000000004,33,0.6599732208426621
crossing_90_d_6,149,tensor_prior,2.8000000000000003,33,0.7653629741266261
crossing_90_d_6,149,tensor_prior,3.2,33,0.9193229542588907
crossing_90_d_6,149,gel_ped,0.4,33,0.13531970757603265
crossing_90_d_6,149,gel_ped,0.8,33,0.2558122775551457
crossing_90_d_6,149,gel_ped,1.2000000000000002,33,0.397793065215337
crossing_90_d_6,149,gel_ped,1.6,33,0.48951701083915544
crossing_90_d_6,149,gel_ped,2.0,33,0.5948473603542013
crossing_90_d_6,149,gel_ped,2.4000000000000004,33,0.7123247606990861
crossing_90_d_6,149,gel_ped,2.8000000000000003,33,0.8655818900551233
crossing_90_d_6,149,gel_ped,3.2,33,1.084140246067795
crossing_90_d_6,189,constant_velocity,0.4,43,0.13927989478598032
crossing_90_d_6,189,constant_velocity,0.8,43,0.29483317628151245
crossing_90_d_6,189,constant_velocity,1.2000000000000002,43,0.4931964462577985
crossing_90_d_6,189,constant_velocity,1.6,43,0.7347368886437489
crossing_90_d_6,189,constant_velocity,2.0,43,0.9800949450965922
crossing_90_d_6,189,constant_velocity,2.4000000000000004,43,1.2470724383284042
crossing_90_d_6,189,constant_velocity,2.8000000000000003,43,1.5137047781891997
crossing_90_d_6,189,constant_velocity,3.2,43,1.7651456187857852
crossing_90_d_6,189,direct_mlp,0.4,43,0.13323510835312666
crossing_90_d_6,189,direct_mlp,0.8,43,0.2763097170288691
crossing_90_d_6,189,direct_mlp,1.2000000000000002,43,0.4806824047808322
crossing_90_d_6,189,direct_mlp,1.6,43,0.7120967807901615
crossing_90_d_6,189,direct_mlp,2.0,43,1.0046453902011963
crossing_90_d_6,189,direct_mlp,2.4000000000000004,43,1.3304090719067403
crossing_90_d_6,189,direct_mlp,2.8000000000000003,43,1.6950783445372821
crossing_90_d_6,189,direct_mlp,3.2,43,2.072013309724456
crossing_90_d_6,189,direct_routed_control,0.4,43,0.13353933247575858
crossing_90_d_6,189,direct_routed_control,0.8,43,0.275275370137786
crossing_90_d_6,189,direct_routed_control,1.2000000000000002,43,0.4768339230252913
crossing_90_d_6,189,direct_routed_control,1.6,43,0.7040351387372934
crossing_90_d_6,189,direct_routed_control,2.0,43,0.9911716740019019
crossing_90_d_6,189,direct_routed_control,2.4000000000000004,43,1.3135332446039905
crossing_90_d_6,189,direct_routed_control,2.8000000000000003,43,1.6752937507593357
crossing_90_d_6,189,direct_routed_control,3.2,43,2.0487109039060067
crossing_90_d_6,189,tensor_prior,0.4,43,0.12004428093499214
crossing_90_d_6,189,tensor_prior,0.8,43,0.2500973275257902
crossing_90_d_6,189,tensor_prior,1.2000000000000002,43,0.4243324573002149
crossing_90_d_6,189,tensor_prior,1.6,43,0.5905529354385031
crossing_90_d_6,189,tensor_prior,2.0,43,0.7899458175533495
crossing_90_d_6,189,tensor_prior,2.4000000000000004,43,1.0041353192071696
crossing_90_d_6,189,tensor_prior,2.8000000000000003,43,1.2302268857465506
crossing_90_d_6,189,tensor_prior,3.2,43,1.4660225287828366
crossing_90_d_6,189,gel_ped,0.4,43,0.12124645729991845
crossing_90_d_6,189,gel_ped,0.8,43,0.2545594224932317
crossing_90_d_6,189,gel_ped,1.2000000000000002,43,0.42771009291030976
crossing_90_d_6,189,gel_ped,1.6,43,0.6079146366116146
crossing_90_d_6,189,gel_ped,2.0,43,0.7978910709987687
crossing_90_d_6,189,gel_ped,2.4000000000000004,43,1.0224423136898848
crossing_90_d_6,189,gel_ped,2.8000000000000003,43,1.2957720974916913
crossing_90_d_6,189,gel_ped,3.2,43,1.5942792992545312
crossing_90_d_6,229,constant_velocity,0.4,51,0.13026117389553896
crossing_90_d_6,229,constant_velocity,0.8,51,0.24134136236400472
crossing_90_d_6,229,constant_velocity,1.2000000000000002,51,0.40604610720052764
crossing_90_d_6,229,constant_velocity,1.6,51,0.5768239513735934
crossing_90_d_6,229,constant_velocity,2.0,51,0.7677410465783028
crossing_90_d_6,229,constant_velocity,2.4000000000000004,51,0.9453208267278727
crossing_90_d_6,229,constant_velocity,2.8000000000000003,51,1.10754711933382
crossing_90_d_6,229,constant_velocity,3.2,51,1.297918425538479
crossing_90_d_6,229,direct_mlp,0.4,51,0.12891814590935674
crossing_90_d_6,229,direct_mlp,0.8,51,0.2668000088051613
crossing_90_d_6,229,direct_mlp,1.2000000000000002,51,0.4445337384316705
crossing_90_d_6,229,direct_mlp,1.6,51,0.6559153469711871
crossing_90_d_6,229,direct_mlp,2.0,51,0.8826668732044726
crossing_90_d_6,229,direct_mlp,2.4000000000000004,51,1.1240693991851236
crossing_90_d_6,229,direct_mlp,2.8000000000000003,51,1.3790502712850212
crossing_90_d_6,229,direct_mlp,3.2,51,1.6615924491022835
crossing_90_d_6,229,direct_routed_control,0.4,51,0.1288746515045819
crossing_90_d_6,229,direct_routed_control,0.8,51,0.26479723899795793
crossing_90_d_6,229,direct_routed_control,1.2000000000000002,51,0.44033419572782667
crossing_90_d_6,229,direct_routed_control,1.6,51,0.6486617072807213
crossing_90_d_6,229,direct_routed_control,2.0,51,0.8715056553182211
crossing_90_d_6,229,direct_routed_control,2.4000000000000004,51,1.1070256848476412
crossing_90_d_6,229,direct_routed_control,2.8000000000000003,51,1.356275379072057
crossing_90_d_6,229,direct_routed_control,3.2,51,1.6364336171828662
crossing_90_d_6,229,tensor_prior,0.4,51,0.1201491299923531
crossing_90_d_6,229,tensor_prior,0.8,51,0.22948771796343703
crossing_90_d_6,229,tensor_prior,1.2000000000000002,51,0.3802932046904544
crossing_90_d_6,229,tensor_prior,1.6,51,0.5391954010006081
crossing_90_d_6,229,tensor_prior,2.0,51,0.6993622283470715
crossing_90_d_6,229,tensor_prior,2.4000000000000004,51,0.8479794125528193
crossing_90_d_6,229,tensor_prior,2.8000000000000003,51,0.9747303720000953
crossing_90_d_6,229,tensor_prior,3.2,51,1.12411960415665
crossing_90_d_6,229,gel_ped,0.4,51,0.11824715040841191
crossing_90_d_6,229,gel_ped,0.8,51,0.21926971543877985
crossing_90_d_6,229,gel_ped,1.2000000000000002,51,0.3615439313186191
crossing_90_d_6,229,gel_ped,1.6,51,0.5184013818513808
crossing_90_d_6,229,gel_ped,2.0,51,0.6829517331918923
crossing_90_d_6,229,gel_ped,2.4000000000000004,51,0.8535174099418651
crossing_90_d_6,229,gel_ped,2.8000000000000003,51,1.0251674183157435
crossing_90_d_6,229,gel_ped,3.2,51,1.2255264706657363
crossing_90_d_6,269,constant_velocity,0.4,51,0.14551657707259127
crossing_90_d_6,269,constant_velocity,0.8,51,0.24233432104677413
crossing_90_d_6,269,constant_velocity,1.2000000000000002,51,0.40238118907371123
crossing_90_d_6,269,constant_velocity,1.6,51,0.5672708953497153
crossing_90_d_6,269,constant_velocity,2.0,51,0.7621295812606116
crossing_90_d_6,269,constant_velocity,2.4000000000000004,51,0.9341548953979193
crossing_90_d_6,269,constant_velocity,2.8000000000000003,51,1.1243614411828562
crossing_90_d_6,269,constant_velocity,3.2,51,1.3149052478448398
crossing_90_d_6,269,direct_mlp,0.4,51,0.12827125063312128
crossing_90_d_6,269,direct_mlp,0.8,51,0.2359921912107967
crossing_90_d_6,269,direct_mlp,1.2000000000000002,51,0.3798995144044678
crossing_90_d_6,269,direct_mlp,1.6,51,0.5406234049683468
crossing_90_d_6,269,direct_mlp,2.0,51,0.7299447057574981
crossing_90_d_6,269,direct_mlp,2.4000000000000004,51,0.9571585507717222
crossing_90_d_6,269,direct_mlp,2.8000000000000003,51,1.218056019900827
crossing_90_d_6,269,direct_mlp,3.2,51,1.5350259340836305
crossing_90_d_6,269,direct_routed_control,0.4,51,0.12783664592071536
crossing_90_d_6,269,direct_routed_control,0.8,51,0.2340398056442193
crossing_90_d_6,269,direct_routed_control,1.2000000000000002,51,0.375425198344174
crossing_90_d_6,269,direct_routed_control,1.6,51,0.5331115852930104
crossing_90_d_6,269,direct_routed_control,2.0,51,0.7185286958319794
crossing_90_d_6,269,direct_routed_control,2.4000000000000004,51,0.9411139227944738
crossing_90_d_6,269,direct_routed_control,2.8000000000000003,51,1.1967305235093577
crossing_90_d_6,269,direct_routed_control,3.2,51,1.5101999032474402
crossing_90_d_6,269,tensor_prior,0.4,51,0.13316185867961178
crossing_90_d_6,269,tensor_prior,0.8,51,0.21775274621243138
crossing_90_d_6,269,tensor_prior,1.2000000000000002,51,0.315750946345614
crossing_90_d_6,269,tensor_prior,1.6,51,0.41648283003604764
crossing_90_d_6,269,tensor_prior,2.0,51,0.5147577926932202
crossing_90_d_6,269,tensor_prior,2.4000000000000004,51,0.6203399704338686
crossing_90_d_6,269,tensor_prior,2.8000000000000003,51,0.7368127127497722
crossing_90_d_6,269,tensor_prior,3.2,51,0.8906545334652314
crossing_90_d_6,269,gel_ped,0.4,51,0.12012966587165602
crossing_90_d_6,269,gel_ped,0.8,51,0.21057818107708368
crossing_90_d_6,269,gel_ped,1.2000000000000002,51,0.32716611105155524
crossing_90_d_6,269,gel_ped,1.6,51,0.4551561008625975
crossing_90_d_6,269,gel_ped,2.0,51,0.6013893419381736
crossing_90_d_6,269,gel_ped,2.4000000000000004,51,0.7552848520530085
crossing_90_d_6,269,gel_ped,2.8000000000000003,51,0.946419829455922
crossing_90_d_6,269,gel_ped,3.2,51,1.182745838083859
crossing_90_d_6,309,constant_velocity,0.4,59,0.13571713410503072
crossing_90_d_6,309,constant_velocity,0.8,59,0.2388611516577314
crossing_90_d_6,309,constant_velocity,1.2000000000000002,59,0.42956256394975634
crossing_90_d_6,309,constant_velocity,1.6,59,0.6278006470154586
crossing_90_d_6,309,constant_velocity,2.0,59,0.8848898651553625
crossing_90_d_6,309,constant_velocity,2.4000000000000004,59,1.13608348478703
crossing_90_d_6,309,constant_velocity,2.8000000000000003,59,1.397620646014306
crossing_90_d_6,309,constant_velocity,3.2,59,1.6480309891243832
crossing_90_d_6,309,direct_mlp,0.4,59,0.11933395915861819
crossing_90_d_6,309,direct_mlp,0.8,59,0.2248245973982025
crossing_90_d_6,309,direct_mlp,1.2000000000000002,59,0.3797140677166491
crossing_90_d_6,309,direct_mlp,1.6,59,0.5581640659417746
crossing_90_d_6,309,direct_mlp,2.0,59,0.7939871620419386
crossing_90_d_6,309,direct_mlp,2.4000000000000004,59,1.0603210923393238
crossing_90_d_6,309,direct_mlp,2.8000000000000003,59,1.3473773599658516
crossing_90_d_6,309,direct_mlp,3.2,59,1.673909674278369
crossing_90_d_6,309,direct_routed_control,0.4,59,0.11895193560249154
crossing_90_d_6,309,direct_routed_control,0.8,59,0.2214945453032292
crossing_90_d_6,309,direct_routed_control,1.2000000000000002,59,0.37423889814082895
crossing_90_d_6,309,direct_routed_control,1.6,59,0.5488874394098165
crossing_90_d_6,309,direct_routed_control,2.0,59,0.781217160979036
crossing_90_d_6,309,direct_routed_control,2.4000000000000004,59,1.0443053711750045
crossing_90_d_6,309,direct_routed_control,2.8000000000000003,59,1.3273983605901567
crossing_90_d_6,309,direct_routed_control,3.2,59,1.651516040020162
crossing_90_d_6,309,tensor_prior,0.4,59,0.11600676219085045
crossing_90_d_6,309,tensor_prior,0.8,59,0.19550191677008408
crossing_90_d_6,309,tensor_prior,1.2000000000000002,59,0.3306686452353195
crossing_90_d_6,309,tensor_prior,1.6,59,0.457552442826747
crossing_90_d_6,309,tensor_prior,2.0,59,0.6191700845481267
crossing_90_d_6,309,tensor_prior,2.4000000000000004,59,0.8057382985036373
crossing_90_d_6,309,tensor_prior,2.8000000000000003,59,1.0017533375336867
crossing_90_d_6,309,tensor_prior,3.2,59,1.2120652669456569
crossing_90_d_6,309,gel_ped,0.4,59,0.11705596240859911
crossing_90_d_6,309,gel_ped,0.8,59,0.20969027729044537
crossing_90_d_6,309,gel_ped,1.2000000000000002,59,0.3577603623212161
crossing_90_d_6,309,gel_ped,1.6,59,0.5051300437426645
crossing_90_d_6,309,gel_ped,2.0,59,0.6854668858872818
crossing_90_d_6,309,gel_ped,2.4000000000000004,59,0.9013276269276107
crossing_90_d_6,309,gel_ped,2.8000000000000003,59,1.1448787350192793
crossing_90_d_6,309,gel_ped,3.2,59,1.4255120305827171
crossing_90_d_6,349,constant_velocity,0.4,59,0.13645044563291267
crossing_90_d_6,349,constant_velocity,0.8,59,0.21079749906618833
crossing_90_d_6,349,constant_velocity,1.2000000000000002,59,0.3643768370350313
crossing_90_d_6,349,constant_velocity,1.6,59,0.5124799402450122
crossing_90_d_6,349,constant_velocity,2.0,59,0.7108859426646368
crossing_90_d_6,349,constant_velocity,2.4000000000000004,59,0.9210825302296197
crossing_90_d_6,349,constant_velocity,2.8000000000000003,59,1.1634926325672243
crossing_90_d_6,349,constant_velocity,3.2,59,1.416773745168856
crossing_90_d_6,349,direct_mlp,0.4,59,0.11617296449225431
crossing_90_d_6,349,direct_mlp,0.8,59,0.19376820147180718
crossing_90_d_6,349,direct_mlp,1.2000000000000002,59,0.3242755534095758
crossing_90_d_6,349,direct_mlp,1.6,59,0.46898057548374233
crossing_90_d_6,349,direct_mlp,2.0,59,0.671119226281815
crossing_90_d_6,349,direct_mlp,2.4000000000000004,59,0.8832494990082866
crossing_90_d_6,349,direct_mlp,2.8000000000000003,59,1.1279724232586712
crossing_90_d_6,349,direct_mlp,3.2,59,1.4002283151677424
crossing_90_d_6,349,direct_routed_control,0.4,59,0.11617056898002101
crossing_90_d_6,349,direct_routed_control,0.8,59,0.19205545315526112
crossing_90_d_6,349,direct_routed_control,1.2000000000000002,59,0.3214521194291095
crossing_90_d_6,349,direct_routed_control,1.6,59,0.4645809716225961
crossing_90_d_6,349,direct_routed_control,2.0,59,0.6647147634693928
crossing_90_d_6,349,direct_routed_control,2.4000000000000004,59,0.8745184125865021
crossing_90_d_6,349,direct_routed_control,2.8000000000000003,59,1.117522450309075
crossing_90_d_6,349,direct_routed_control,3.2,59,1.3876557761107995
crossing_90_d_6,349,tensor_prior,0.4,59,0.11439644031504871
crossing_90_d_6,349,tensor_prior,0.8,59,0.16845749883836103
crossing_90_d_6,349,tensor_prior,1.2000000000000002,59,0.28592463563831677
crossing_90_d_6,349,tensor_prior,1.6,59,0.39398257306973056
crossing_90_d_6,349,tensor_prior,2.0,59,0.5497646431102533
crossing_90_d_6,349,tensor_prior,2.4000000000000004,59,0.7214810137370097
crossing_90_d_6,349,tensor_prior,2.8000000000000003,59,0.9172779431003062
crossing_90_d_6,349,tensor_prior,3.2,59,1.1223484423880858
crossing_90_d_6,349,gel_ped,0.4,59,0.11205618736167565
crossing_90_d_6,349,gel_ped,0.8,59,0.1683580697649283
crossing_90_d_6,349,gel_ped,1.2000000000000002,59,0.2796998601748899
crossing_90_d_6,349,gel_ped,1.6,59,0.3951685809015577
crossing_90_d_6,349,gel_ped,2.0,59,0.5597332549141659
crossing_90_d_6,349,gel_ped,2.4000000000000004,59,0.7365785918264225
crossing_90_d_6,349,gel_ped,2.8000000000000003,59,0.9453645793479203
crossing_90_d_6,349,gel_ped,3.2,59,1.180723593058955
crossing_90_d_6,389,constant_velocity,0.4,62,0.13999328922588736
crossing_90_d_6,389,constant_velocity,0.8,62,0.2426657103741755
crossing_90_d_6,389,constant_velocity,1.2000000000000002,62,0.4204764876399721
crossing_90_d_6,389,constant_velocity,1.6,62,0.5940861199284097
crossing_90_d_6,389,constant_velocity,2.0,62,0.7933458957167956
crossing_90_d_6,389,constant_velocity,2.4000000000000004,62,1.0153012920802271
crossing_90_d_6,389,constant_velocity,2.8000000000000003,62,1.241344737347491
crossing_90_d_6,389,constant_velocity,3.2,62,1.48248554261593
crossing_90_d_6,389,direct_mlp,0.4,62,0.11973130316391596
crossing_90_d_6,389,direct_mlp,0.8,62,0.21682757255675245
crossing_90_d_6,389,direct_mlp,1.2000000000000002,62,0.3541752058683619
crossing_90_d_6,389,direct_mlp,1.6,62,0.5112835701169496
crossing_90_d_6,389,direct_mlp,2.0,62,0.6792055984193257
crossing_90_d_6,389,direct_mlp,2.4000000000000004,62,0.8718915331774403
crossing_90_d_6,389,direct_mlp,2.8000000000000003,62,1.0741017708151464
crossing_90_d_6,389,direct_mlp,3.2,62,1.315372616166399
crossing_90_d_6,389,direct_routed_control,0.4,62,0.11958639605822224
crossing_90_d_6,389,direct_routed_control,0.8,62,0.21483777173503094
crossing_90_d_6,389,direct_routed_control,1.2000000000000002,62,0.35085562703420975
crossing_90_d_6,389,direct_routed_control,1.6,62,0.5062506363123325
crossing_90_d_6,389,direct_routed_control,2.0,62,0.671641523682923
crossing_90_d_6,389,direct_routed_control,2.4000000000000004,62,0.8613805786736064
crossing_90_d_6,389,direct_routed_control,2.8000000000000003,62,1.060090743864452
crossing_90_d_6,389,direct_routed_control,3.2,62,1.299061904122739
crossing_90_d_6,389,tensor_prior,0.4,62,0.12115827268616607
crossing_90_d_6,389,tensor_prior,0.8,62,0.2043828944473443
crossing_90_d_6,389,tensor_prior,1.2000000000000002,62,0.3349865561241993
crossing_90_d_6,389,tensor_prior,1.6,62,0.46918583035367384
crossing_90_d_6,389,tensor_prior,2.0,62,0.6078705165394188
crossing_90_d_6,389,tensor_prior,2.4000000000000004,62,0.7668473262338771
crossing_90_d_6,389,tensor_prior,2.8000000000000003,62,0.9164832298448865
crossing_90_d_6,389,tensor_prior,3.2,62,1.087064342888485
crossing_90_d_6,389,gel_ped,0.4,62,0.11420768933232635
crossing_90_d_6,389,gel_ped,0.8,62,0.19568728884354575
crossing_90_d_6,389,gel_ped,1.2000000000000002,62,0.31273080960640864
crossing_90_d_6,389,gel_ped,1.6,62,0.44493606628811055
crossing_90_d_6,389,gel_ped,2.0,62,0.5831374729100035
crossing_90_d_6,389,gel_ped,2.4000000000000004,62,0.7449482091924445
crossing_90_d_6,389,gel_ped,2.8000000000000003,62,0.905934111117433
crossing_90_d_6,389,gel_ped,3.2,62,1.1028299373774697
crossing_90_d_6,429,constant_velocity,0.4,67,0.13674768533016599
crossing_90_d_6,429,constant_velocity,0.8,67,0.23076942062250283
crossing_90_d_6,429,constant_velocity,1.2000000000000002,67,0.4018238896467614
crossing_90_d_6,429,constant_velocity,1.6,67,0.5709198751242507
crossing_90_d_6,429,constant_velocity,2.0,67,0.7698967282527346
crossing_90_d_6,429,constant_velocity,2.4000000000000004,67,0.9633357679017069
crossing_90_d_6,429,constant_velocity,2.8000000000000003,67,1.167709778842637
crossing_90_d_6,429,constant_velocity,3.2,67,1.3727721198144873
crossing_90_d_6,429,direct_mlp,0.4,67,0.11918134016004799
crossing_90_d_6,429,direct_mlp,0.8,67,0.2016693082695536
crossing_90_d_6,429,direct_mlp,1.2000000000000002,67,0.3347704470685555
crossing_90_d_6,429,direct_mlp,1.6,67,0.48751120124196184
crossing_90_d_6,429,direct_mlp,2.0,67,0.6446099604582788
crossing_90_d_6,429,direct_mlp,2.4000000000000004,67,0.8140593453655829
crossing_90_d_6,429,direct_mlp,2.8000000000000003,67,1.0226441641631496
crossing_90_d_6,429,direct_mlp,3.2,67,1.2435148022984392
crossing_90_d_6,429,direct_routed_control,0.4,67,0.11868812346944997
crossing_90_d_6,429,direct_routed_control,0.8,67,0.19893084535699154
crossing_90_d_6,429,direct_routed_control,1.2000000000000002,67,0.33059128374085817
crossing_90_d_6,429,direct_routed_control,1.6,67,0.480976669110622
crossing_90_d_6,429,direct_routed_control,2.0,67,0.6358217512937864
crossing_90_d_6,429,direct_routed_control,2.4000000000000004,67,0.8028668417657886
crossing_90_d_6,429,direct_routed_control,2.8000000000000003,67,1.0095375728970528
crossing_90_d_6,429,direct_routed_control,3.2,67,1.228413021018397
crossing_90_d_6,429,tensor_prior,0.4,67,0.11378284844555589
crossing_90_d_6,429,tensor_prior,0.8,67,0.18346879174597353
crossing_90_d_6,429,tensor_prior,1.2000000000000002,67,0.30152323111248575
crossing_90_d_6,429,tensor_prior,1.6,67,0.4205847744208497
crossing_90_d_6,429,tensor_prior,2.0,67,0.5523519713828569
crossing_90_d_6,429,tensor_prior,2.4000000000000004,67,0.6770839958023059
crossing_90_d_6,429,tensor_prior,2.8000000000000003,67,0.8107372173384663
crossing_90_d_6,429,tensor_prior,3.2,67,0.9497247673406121
crossing_90_d_6,429,gel_ped,0.4,67,0.11152043602634876
crossing_90_d_6,429,gel_ped,0.8,67,0.1820667733879247
crossing_90_d_6,429,gel_ped,1.2000000000000002,67,0.30374936228905663
crossing_90_d_6,429,gel_ped,1.6,67,0.43314669323994764
crossing_90_d_6,429,gel_ped,2.0,67,0.5718783824946164
crossing_90_d_6,429,gel_ped,2.4000000000000004,67,0.7124513635277461
crossing_90_d_6,429,gel_ped,2.8000000000000003,67,0.8879581205027051
crossing_90_d_6,429,gel_ped,3.2,67,1.0798406429422016
crossing_90_d_6,469,constant_velocity,0.4,70,0.13835513997455212
crossing_90_d_6,469,constant_velocity,0.8,70,0.23635174387131222
crossing_90_d_6,469,constant_velocity,1.2000000000000002,70,0.39204174282258075
crossing_90_d_6,469,constant_velocity,1.6,70,0.5553992512654693
crossing_90_d_6,469,constant_velocity,2.0,70,0.7600679368189266
crossing_90_d_6,469,constant_velocity,2.4000000000000004,70,0.9749727247889621
crossing_90_d_6,469,constant_velocity,2.8000000000000003,70,1.2123129317134262
crossing_90_d_6,469,constant_velocity,3.2,70,1.44956488751831
crossing_90_d_6,469,direct_mlp,0.4,70,0.11398181207378226
crossing_90_d_6,469,direct_mlp,0.8,70,0.18862242639344473
crossing_90_d_6,469,direct_mlp,1.2000000000000002,70,0.3093652620634133
crossing_90_d_6,469,direct_mlp,1.6,70,0.46083742710071973
crossing_90_d_6,469,direct_mlp,2.0,70,0.6122214688499716
crossing_90_d_6,469,direct_mlp,2.4000000000000004,70,0.7765788227362884
crossing_90_d_6,469,direct_mlp,2.8000000000000003,70,0.9680943493179625
crossing_90_d_6,469,direct_mlp,3.2,70,1.1804421622523422
crossing_90_d_6,469,direct_routed_control,0.4,70,0.11367081242705135
crossing_90_d_6,469,direct_routed_control,0.8,70,0.18699335937678788
crossing_90_d_6,469,direct_routed_control,1.2000000000000002,70,0.30630466462261596
crossing_90_d_6,469,direct_routed_control,1.6,70,0.45507527231003153
crossing_90_d_6,469,direct_routed_control,2.0,70,0.6044523594045343
crossing_90_d_6,469,direct_routed_control,2.4000000000000004,70,0.7662242765926077
crossing_90_d_6,469,direct_routed_control,2.8000000000000003,70,0.9568764162634529
crossing_90_d_6,469,direct_routed_control,3.2,70,1.1687051233238344
crossing_90_d_6,469,tensor_prior,0.4,70,0.11562982282246406
crossing_90_d_6,469,tensor_prior,0.8,70,0.18344449404133373
crossing_90_d_6,469,tensor_prior,1.2000000000000002,70,0.2951770870808031
crossing_90_d_6,469,tensor_prior,1.6,70,0.4168320604989471
crossing_90_d_6,469,tensor_prior,2.0,70,0.5431792355165874
crossing_90_d_6,469,tensor_prior,2.4000000000000004,70,0.6841160249631595
crossing_90_d_6,469,tensor_prior,2.8000000000000003,70,0.8387793078438041
crossing_90_d_6,469,tensor_prior,3.2,70,1.002901514159201
crossing_90_d_6,469,gel_ped,0.4,70,0.11180481991607849
crossing_90_d_6,469,gel_ped,0.8,70,0.18209900403098286
crossing_90_d_6,469,gel_ped,1.2000000000000002,70,0.2952702875440044
crossing_90_d_6,469,gel_ped,1.6,70,0.4232663966482566
crossing_90_d_6,469,gel_ped,2.0,70,0.5621404814435996
crossing_90_d_6,469,gel_ped,2.4000000000000004,70,0.7095249378726092
crossing_90_d_6,469,gel_ped,2.8000000000000003,70,0.8775592915531145
crossing_90_d_6,469,gel_ped,3.2,70,1.0671507907641338
crossing_90_d_6,509,constant_velocity,0.4,80,0.15142621943735413
crossing_90_d_6,509,constant_velocity,0.8,80,0.2592667320118055
crossing_90_d_6,509,constant_velocity,1.2000000000000002,80,0.38910107167613345
crossing_90_d_6,509,constant_velocity,1.6,80,0.5552910667627899
crossing_90_d_6,509,constant_velocity,2.0,80,0.7131125724592071
crossing_90_d_6,509,constant_velocity,2.4000000000000004,80,0.9085629054711883
crossing_90_d_6,509,constant_velocity,2.8000000000000003,80,1.10826691473885
crossing_90_d_6,509,constant_velocity,3.2,80,1.327925703263153
crossing_90_d_6,509,direct_mlp,0.4,80,0.1241901369256577
crossing_90_d_6,509,direct_mlp,0.8,80,0.21620757666767307
crossing_90_d_6,509,direct_mlp,1.2000000000000002,80,0.32553778315028886
crossing_90_d_6,509,direct_mlp,1.6,80,0.46820308978463865
crossing_90_d_6,509,direct_mlp,2.0,80,0.6324652043314629
crossing_90_d_6,509,direct_mlp,2.4000000000000004,80,0.8496192137395882
crossing_90_d_6,509,direct_mlp,2.8000000000000003,80,1.0662018330458705
crossing_90_d_6,509,direct_mlp,3.2,80,1.3234240527216972
crossing_90_d_6,509,direct_routed_control,0.4,80,0.12395761486075203
crossing_90_d_6,509,direct_routed_control,0.8,80,0.21471551229721678
crossing_90_d_6,509,direct_routed_control,1.2000000000000002,80,0.3234569647889847
crossing_90_d_6,509,direct_routed_control,1.6,80,0.46501812053543434
crossing_90_d_6,509,direct_routed_control,2.0,80,0.6278717400567617
crossing_90_d_6,509,direct_routed_control,2.4000000000000004,80,0.8437533237743935
crossing_90_d_6,509,direct_routed_control,2.8000000000000003,80,1.0595298033540366
crossing_90_d_6,509,direct_routed_control,3.2,80,1.316628693219513
crossing_90_d_6,509,tensor_prior,0.4,80,0.12343588958997694
crossing_90_d_6,509,tensor_prior,0.8,80,0.20248291225854215
crossing_90_d_6,509,tensor_prior,1.2000000000000002,80,0.28470703933404584
crossing_90_d_6,509,tensor_prior,1.6,80,0.40015115610723306
crossing_90_d_6,509,tensor_prior,2.0,80,0.5109842449565336
crossing_90_d_6,509,tensor_prior,2.4000000000000004,80,0.6674551060368634
crossing_90_d_6,509,tensor_prior,2.8000000000000003,80,0.8275305137377146
crossing_90_d_6,509,tensor_prior,3.2,80,1.0134576959216084
crossing_90_d_6,509,gel_ped,0.4,80,0.12180136505582358
crossing_90_d_6,509,gel_ped,0.8,80,0.20068677649830552
crossing_90_d_6,509,gel_ped,1.2000000000000002,80,0.29601447620876664
crossing_90_d_6,509,gel_ped,1.6,80,0.41542833960094816
crossing_90_d_6,509,gel_ped,2.0,80,0.5481370142658669
crossing_90_d_6,509,gel_ped,2.4000000000000004,80,0.7314231341228947
crossing_90_d_6,509,gel_ped,2.8000000000000003,80,0.9181754010760855
crossing_90_d_6,509,gel_ped,3.2,80,1.1461126425886483
crossing_90_d_7,59,constant_velocity,0.4,4,0.2464526862996752
crossing_90_d_7,59,constant_velocity,0.8,4,0.48694991581844943
crossing_90_d_7,59,constant_velocity,1.2000000000000002,4,0.7389295130570123
crossing_90_d_7,59,constant_velocity,1.6,4,0.8866893262582038
crossing_90_d_7,59,constant_velocity,2.0,4,1.0468629804285423
crossing_90_d_7,59,constant_velocity,2.4000000000000004,4,1.2274699566533567
crossing_90_d_7,59,constant_velocity,2.8000000000000003,4,1.3869881065874434
crossing_90_d_7,59,constant_velocity,3.2,4,1.5826417143738651
crossing_90_d_7,59,direct_mlp,0.4,4,0.3511379143679543
crossing_90_d_7,59,direct_mlp,0.8,4,0.7730799867390071
crossing_90_d_7,59,direct_mlp,1.2000000000000002,4,1.2410158241919829
crossing_90_d_7,59,direct_mlp,1.6,4,1.6191057395031359
crossing_90_d_7,59,direct_mlp,2.0,4,2.0504826546227433
crossing_90_d_7,59,direct_mlp,2.4000000000000004,4,2.5221655294859175
crossing_90_d_7,59,direct_mlp,2.8000000000000003,4,2.961944314535451
crossing_90_d_7,59,direct_mlp,3.2,4,3.447307628009475
crossing_90_d_7,59,direct_routed_control,0.4,4,0.35187539627317466
crossing_90_d_7,59,direct_routed_control,0.8,4,0.774282835432421
crossing_90_d_7,59,direct_routed_control,1.2000000000000002,4,1.2422013979927067
crossing_90_d_7,59,direct_routed_control,1.6,4,1.6200847817706963
crossing_90_d_7,59,direct_routed_control,2.0,4,2.0512521945759894
crossing_90_d_7,59,direct_routed_control,2.4000000000000004,4,2.52274581164549
crossing_90_d_7,59,direct_routed_control,2.8000000000000003,4,2.9621874967075414
crossing_90_d_7,59,direct_routed_control,3.2,4,3.4471814427578975
crossing_90_d_7,59,tensor_prior,0.4,4,0.2769155387312331
crossing_90_d_7,59,tensor_prior,0.8,4,0.5784739733318407
crossing_90_d_7,59,tensor_prior,1.2000000000000002,4,0.9188311426826151
crossing_90_d_7,59,tensor_prior,1.6,4,1.1714477338164238
crossing_90_d_7,59,tensor_prior,2.0,4,1.4679519196455317
crossing_90_d_7,59,tensor_prior,2.4000000000000004,4,1.8166368360907224
crossing_90_d_7,59,tensor_prior,2.8000000000000003,4,2.138867468288014
crossing_90_d_7,59,tensor_prior,3.2,4,2.5203713605642073
crossing_90_d_7,59,gel_ped,0.4,4,0.2862041074580559
crossing_90_d_7,59,gel_ped,0.8,4,0.6045278883054094
crossing_90_d_7,59,gel_ped,1.2000000000000002,4,0.9671280442387401
crossing_90_d_7,59,gel_ped,1.6,4,1.2488644599352547
crossing_90_d_7,59,gel_ped,2.0,4,1.5789843984603387
crossing_90_d_7,59,gel_ped,2.4000000000000004,4,1.9646161611338258
crossing_90_d_7,59,gel_ped,2.8000000000000003,4,2.3128025007982727
crossing_90_d_7,59,gel_ped,3.2,4,2.707853854647836
crossing_90_d_7,99,constant_velocity,0.4,21,0.08999135115727469
crossing_90_d_7,99,constant_velocity,0.8,21,0.19109736735971591
crossing_90_d_7,99,constant_velocity,1.2000000000000002,21,0.333516253549628
crossing_90_d_7,99,constant_velocity,1.6,21,0.5926608959081401
crossing_90_d_7,99,constant_velocity,2.0,21,0.7909300083093092
crossing_90_d_7,99,constant_velocity,2.4000000000000004,21,0.9844308098023782
crossing_90_d_7,99,constant_velocity,2.8000000000000003,21,1.1693295992630148
crossing_90_d_7,99,constant_velocity,3.2,21,1.307974458636946
crossing_90_d_7,99,direct_mlp,0.4,21,0.19403777698736532
crossing_90_d_7,99,direct_mlp,0.8,21,0.4135313472855656
crossing_90_d_7,99,direct_mlp,1.2000000000000002,21,0.6353947787476427
crossing_90_d_7,99,direct_mlp,1.6,21,0.8855384229519601
crossing_90_d_7,99,direct_mlp,2.0,21,1.1851413672215498
crossing_90_d_7,99,direct_mlp,2.4000000000000004,21,1.4902810748772826
crossing_90_d_7,99,direct_mlp,2.8000000000000003,21,1.8041499228268816
crossing_90_d_7,99,direct_mlp,3.2,21,2.1588203690414027
crossing_90_d_7,99,direct_routed_control,0.4,21,0.19516193074742033
crossing_90_d_7,99,direct_routed_control,0.8,21,0.4156587826244839
crossing_90_d_7,99,direct_routed_control,1.2000000000000002,21,0.6377086539021419
crossing_90_d_7,99,direct_routed_control,1.6,21,0.8875389128309495
crossing_90_d_7,99,direct_routed_control,2.0,21,1.186622432267528
crossing_90_d_7,99,direct_routed_control,2.4000000000000004,21,1.4913241772641825
crossing_90_d_7,99,direct_routed_control,2.8000000000000003,21,1.8052291545317685
crossing_90_d_7,99,direct_routed_control,3.2,21,2.1596589458875632
crossing_90_d_7,99,tensor_prior,0.4,21,0.09741242722089781
crossing_90_d_7,99,tensor_prior,0.8,21,0.20567728374596164
crossing_90_d_7,99,tensor_prior,1.2000000000000002,21,0.30370425400753853
crossing_90_d_7,99,tensor_prior,1.6,21,0.5115208682927358
crossing_90_d_7,99,tensor_prior,2.0,21,0.7048970061443068
crossing_90_d_7,99,tensor_prior,2.4000000000000004,21,0.8915216404742804
crossing_90_d_7,99,tensor_prior,2.8000000000000003,21,1.0594198015347542
crossing_90_d_7,99,tensor_prior,3.2,21,1.212873978207608
crossing_90_d_7,99,gel_ped,0.4,21,0.10582723097244831
crossing_90_d_7,99,gel_ped,0.8,21,0.21478351090085257
crossing_90_d_7,99,gel_ped,1.2000000000000002,21,0.31134945833727834
crossing_90_d_7,99,gel_ped,1.6,21,0.5028814417494665
crossing_90_d_7,99,gel_ped,2.0,21,0.6772538924700073
crossing_90_d_7,99,gel_ped,2.4000000000000004,21,0.8740255876061787
crossing_90_d_7,99,gel_ped,2.8000000000000003,21,1.0684219456354318
crossing_90_d_7,99,gel_ped,3.2,21,1.2760109446066235
crossing_90_d_7,139,constant_velocity,0.4,36,0.16115140776694703
crossing_90_d_7,139,constant_velocity,0.8,36,0.3137622513449738
crossing_90_d_7,139,constant_velocity,1.2000000000000002,36,0.5529037414965239
crossing_90_d_7,139,constant_velocity,1.6,36,0.8166449929135832
crossing_90_d_7,139,constant_velocity,2.0,36,1.0994769665150244
crossing_90_d_7,139,constant_velocity,2.4000000000000004,36,1.3611717740458777
crossing_90_d_7,139,constant_velocity,2.8000000000000003,36,1.5754753574262774
crossing_90_d_7,139,constant_velocity,3.2,36,1.7548648603645605
crossing_90_d_7,139,direct_mlp,0.4,36,0.15474792788242317
crossing_90_d_7,139,direct_mlp,0.8,36,0.3218712030517893
crossing_90_d_7,139,direct_mlp,1.2000000000000002,36,0.5321094246774598
crossing_90_d_7,139,direct_mlp,1.6,36,0.7220415698912046
crossing_90_d_7,139,direct_mlp,2.0,36,0.956790064175673
crossing_90_d_7,139,direct_mlp,2.4000000000000004,36,1.2371881526200499
crossing_90_d_7,139,direct_mlp,2.8000000000000003,36,1.5772134392947983
crossing_90_d_7,139,direct_mlp,3.2,36,1.9723386409131887
crossing_90_d_7,139,direct_routed_control,0.4,36,0.1549404578437557
crossing_90_d_7,139,direct_routed_control,0.8,36,0.3220646256764847
crossing_90_d_7,139,direct_routed_control,1.2000000000000002,36,0.532135205777397
crossing_90_d_7,139,direct_routed_control,1.6,36,0.7218547584483908
crossing_90_d_7,139,direct_routed_control,2.0,36,0.9559351007269927
crossing_90_d_7,139,direct_routed_control,2.4000000000000004,36,1.2352366275253823
crossing_90_d_7,139,direct_routed_control,2.8000000000000003,36,1.5744390154591472
crossing_90_d_7,139,direct_routed_control,3.2,36,1.9686483261683527
crossing_90_d_7,139,tensor_prior,0.4,36,0.13835336996036465
crossing_90_d_7,139,tensor_prior,0.8,36,0.2642446560824378
crossing_90_d_7,139,tensor_prior,1.2000000000000002,36,0.4520337536625927
crossing_90_d_7,139,tensor_prior,1.6,36,0.616695299346764
crossing_90_d_7,139,tensor_prior,2.0,36,0.8068308301723435
crossing_90_d_7,139,tensor_prior,2.4000000000000004,36,0.9762804809461593
crossing_90_d_7,139,tensor_prior,2.8000000000000003,36,1.1409898655833313
crossing_90_d_7,139,tensor_prior,3.2,36,1.292392555926436
crossing_90_d_7,139,gel_ped,0.4,36,0.13255217697101604
crossing_90_d_7,139,gel_ped,0.8,36,0.2618435738941943
crossing_90_d_7,139,gel_ped,1.2000000000000002,36,0.4550077794691293
crossing_90_d_7,139,gel_ped,1.6,36,0.6400426994846476
crossing_90_d_7,139,gel_ped,2.0,36,0.8779049605229551
crossing_90_d_7,139,gel_ped,2.4000000000000004,36,1.1042327496373376
crossing_90_d_7,139,gel_ped,2.8000000000000003,36,1.3124098988802844
crossing_90_d_7,139,gel_ped,3.2,36,1.5316801746743307
crossing_90_d_7,179,constant_velocity,0.4,53,0.13562041717928022
crossing_90_d_7,179,constant_velocity,0.8,53,0.270148211572638
crossing_90_d_7,179,constant_velocity,1.2000000000000002,53,0.4576306145483736
crossing_90_d_7,179,constant_velocity,1.6,53,0.682643901748841
crossing_90_d_7,179,constant_velocity,2.0,53,0.9137547498267463
crossing_90_d_7,179,constant_velocity,2.4000000000000004,53,1.1760491646409168
crossing_90_d_7,179,constant_velocity,2.8000000000000003,53,1.4786774619668253
crossing_90_d_7,179,constant_velocity,3.2,53,1.7872236150284013
crossing_90_d_7,179,direct_mlp,0.4,53,0.13262341966660268
crossing_90_d_7,179,direct_mlp,0.8,53,0.2607145635113227
crossing_90_d_7,179,direct_mlp,1.2000000000000002,53,0.4334013787271582
crossing_90_d_7,179,direct_mlp,1.6,53,0.6291480524790256
crossing_90_d_7,179,direct_mlp,2.0,53,0.8583381950989029
crossing_90_d_7,179,direct_mlp,2.4000000000000004,53,1.0838623644543472
crossing_90_d_7,179,direct_mlp,2.8000000000000003,53,1.3274615818069582
crossing_90_d_7,179,direct_mlp,3.2,53,1.6175359394554474
crossing_90_d_7,179,direct_routed_control,0.4,53,0.13259495150109196
crossing_90_d_7,179,direct_routed_control,0.8,53,0.26040173492814955
crossing_90_d_7,179,direct_routed_control,1.2000000000000002,53,0.43275103362625317
crossing_90_d_7,179,direct_routed_control,1.6,53,0.6281846772965277
crossing_90_d_7,179,direct_routed_control,2.0,53,0.8571318618011405
crossing_90_d_7,179,direct_routed_control,2.4000000000000004,53,1.0825778539060265
crossing_90_d_7,179,direct_routed_control,2.8000000000000003,53,1.3258400979996088
crossing_90_d_7,179,direct_routed_control,3.2,53,1.6155346571263092
crossing_90_d_7,179,tensor_prior,0.4,53,0.12791188500348588
crossing_90_d_7,179,tensor_prior,0.8,53,0.2457222463834505
crossing_90_d_7,179,tensor_prior,1.2000000000000002,53,0.3988762859184599
crossing_90_d_7,179,tensor_prior,1.6,53,0.5694882893291835
crossing_90_d_7,179,tensor_prior,2.0,53,0.7402477890063492
crossing_90_d_7,179,tensor_prior,2.4000000000000004,53,0.9302369229669349
crossing_90_d_7,179,tensor_prior,2.8000000000000003,53,1.1430150140890927
crossing_90_d_7,179,tensor_prior,3.2,53,1.373004412420392
crossing_90_d_7,179,gel_ped,0.4,53,0.12546309998380303
crossing_90_d_7,179,gel_ped,0.8,53,0.24998443863204342
crossing_90_d_7,179,gel_ped,1.2000000000000002,53,0.4050445975194766
crossing_90_d_7,179,gel_ped,1.6,53,0.5727810078673153
crossing_90_d_7,179,gel_ped,2.0,53,0.7494820343729534
crossing_90_d_7,179,gel_ped,2.4000000000000004,53,0.9166730608389354
crossing_90_d_7,179,gel_ped,2.8000000000000003,53,1.1057213010678848
crossing_90_d_7,179,gel_ped,3.2,53,1.3388809851712842
crossing_90_d_7,219,constant_velocity,0.4,64,0.1297386202404059
crossing_90_d_7,219,constant_velocity,0.8,64,0.2712998758467331
crossing_90_d_7,219,constant_velocity,1.2000000000000002,64,0.4652892346784112
crossing_90_d_7,219,constant_velocity,1.6,64,0.6729855712967681
crossing_90_d_7,219,constant_velocity,2.0,64,0.9209435282421972
crossing_90_d_7,219,constant_velocity,2.4000000000000004,64,1.187785342146598
crossing_90_d_7,219,constant_velocity,2.8000000000000003,64,1.4717076357413803
crossing_90_d_7,219,constant_velocity,3.2,64,1.7385588005589203
crossing_90_d_7,219,direct_mlp,0.4,64,0.1171648020706271
crossing_90_d_7,219,direct_mlp,0.8,64,0.22597899683183553
crossing_90_d_7,219,direct_mlp,1.2000000000000002,64,0.34834730591944046
crossing_90_d_7,219,direct_mlp,1.6,64,0.4590386380021467
crossing_90_d_7,219,direct_mlp,2.0,64,0.5937410606255111
crossing_90_d_7,219,direct_mlp,2.4000000000000004,64,0.7554599022731276
crossing_90_d_7,219,direct_mlp,2.8000000000000003,64,0.97098519277832
crossing_90_d_7,219,direct_mlp,3.2,64,1.202232946775069
crossing_90_d_7,219,direct_routed_control,0.4,64,0.11711647448277822
crossing_90_d_7,219,direct_routed_control,0.8,64,0.22586122613701506
crossing_90_d_7,219,direct_routed_control,1.2000000000000002,64,0.348079746468992
crossing_90_d_7,219,direct_routed_control,1.6,64,0.45864888226743217
crossing_90_d_7,219,direct_routed_control,2.0,64,0.592800616018594
crossing_90_d_7,219,direct_routed_control,2.4000000000000004,64,0.7541296573702692
crossing_90_d_7,219,direct_routed_control,2.8000000000000003,64,0.9693289008409213
crossing_90_d_7,219,direct_routed_control,3.2,64,1.2002688050981714
crossing_90_d_7,219,tensor_prior,0.4,64,0.11928473248273713
crossing_90_d_7,219,tensor_prior,0.8,64,0.24518192742698364
crossing_90_d_7,219,tensor_prior,1.2000000000000002,64,0.3932311781801805
crossing_90_d_7,219,tensor_prior,1.6,64,0.532361224426437
crossing_90_d_7,219,tensor_prior,2.0,64,0.6893145333736004
crossing_90_d_7,219,tensor_prior,2.4000000000000004,64,0.8583915309644494
crossing_90_d_7,219,tensor_prior,2.8000000000000003,64,1.0268691186586825
crossing_90_d_7,219,tensor_prior,3.2,64,1.1855988745248784
crossing_90_d_7,219,gel_ped,0.4,64,0.11320743491005676
crossing_90_d_7,219,gel_ped,0.8,64,0.22131347161834988
crossing_90_d_7,219,gel_ped,1.2000000000000002,64,0.34885954198434654
crossing_90_d_7,219,gel_ped,1.6,64,0.4598320721843285
crossing_90_d_7,219,gel_ped,2.0,64,0.5735675196540682
crossing_90_d_7,219,gel_ped,2.4000000000000004,64,0.6982292191704584
crossing_90_d_7,219,gel_ped,2.8000000000000003,64,0.8269032306035287
crossing_90_d_7,219,gel_ped,3.2,64,0.9598975779124188
crossing_90_d_7,259,constant_velocity,0.4,75,0.14085796649370216
crossing_90_d_7,259,constant_velocity,0.8,75,0.25793664975605746
crossing_90_d_7,259,constant_velocity,1.2000000000000002,75,0.43618828040706265
crossing_90_d_7,259,constant_velocity,1.6,75,0.6307292795356364
crossing_90_d_7,259,constant_velocity,2.0,75,0.8669771658587052
crossing_90_d_7,259,constant_velocity,2.4000000000000004,75,1.1340205618883028
crossing_90_d_7,259,constant_velocity,2.8000000000000003,75,1.4266196401312081
crossing_90_d_7,259,constant_velocity,3.2,75,1.7420995504369212
crossing_90_d_7,259,direct_mlp,0.4,75,0.12019635434232964
crossing_90_d_7,259,direct_mlp,0.8,75,0.20446036128286976
crossing_90_d_7,259,direct_mlp,1.2000000000000002,75,0.3142335724029153
crossing_90_d_7,259,direct_mlp,1.6,75,0.43997614059703777
crossing_90_d_7,259,direct_mlp,2.0,75,0.5947979482590623
crossing_90_d_7,259,direct_mlp,2.4000000000000004,75,0.7969728390605075
crossing_90_d_7,259,direct_mlp,2.8000000000000003,75,1.0219782207588157
crossing_90_d_7,259,direct_mlp,3.2,75,1.2974287419657515
crossing_90_d_7,259,direct_routed_control,0.4,75,0.12013084910192828
crossing_90_d_7,259,direct_routed_control,0.8,75,0.2043028926261524
crossing_90_d_7,259,direct_routed_control,1.2000000000000002,75,0.31395347209401386
crossing_90_d_7,259,direct_routed_control,1.6,75,0.43946990812466774
crossing_90_d_7,259,direct_routed_control,2.0,75,0.5940065416511332
crossing_90_d_7,259,direct_routed_control,2.4000000000000004,75,0.7959462137271477
crossing_90_d_7,259,direct_routed_control,2.8000000000000003,75,1.0207746236157107
crossing_90_d_7,259,direct_routed_control,3.2,75,1.2960888935393322
crossing_90_d_7,259,tensor_prior,0.4,75,0.12309599426547813
crossing_90_d_7,259,tensor_prior,0.8,75,0.20976032183810592
crossing_90_d_7,259,tensor_prior,1.2000000000000002,75,0.334644028823746
crossing_90_d_7,259,tensor_prior,1.6,75,0.4782491357511418
crossing_90_d_7,259,tensor_prior,2.0,75,0.6414590520771847
crossing_90_d_7,259,tensor_prior,2.4000000000000004,75,0.8401616927071907
crossing_90_d_7,259,tensor_prior,2.8000000000000003,75,1.0598227817284662
crossing_90_d_7,259,tensor_prior,3.2,75,1.295264744048248
crossing_90_d_7,259,gel_ped,0.4,75,0.11536818950590481
crossing_90_d_7,259,gel_ped,0.8,75,0.19938507204325706
crossing_90_d_7,259,gel_ped,1.2000000000000002,75,0.3005136409892008
crossing_90_d_7,259,gel_ped,1.6,75,0.4245996970218947
crossing_90_d_7,259,gel_ped,2.0,75,0.566748591533943
crossing_90_d_7,259,gel_ped,2.4000000000000004,75,0.7541826350823261
crossing_90_d_7,259,gel_ped,2.8000000000000003,75,0.9834531651182788
crossing_90_d_7,259,gel_ped,3.2,75,1.2416121711984065
crossing_90_d_7,299,constant_velocity,0.4,87,0.1334548325186396
crossing_90_d_7,299,constant_velocity,0.8,87,0.22625255207042927
crossing_90_d_7,299,constant_velocity,1.2000000000000002,87,0.4034755790514172
crossing_90_d_7,299,constant_velocity,1.6,87,0.5978135497657068
crossing_90_d_7,299,constant_velocity,2.0,87,0.8314710569715894
crossing_90_d_7,299,constant_velocity,2.4000000000000004,87,1.0846913634918414
crossing_90_d_7,299,constant_velocity,2.8000000000000003,87,1.3444450491876512
crossing_90_d_7,299,constant_velocity,3.2,87,1.6138898186488997
crossing_90_d_7,299,direct_mlp,0.4,87,0.11317757820442785
crossing_90_d_7,299,direct_mlp,0.8,87,0.21587852933391566
crossing_90_d_7,299,direct_mlp,1.2000000000000002,87,0.35885479115556435
crossing_90_d_7,299,direct_mlp,1.6,87,0.5569612849336707
crossing_90_d_7,299,direct_mlp,2.0,87,0.7794457489195845
crossing_90_d_7,299,direct_mlp,2.4000000000000004,87,1.0288171675096671
crossing_90_d_7,299,direct_mlp,2.8000000000000003,87,1.300972398311711
crossing_90_d_7,299,direct_mlp,3.2,87,1.6082921093505516
crossing_90_d_7,299,direct_routed_control,0.4,87,0.1131800989505708
crossing_90_d_7,299,direct_routed_control,0.8,87,0.2156489496211523
crossing_90_d_7,299,direct_routed_control,1.2000000000000002,87,0.35858352242575076
crossing_90_d_7,299,direct_routed_control,1.6,87,0.5564595123240063
crossing_90_d_7,299,direct_routed_control,2.0,87,0.7786827650477587
crossing_90_d_7,299,direct_routed_control,2.4000000000000004,87,1.0278773499059266
crossing_90_d_7,299,direct_routed_control,2.8000000000000003,87,1.2997505612575209
crossing_90_d_7,299,direct_routed_control,3.2,87,1.6066247191846321
crossing_90_d_7,299,tensor_prior,0.4,87,0.11609045333346588
crossing_90_d_7,299,tensor_prior,0.8,87,0.18758451728010134
crossing_90_d_7,299,tensor_prior,1.2000000000000002,87,0.3226180649682977
crossing_90_d_7,299,tensor_prior,1.6,87,0.49346420805030883
crossing_90_d_7,299,tensor_prior,2.0,87,0.6819262538742699
crossing_90_d_7,299,tensor_prior,2.4000000000000004,87,0.8961072617493271
crossing_90_d_7,299,tensor_prior,2.8000000000000003,87,1.1096124520893336
crossing_90_d_7,299,tensor_prior,3.2,87,1.3535634831111027
crossing_90_d_7,299,gel_ped,0.4,87,0.10909763912143475
crossing_90_d_7,299,gel_ped,0.8,87,0.18804113737402645
crossing_90_d_7,299,gel_ped,1.2000000000000002,87,0.31740385306377794
crossing_90_d_7,299,gel_ped,1.6,87,0.48825754950274136
crossing_90_d_7,299,gel_ped,2.0,87,0.684556767494916
crossing_90_d_7,299,gel_ped,2.4000000000000004,87,0.8985122906806126
crossing_90_d_7,299,gel_ped,2.8000000000000003,87,1.1283805881345315
crossing_90_d_7,299,gel_ped,3.2,87,1.3879537816476724
crossing_90_d_7,339,constant_velocity,0.4,86,0.1418378055845098
crossing_90_d_7,339,constant_velocity,0.8,86,0.23850599395309063
crossing_90_d_7,339,constant_velocity,1.2000000000000002,86,0.4099632631990311
crossing_90_d_7,339,constant_velocity,1.6,86,0.6037679460300255
crossing_90_d_7,339,constant_velocity,2.0,86,0.8064619816674269
crossing_90_d_7,339,constant_velocity,2.4000000000000004,86,1.0350799862222144
crossing_90_d_7,339,constant_velocity,2.8000000000000003,86,1.2683409534511254
crossing_90_d_7,339,constant_velocity,3.2,86,1.5160516247916915
crossing_90_d_7,339,direct_mlp,0.4,86,0.13002865505292896
crossing_90_d_7,339,direct_mlp,0.8,86,0.22132295077183847
crossing_90_d_7,339,direct_mlp,1.2000000000000002,86,0.38036516119437536
crossing_90_d_7,339,direct_mlp,1.6,86,0.5529172642137685
crossing_90_d_7,339,direct_mlp,2.0,86,0.7457021487665508
crossing_90_d_7,339,direct_mlp,2.4000000000000004,86,0.9617947011732424
crossing_90_d_7,339,direct_mlp,2.8000000000000003,86,1.186640948311413
crossing_90_d_7,339,direct_mlp,3.2,86,1.4436576711479872
crossing_90_d_7,339,direct_routed_control,0.4,86,0.12998928730833695
crossing_90_d_7,339,direct_routed_control,0.8,86,0.22120703015379484
crossing_90_d_7,339,direct_routed_control,1.2000000000000002,86,0.3801265537646332
crossing_90_d_7,339,direct_routed_control,1.6,86,0.5526270827417339
crossing_90_d_7,339,direct_routed_control,2.0,86,0.7453986272939456
crossing_90_d_7,339,direct_routed_control,2.4000000000000004,86,0.961333262316301
crossing_90_d_7,339,direct_routed_control,2.8000000000000003,86,1.1859748546337372
crossing_90_d_7,339,direct_routed_control,3.2,86,1.442931381520241
crossing_90_d_7,339,tensor_prior,0.4,86,0.12492744488886415
crossing_90_d_7,339,tensor_prior,0.8,86,0.20794214597743882
crossing_90_d_7,339,tensor_prior,1.2000000000000002,86,0.34192879909799434
crossing_90_d_7,339,tensor_prior,1.6,86,0.4983774130914246
crossing_90_d_7,339,tensor_prior,2.0,86,0.6578473574211614
crossing_90_d_7,339,tensor_prior,2.4000000000000004,86,0.8430283378859176
crossing_90_d_7,339,tensor_prior,2.8000000000000003,86,1.0261104744091514
crossing_90_d_7,339,tensor_prior,3.2,86,1.2256818222483812
crossing_90_d_7,339,gel_ped,0.4,86,0.12141964574977501
crossing_90_d_7,339,gel_ped,0.8,86,0.20332210913205842
crossing_90_d_7,339,gel_ped,1.2000000000000002,86,0.34295481818732204
crossing_90_d_7,339,gel_ped,1.6,86,0.5027877047500454
crossing_90_d_7,339,gel_ped,2.0,86,0.6718729597316447
crossing_90_d_7,339,gel_ped,2.4000000000000004,86,0.8669883638590173
crossing_90_d_7,339,gel_ped,2.8000000000000003,86,1.0637918132338224
crossing_90_d_7,339,gel_ped,3.2,86,1.2905183402217102
crossing_90_d_7,379,constant_velocity,0.4,97,0.14305427590983505
crossing_90_d_7,379,constant_velocity,0.8,97,0.23016710593636816
crossing_90_d_7,379,constant_velocity,1.2000000000000002,97,0.3727440607852881
crossing_90_d_7,379,constant_velocity,1.6,97,0.526620647198369
crossing_90_d_7,379,constant_velocity,2.0,97,0.7005532915743959
crossing_90_d_7,379,constant_velocity,2.4000000000000004,97,0.9027369000173694
crossing_90_d_7,379,constant_velocity,2.8000000000000003,97,1.1187663075384995
crossing_90_d_7,379,constant_velocity,3.2,97,1.336451930176998
crossing_90_d_7,379,direct_mlp,0.4,97,0.12540109080546702
crossing_90_d_7,379,direct_mlp,0.8,97,0.2101630031441118
crossing_90_d_7,379,direct_mlp,1.2000000000000002,97,0.3588681718005376
crossing_90_d_7,379,direct_mlp,1.6,97,0.5214192794685417
crossing_90_d_7,379,direct_mlp,2.0,97,0.714401752989607
crossing_90_d_7,379,direct_mlp,2.4000000000000004,97,0.9306940934231568
crossing_90_d_7,379,direct_mlp,2.8000000000000003,97,1.1600118360991694
crossing_90_d_7,379,direct_mlp,3.2,97,1.3971283883039898
crossing_90_d_7,379,direct_routed_control,0.4,97,0.12541568164663203
crossing_90_d_7,379,direct_routed_control,0.8,97,0.20995836791326408
crossing_90_d_7,379,direct_routed_control,1.2000000000000002,97,0.35844162108487615
crossing_90_d_7,379,direct_routed_control,1.6,97,0.5207121884812566
crossing_90_d_7,379,direct_routed_control,2.0,97,0.7134665107562455
crossing_90_d_7,379,direct_routed_control,2.4000000000000004,97,0.9294957326507102
crossing_90_d_7,379,direct_routed_control,2.8000000000000003,97,1.1586177262866315
crossing_90_d_7,379,direct_routed_control,3.2,97,1.395538924912815
crossing_90_d_7,379,tensor_prior,0.4,97,0.12160745538881597
crossing_90_d_7,379,tensor_prior,0.8,97,0.1817085795588301
crossing_90_d_7,379,tensor_prior,1.2000000000000002,97,0.2984796739705687
crossing_90_d_7,379,tensor_prior,1.6,97,0.4206690792399282
crossing_90_d_7,379,tensor_prior,2.0,97,0.571213652930049
crossing_90_d_7,379,tensor_prior,2.4000000000000004,97,0.7402469973089245
crossing_90_d_7,379,tensor_prior,2.8000000000000003,97,0.9176394288612134
crossing_90_d_7,379,tensor_prior,3.2,97,1.0900493682588441
crossing_90_d_7,379,gel_ped,0.4,97,0.11722093217190788
crossing_90_d_7,379,gel_ped,0.8,97,0.18431545943335473
crossing_90_d_7,379,gel_ped,1.2000000000000002,97,0.3116725565291633
crossing_90_d_7,379,gel_ped,1.6,97,0.44801883669074416
crossing_90_d_7,379,gel_ped,2.0,97,0.6108878147338301
crossing_90_d_7,379,gel_ped,2.4000000000000004,97,0.7943200295483752
crossing_90_d_7,379,gel_ped,2.8000000000000003,97,0.992111186101992
crossing_90_d_7,379,gel_ped,3.2,97,1.1997563462597063
crossing_90_d_7,419,constant_velocity,0.4,102,0.12763074076898162
crossing_90_d_7,419,constant_velocity,0.8,102,0.22548953008725778
crossing_90_d_7,419,constant_velocity,1.2000000000000002,102,0.34314650118922413
crossing_90_d_7,419,constant_velocity,1.6,102,0.4819046937469605
crossing_90_d_7,419,constant_velocity,2.0,102,0.6229006878389303
crossing_90_d_7,419,constant_velocity,2.4000000000000004,102,0.7991801065487826
crossing_90_d_7,419,constant_velocity,2.8000000000000003,102,0.98163208635008
crossing_90_d_7,419,constant_velocity,3.2,102,1.1878408586733376
crossing_90_d_7,419,direct_mlp,0.4,102,0.1048032898015307
crossing_90_d_7,419,direct_mlp,0.8,102,0.193783319172722
crossing_90_d_7,419,direct_mlp,1.2000000000000002,102,0.30050973017035626
crossing_90_d_7,419,direct_mlp,1.6,102,0.43409907399430164
crossing_90_d_7,419,direct_mlp,2.0,102,0.5781413762994027
crossing_90_d_7,419,direct_mlp,2.4000000000000004,102,0.7645069177035583
crossing_90_d_7,419,direct_mlp,2.8000000000000003,102,0.9564831109787777
crossing_90_d_7,419,direct_mlp,3.2,102,1.1765772448113314
crossing_90_d_7,419,direct_routed_control,0.4,102,0.10479918458602264
crossing_90_d_7,419,direct_routed_control,0.8,102,0.19364486006842838
crossing_90_d_7,419,direct_routed_control,1.2000000000000002,102,0.3001436476383357
crossing_90_d_7,419,direct_routed_control,1.6,102,0.43355652227944474
crossing_90_d_7,419,direct_routed_control,2.0,102,0.5773462045858151
crossing_90_d_7,419,direct_routed_control,2.4000000000000004,102,0.7635540384922724
crossing_90_d_7,419,direct_routed_control,2.8000000000000003,102,0.9552238813505313
crossing_90_d_7,419,direct_routed_control,3.2,102,1.1750889335186376
crossing_90_d_7,419,tensor_prior,0.4,102,0.11091773963942055
crossing_90_d_7,419,tensor_prior,0.8,102,0.1824351257863631
crossing_90_d_7,419,tensor_prior,1.2000000000000002,102,0.26773314046626234
crossing_90_d_7,419,tensor_prior,1.6,102,0.36944379834929925
crossing_90_d_7,419,tensor_prior,2.0,102,0.4807338385069511
crossing_90_d_7,419,tensor_prior,2.4000000000000004,102,0.6156012471177622
crossing_90_d_7,419,tensor_prior,2.8000000000000003,102,0.7467726775891693
crossing_90_d_7,419,tensor_prior,3.2,102,0.8910999584709631
crossing_90_d_7,419,gel_ped,0.4,102,0.10263953424461086
crossing_90_d_7,419,gel_ped,0.8,102,0.17781431756962585
crossing_90_d_7,419,gel_ped,1.2000000000000002,102,0.26557466990036077
crossing_90_d_7,419,gel_ped,1.6,102,0.3730727999334415
crossing_90_d_7,419,gel_ped,2.0,102,0.49183841708495707
crossing_90_d_7,419,gel_ped,2.4000000000000004,102,0.6479022651421305
crossing_90_d_7,419,gel_ped,2.8000000000000003,102,0.8036913203997597
crossing_90_d_7,419,gel_ped,3.2,102,0.9892786584665181
crossing_90_d_7,459,constant_velocity,0.4,111,0.14779956609660633
crossing_90_d_7,459,constant_velocity,0.8,111,0.24745023448995648
crossing_90_d_7,459,constant_velocity,1.2000000000000002,111,0.389089602115991
crossing_90_d_7,459,constant_velocity,1.6,111,0.5557895328691961
crossing_90_d_7,459,constant_velocity,2.0,111,0.7039548039995106
crossing_90_d_7,459,constant_velocity,2.4000000000000004,111,0.869759769893916
crossing_90_d_7,459,constant_velocity,2.8000000000000003,111,1.0311681164854363
crossing_90_d_7,459,constant_velocity,3.2,111,1.2042713487011687
crossing_90_d_7,459,direct_mlp,0.4,111,0.11971650500021695
crossing_90_d_7,459,direct_mlp,0.8,111,0.20879904000075203
crossing_90_d_7,459,direct_mlp,1.2000000000000002,111,0.33266828897297546
crossing_90_d_7,459,direct_mlp,1.6,111,0.47924890300881157
crossing_90_d_7,459,direct_mlp,2.0,111,0.6362149315701908
crossing_90_d_7,459,direct_mlp,2.4000000000000004,111,0.8113974740688695
crossing_90_d_7,459,direct_mlp,2.8000000000000003,111,0.9920548021165218
crossing_90_d_7,459,direct_mlp,3.2,111,1.1696819320503933
crossing_90_d_7,459,direct_routed_control,0.4,111,0.11971776120002199
crossing_90_d_7,459,direct_routed_control,0.8,111,0.2086910786794997
crossing_90_d_7,459,direct_routed_control,1.2000000000000002,111,0.33242823851651215
crossing_90_d_7,459,direct_routed_control,1.6,111,0.4788324172171906
crossing_90_d_7,459,direct_routed_control,2.0,111,0.6356159029232782
crossing_90_d_7,459,direct_routed_control,2.4000000000000004,111,0.8105609071096466
crossing_90_d_7,459,direct_routed_control,2.8000000000000003,111,0.9910355489944634
crossing_90_d_7,459,direct_routed_control,3.2,111,1.168489775391364
crossing_90_d_7,459,tensor_prior,0.4,111,0.12091374033922571
crossing_90_d_7,459,tensor_prior,0.8,111,0.19106661547569445
crossing_90_d_7,459,tensor_prior,1.2000000000000002,111,0.29358653844543575
crossing_90_d_7,459,tensor_prior,1.6,111,0.40760564454859755
crossing_90_d_7,459,tensor_prior,2.0,111,0.5225423202259363
crossing_90_d_7,459,tensor_prior,2.4000000000000004,111,0.6440824291505872
crossing_90_d_7,459,tensor_prior,2.8000000000000003,111,0.7662216429513123
crossing_90_d_7,459,tensor_prior,3.2,111,0.8875770193364876
crossing_90_d_7,459,gel_ped,0.4,111,0.1140440552326753
crossing_90_d_7,459,gel_ped,0.8,111,0.1924051683847544
crossing_90_d_7,459,gel_ped,1.2000000000000002,111,0.2963112606157974
crossing_90_d_7,459,gel_ped,1.6,111,0.4194073288377835
crossing_90_d_7,459,gel_ped,2.0,111,0.5533574481980253
crossing_90_d_7,459,gel_ped,2.4000000000000004,111,0.701191600870219
crossing_90_d_7,459,gel_ped,2.8000000000000003,111,0.8554525013433042
crossing_90_d_7,459,gel_ped,3.2,111,1.011672807652196
crossing_90_d_7,499,constant_velocity,0.4,117,0.14480088216866535
crossing_90_d_7,499,constant_velocity,0.8,117,0.2336889180672043
crossing_90_d_7,499,constant_velocity,1.2000000000000002,117,0.35256866533837883
crossing_90_d_7,499,constant_velocity,1.6,117,0.4869482901896536
crossing_90_d_7,499,constant_velocity,2.0,117,0.6227683541411001
crossing_90_d_7,499,constant_velocity,2.4000000000000004,117,0.7767378471023849
crossing_90_d_7,499,constant_velocity,2.8000000000000003,117,0.9432859883556445
crossing_90_d_7,499,constant_velocity,3.2,117,1.1131943731460776
crossing_90_d_7,499,direct_mlp,0.4,117,0.12519956619045275
crossing_90_d_7,499,direct_mlp,0.8,117,0.20866867007401405
crossing_90_d_7,499,direct_mlp,1.2000000000000002,117,0.3296394735615988
crossing_90_d_7,499,direct_mlp,1.6,117,0.45854176042446165
crossing_90_d_7,499,direct_mlp,2.0,117,0.594679217300301
crossing_90_d_7,499,direct_mlp,2.4000000000000004,117,0.7579188448902879
crossing_90_d_7,499,direct_mlp,2.8000000000000003,117,0.9213916353732565
crossing_90_d_7,499,direct_mlp,3.2,117,1.0959004688065501
crossing_90_d_7,499,direct_routed_control,0.4,117,0.12519564268470024
crossing_90_d_7,499,direct_routed_control,0.8,117,0.20852317666726694
crossing_90_d_7,499,direct_routed_control,1.2000000000000002,117,0.3293710402424802
crossing_90_d_7,499,direct_routed_control,1.6,117,0.4580990608004093
crossing_90_d_7,499,direct_routed_control,2.0,117,0.5942227793834274
crossing_90_d_7,499,direct_routed_control,2.4000000000000004,117,0.757368412440066
crossing_90_d_7,499,direct_routed_control,2.8000000000000003,117,0.9207512099101675
crossing_90_d_7,499,direct_routed_control,3.2,117,1.0951405203266436
crossing_90_d_7,499,tensor_prior,0.4,117,0.12066408847223223
crossing_90_d_7,499,tensor_prior,0.8,117,0.17713603455123583
crossing_90_d_7,499,tensor_prior,1.2000000000000002,117,0.2625445636755774
crossing_90_d_7,499,tensor_prior,1.6,117,0.3486913879615943
crossing_90_d_7,499,tensor_prior,2.0,117,0.44077529143372546
crossing_90_d_7,499,tensor_prior,2.4000000000000004,117,0.5536942540168855
crossing_90_d_7,499,tensor_prior,2.8000000000000003,117,0.6688789418042199
crossing_90_d_7,499,tensor_prior,3.2,117,0.7993520717261863
crossing_90_d_7,499,gel_ped,0.4,117,0.11716437343198825
crossing_90_d_7,499,gel_ped,0.8,117,0.1882045441810195
crossing_90_d_7,499,gel_ped,1.2000000000000002,117,0.29517799063156264
crossing_90_d_7,499,gel_ped,1.6,117,0.4046706576159054
crossing_90_d_7,499,gel_ped,2.0,117,0.5200353313552587
crossing_90_d_7,499,gel_ped,2.4000000000000004,117,0.6614523153439148
crossing_90_d_7,499,gel_ped,2.8000000000000003,117,0.8015018363208111
crossing_90_d_7,499,gel_ped,3.2,117,0.9508905831274415
crossing_90_d_8,67,constant_velocity,0.4,5,0.2069404480814899
crossing_90_d_8,67,constant_velocity,0.8,5,0.33732651488607646
crossing_90_d_8,67,constant_velocity,1.2000000000000002,5,0.5472079995775869
crossing_90_d_8,67,constant_velocity,1.6,5,0.8036744511344487
crossing_90_d_8,67,constant_velocity,2.0,5,1.0542740560773631
crossing_90_d_8,67,constant_velocity,2.4000000000000004,5,1.313708753137805
crossing_90_d_8,67,constant_velocity,2.8000000000000003,5,1.4745339685665235
crossing_90_d_8,67,constant_velocity,3.2,5,1.505001397379265
crossing_90_d_8,67,direct_mlp,0.4,5,0.2448962650722773
crossing_90_d_8,67,direct_mlp,0.8,5,0.6138171630831684
crossing_90_d_8,67,direct_mlp,1.2000000000000002,5,1.1177173182018962
crossing_90_d_8,67,direct_mlp,1.6,5,1.644874728483003
crossing_90_d_8,67,direct_mlp,2.0,5,2.173694415926594
crossing_90_d_8,67,direct_mlp,2.4000000000000004,5,2.7387759349863705
crossing_90_d_8,67,direct_mlp,2.8000000000000003,5,3.2186809338096887
crossing_90_d_8,67,direct_mlp,3.2,5,3.558391321659431
crossing_90_d_8,67,direct_routed_control,0.4,5,0.24574288861981158
crossing_90_d_8,67,direct_routed_control,0.8,5,0.6150655709617724
crossing_90_d_8,67,direct_routed_control,1.2000000000000002,5,1.1189443167396225
crossing_90_d_8,67,direct_routed_control,1.6,5,1.6456887708214585
crossing_90_d_8,67,direct_routed_control,2.0,5,2.1740855838807946
crossing_90_d_8,67,direct_routed_control,2.4000000000000004,5,2.7388037594872174
crossing_90_d_8,67,direct_routed_control,2.8000000000000003,5,3.2183225149704944
crossing_90_d_8,67,direct_routed_control,3.2,5,3.557865590397582
crossing_90_d_8,67,tensor_prior,0.4,5,0.20739575363245927
crossing_90_d_8,67,tensor_prior,0.8,5,0.38586489593140805
crossing_90_d_8,67,tensor_prior,1.2000000000000002,5,0.7412402616388778
crossing_90_d_8,67,tensor_prior,1.6,5,1.1278463819939533
crossing_90_d_8,67,tensor_prior,2.0,5,1.5243280965057244
crossing_90_d_8,67,tensor_prior,2.4000000000000004,5,1.960516733743606
crossing_90_d_8,67,tensor_prior,2.8000000000000003,5,2.32099842971426
crossing_90_d_8,67,tensor_prior,3.2,5,2.5485128984411842
crossing_90_d_8,67,gel_ped,0.4,5,0.21242944579775208
crossing_90_d_8,67,gel_ped,0.8,5,0.4083486716310543
crossing_90_d_8,67,gel_ped,1.2000000000000002,5,0.7766883416730381
crossing_90_d_8,67,gel_ped,1.6,5,1.1881748775938616
crossing_90_d_8,67,gel_ped,2.0,5,1.6082567676399087
crossing_90_d_8,67,gel_ped,2.4000000000000004,5,2.0648709177381392
crossing_90_d_8,67,gel_ped,2.8000000000000003,5,2.441079761874062
crossing_90_d_8,67,gel_ped,3.2,5,2.6902811553061614
crossing_90_d_8,107,constant_velocity,0.4,31,0.12646381119805192
crossing_90_d_8,107,constant_velocity,0.8,31,0.2559532770793466
crossing_90_d_8,107,constant_velocity,1.2000000000000002,31,0.39189159827712133
crossing_90_d_8,107,constant_velocity,1.6,31,0.5723444998501398
crossing_90_d_8,107,constant_velocity,2.0,31,0.7848485561906962
crossing_90_d_8,107,constant_velocity,2.4000000000000004,31,1.033645646323062
crossing_90_d_8,107,constant_velocity,2.8000000000000003,31,1.215479336104698
crossing_90_d_8,107,constant_velocity,3.2,31,1.382194082438013
crossing_90_d_8,107,direct_mlp,0.4,31,0.20833527521762654
crossing_90_d_8,107,direct_mlp,0.8,31,0.4893662687828014
crossing_90_d_8,107,direct_mlp,1.2000000000000002,31,0.7810079211393925
crossing_90_d_8,107,direct_mlp,1.6,31,1.0265835787049553
crossing_90_d_8,107,direct_mlp,2.0,31,1.2109693181826686
crossing_90_d_8,107,direct_mlp,2.4000000000000004,31,1.400388420144795
crossing_90_d_8,107,direct_mlp,2.8000000000000003,31,1.6401565746453948
crossing_90_d_8,107,direct_mlp,3.2,31,1.9366643803039936
crossing_90_d_8,107,direct_routed_control,0.4,31,0.20953429749405056
crossing_90_d_8,107,direct_routed_control,0.8,31,0.49140212396494326
crossing_90_d_8,107,direct_routed_control,1.2000000000000002,31,0.7834025999116258
crossing_90_d_8,107,direct_routed_control,1.6,31,1.028726271145152
crossing_90_d_8,107,direct_routed_control,2.0,31,1.2127073753486384
crossing_90_d_8,107,direct_routed_control,2.4000000000000004,31,1.4016027332592187
crossing_90_d_8,107,direct_routed_control,2.8000000000000003,31,1.6407974485971852
crossing_90_d_8,107,direct_routed_control,3.2,31,1.9365233814653535
crossing_90_d_8,107,tensor_prior,0.4,31,0.12791435417245434
crossing_90_d_8,107,tensor_prior,0.8,31,0.28379676356986383
crossing_90_d_8,107,tensor_prior,1.2000000000000002,31,0.45780179239077656
crossing_90_d_8,107,tensor_prior,1.6,31,0.6065640855600659
crossing_90_d_8,107,tensor_prior,2.0,31,0.740105089149666
crossing_90_d_8,107,tensor_prior,2.4000000000000004,31,0.8288700671935323
crossing_90_d_8,107,tensor_prior,2.8000000000000003,31,0.8875297895530002
crossing_90_d_8,107,tensor_prior,3.2,31,0.9454430105718373
crossing_90_d_8,107,gel_ped,0.4,31,0.1296385599706482
crossing_90_d_8,107,gel_ped,0.8,31,0.28165245185259535
crossing_90_d_8,107,gel_ped,1.2000000000000002,31,0.44032745958060837
crossing_90_d_8,107,gel_ped,1.6,31,0.5733566884255563
crossing_90_d_8,107,gel_ped,2.0,31,0.6679538891817228
crossing_90_d_8,107,gel_ped,2.4000000000000004,31,0.7465458235262439
crossing_90_d_8,107,gel_ped,2.8000000000000003,31,0.7768793303378376
crossing_90_d_8,107,gel_ped,3.2,31,0.876545442766075
crossing_90_d_8,147,constant_velocity,0.4,56,0.12953767544685943
crossing_90_d_8,147,constant_velocity,0.8,56,0.2601573810614794
crossing_90_d_8,147,constant_velocity,1.2000000000000002,56,0.4466517519414871
crossing_90_d_8,147,constant_velocity,1.6,56,0.6990878957484773
crossing_90_d_8,147,constant_velocity,2.0,56,0.956610883698722
crossing_90_d_8,147,constant_velocity,2.4000000000000004,56,1.2395182874244384
crossing_90_d_8,147,constant_velocity,2.8000000000000003,56,1.4972768482609762
crossing_90_d_8,147,constant_velocity,3.2,56,1.7629537370431838
crossing_90_d_8,147,direct_mlp,0.4,56,0.14145747467657357
crossing_90_d_8,147,direct_mlp,0.8,56,0.2692248946398532
crossing_90_d_8,147,direct_mlp,1.2000000000000002,56,0.41425115442452204
crossing_90_d_8,147,direct_mlp,1.6,56,0.5606816504353065
crossing_90_d_8,147,direct_mlp,2.0,56,0.7159368740225621
crossing_90_d_8,147,direct_mlp,2.4000000000000004,56,0.9436476560077205
crossing_90_d_8,147,direct_mlp,2.8000000000000003,56,1.2250013207466652
crossing_90_d_8,147,direct_mlp,3.2,56,1.5355149089187246
crossing_90_d_8,147,direct_routed_control,0.4,56,0.14162566015636793
crossing_90_d_8,147,direct_routed_control,0.8,56,0.2692698201536499
crossing_90_d_8,147,direct_routed_control,1.2000000000000002,56,0.41396319587448266
crossing_90_d_8,147,direct_routed_control,1.6,56,0.5598135873101407
crossing_90_d_8,147,direct_routed_control,2.0,56,0.7145805461259405
crossing_90_d_8,147,direct_routed_control,2.4000000000000004,56,0.9414265199969672
crossing_90_d_8,147,direct_routed_control,2.8000000000000003,56,1.2218641470458678
crossing_90_d_8,147,direct_routed_control,3.2,56,1.5310895984675734
crossing_90_d_8,147,tensor_prior,0.4,56,0.12624703572764595
crossing_90_d_8,147,tensor_prior,0.8,56,0.2266944700677936
crossing_90_d_8,147,tensor_prior,1.2000000000000002,56,0.3466396155801009
crossing_90_d_8,147,tensor_prior,1.6,56,0.4524888794181595
crossing_90_d_8,147,tensor_prior,2.0,56,0.5448441257163207
crossing_90_d_8,147,tensor_prior,2.4000000000000004,56,0.6532171732312363
crossing_90_d_8,147,tensor_prior,2.8000000000000003,56,0.791805476641139
crossing_90_d_8,147,tensor_prior,3.2,56,0.9704919227491963
crossing_90_d_8,147,gel_ped,0.4,56,0.11959978727844109
crossing_90_d_8,147,gel_ped,0.8,56,0.22939246181909942
crossing_90_d_8,147,gel_ped,1.2000000000000002,56,0.35902809939068714
crossing_90_d_8,147,gel_ped,1.6,56,0.49924508005499774
crossing_90_d_8,147,gel_ped,2.0,56,0.6101124062308599
crossing_90_d_8,147,gel_ped,2.4000000000000004,56,0.7368709497899921
crossing_90_d_8,147,gel_ped,2.8000000000000003,56,0.9000438370095463
crossing_90_d_8,147,gel_ped,3.2,56,1.0609208994748882
crossing_90_d_8,187,constant_velocity,0.4,79,0.15519568348654206
crossing_90_d_8,187,constant_velocity,0.8,79,0.3164777280676813
crossing_90_d_8,187,constant_velocity,1.2000000000000002,79,0.5494457707270318
crossing_90_d_8,187,constant_velocity,1.6,79,0.8168163551263857
crossing_90_d_8,187,constant_velocity,2.0,79,1.1207249009359328
crossing_90_d_8,187,constant_velocity,2.4000000000000004,79,1.4566466466218282
crossing_90_d_8,187,constant_velocity,2.8000000000000003,79,1.7772540642574182
crossing_90_d_8,187,constant_velocity,3.2,79,2.0986969020636588
crossing_90_d_8,187,direct_mlp,0.4,79,0.12995217163054437
crossing_90_d_8,187,direct_mlp,0.8,79,0.2556078753996867
crossing_90_d_8,187,direct_mlp,1.2000000000000002,79,0.4106238636760069
crossing_90_d_8,187,direct_mlp,1.6,79,0.5650121099655201
crossing_90_d_8,187,direct_mlp,2.0,79,0.7656130914348077
crossing_90_d_8,187,direct_mlp,2.4000000000000004,79,1.0116810145979496
crossing_90_d_8,187,direct_mlp,2.8000000000000003,79,1.2917087871836381
crossing_90_d_8,187,direct_mlp,3.2,79,1.5898648399332274
crossing_90_d_8,187,direct_routed_control,0.4,79,0.12994300014411678
crossing_90_d_8,187,direct_routed_control,0.8,79,0.2553385084045304
crossing_90_d_8,187,direct_routed_control,1.2000000000000002,79,0.40993840424384387
crossing_90_d_8,187,direct_routed_control,1.6,79,0.5634900712134377
crossing_90_d_8,187,direct_routed_control,2.0,79,0.763451343078884
crossing_90_d_8,187,direct_routed_control,2.4000000000000004,79,1.009056251478911
crossing_90_d_8,187,direct_routed_control,2.8000000000000003,79,1.2885784915761782
crossing_90_d_8,187,direct_routed_control,3.2,79,1.5862683488273042
crossing_90_d_8,187,tensor_prior,0.4,79,0.13531136464391405
crossing_90_d_8,187,tensor_prior,0.8,79,0.2569408984870594
crossing_90_d_8,187,tensor_prior,1.2000000000000002,79,0.4187676938938704
crossing_90_d_8,187,tensor_prior,1.6,79,0.6047192339930213
crossing_90_d_8,187,tensor_prior,2.0,79,0.8080939920078859
crossing_90_d_8,187,tensor_prior,2.4000000000000004,79,1.0306988500688803
crossing_90_d_8,187,tensor_prior,2.8000000000000003,79,1.2392606222577334
crossing_90_d_8,187,tensor_prior,3.2,79,1.434326572739259
crossing_90_d_8,187,gel_ped,0.4,79,0.12926166380711107
crossing_90_d_8,187,gel_ped,0.8,79,0.2515465584224673
crossing_90_d_8,187,gel_ped,1.2000000000000002,79,0.4131913524268409
crossing_90_d_8,187,gel_ped,1.6,79,0.5807834007631495
crossing_90_d_8,187,gel_ped,2.0,79,0.7650671411525629
crossing_90_d_8,187,gel_ped,2.4000000000000004,79,0.9698211040969134
crossing_90_d_8,187,gel_ped,2.8000000000000003,79,1.159742215441284
crossing_90_d_8,187,gel_ped,3.2,79,1.346511890152343
crossing_90_d_8,227,constant_velocity,0.4,91,0.1465928003790786
crossing_90_d_8,227,constant_velocity,0.8,91,0.2955024104750269
crossing_90_d_8,227,constant_velocity,1.2000000000000002,91,0.5088638698774598
crossing_90_d_8,227,constant_velocity,1.6,91,0.7305798388890108
crossing_90_d_8,227,constant_velocity,2.0,91,0.9875542535255825
crossing_90_d_8,227,constant_velocity,2.4000000000000004,91,1.2761620532749178
crossing_90_d_8,227,constant_velocity,2.8000000000000003,91,1.6008305064979538
crossing_90_d_8,227,constant_velocity,3.2,91,1.939757593642222
crossing_90_d_8,227,direct_mlp,0.4,91,0.11754660266841409
crossing_90_d_8,227,direct_mlp,0.8,91,0.21575064638494476
crossing_90_d_8,227,direct_mlp,1.2000000000000002,91,0.35104337022129223
crossing_90_d_8,227,direct_mlp,1.6,91,0.5064340689124229
crossing_90_d_8,227,direct_mlp,2.0,91,0.6808046715495166
crossing_90_d_8,227,direct_mlp,2.4000000000000004,91,0.8813368064811233
crossing_90_d_8,227,direct_mlp,2.8000000000000003,91,1.0898111186812107
crossing_90_d_8,227,direct_mlp,3.2,91,1.3165846055134618
crossing_90_d_8,227,direct_routed_control,0.4,91,0.1174433902972564
crossing_90_d_8,227,direct_routed_control,0.8,91,0.21526009389319248
crossing_90_d_8,227,direct_routed_control,1.2000000000000002,91,0.3502513859110759
crossing_90_d_8,227,direct_routed_control,1.6,91,0.5048990983778865
crossing_90_d_8,227,direct_routed_control,2.0,91,0.6787156301630907
crossing_90_d_8,227,direct_routed_control,2.4000000000000004,91,0.8789971242457606
crossing_90_d_8,227,direct_routed_control,2.8000000000000003,91,1.087571317394131
crossing_90_d_8,227,direct_routed_control,3.2,91,1.31452648023849
crossing_90_d_8,227,tensor_prior,0.4,91,0.12341397591772857
crossing_90_d_8,227,tensor_prior,0.8,91,0.23264135308934117
crossing_90_d_8,227,tensor_prior,1.2000000000000002,91,0.38537467144178994
crossing_90_d_8,227,tensor_prior,1.6,91,0.5462213525324106
crossing_90_d_8,227,tensor_prior,2.0,91,0.7158132112411194
crossing_90_d_8,227,tensor_prior,2.4000000000000004,91,0.9016810947693132
crossing_90_d_8,227,tensor_prior,2.8000000000000003,91,1.0926927928772834
crossing_90_d_8,227,tensor_prior,3.2,91,1.2718269315357753
crossing_90_d_8,227,gel_ped,0.4,91,0.12183136042653642
crossing_90_d_8,227,gel_ped,0.8,91,0.22513363963900324
crossing_90_d_8,227,gel_ped,1.2000000000000002,91,0.34564796106366685
crossing_90_d_8,227,gel_ped,1.6,91,0.47594078332757306
crossing_90_d_8,227,gel_ped,2.0,91,0.6112374626503727
crossing_90_d_8,227,gel_ped,2.4000000000000004,91,0.7813871188436488
crossing_90_d_8,227,gel_ped,2.8000000000000003,91,0.9630641651033165
crossing_90_d_8,227,gel_ped,3.2,91,1.1533591412673712
crossing_90_d_8,267,constant_velocity,0.4,100,0.13438972022434237
crossing_90_d_8,267,constant_velocity,0.8,100,0.2614128076681064
crossing_90_d_8,267,constant_velocity,1.2000000000000002,100,0.4323073140641697
crossing_90_d_8,267,constant_velocity,1.6,100,0.6273328080787137
crossing_90_d_8,267,constant_velocity,2.0,100,0.8373501217177091
crossing_90_d_8,267,constant_velocity,2.4000000000000004,100,1.0708666430864766
crossing_90_d_8,267,constant_velocity,2.8000000000000003,100,1.3190772318041193
crossing_90_d_8,267,constant_velocity,3.2,100,1.5869365536233602
crossing_90_d_8,267,direct_mlp,0.4,100,0.1230652667334581
crossing_90_d_8,267,direct_mlp,0.8,100,0.22236591188640342
crossing_90_d_8,267,direct_mlp,1.2000000000000002,100,0.3433470118938462
crossing_90_d_8,267,direct_mlp,1.6,100,0.4769696931320452
crossing_90_d_8,267,direct_mlp,2.0,100,0.619080025774399
crossing_90_d_8,267,direct_mlp,2.4000000000000004,100,0.7749168891232543
crossing_90_d_8,267,direct_mlp,2.8000000000000003,100,0.952196945861242
crossing_90_d_8,267,direct_mlp,3.2,100,1.1533798383368354
crossing_90_d_8,267,direct_routed_control,0.4,100,0.12293611013920563
crossing_90_d_8,267,direct_routed_control,0.8,100,0.2218540747284425
crossing_90_d_8,267,direct_routed_control,1.2000000000000002,100,0.34253716561056785
crossing_90_d_8,267,direct_routed_control,1.6,100,0.4759596189493482
crossing_90_d_8,267,direct_routed_control,2.0,100,0.6177676041120921
crossing_90_d_8,267,direct_routed_control,2.4000000000000004,100,0.7735087409624044
crossing_90_d_8,267,direct_routed_control,2.8000000000000003,100,0.9506129212553435
crossing_90_d_8,267,direct_routed_control,3.2,100,1.1517141723552546
crossing_90_d_8,267,tensor_prior,0.4,100,0.11662893008352919
crossing_90_d_8,267,tensor_prior,0.8,100,0.20569088756963289
crossing_90_d_8,267,tensor_prior,1.2000000000000002,100,0.32222761638004904
crossing_90_d_8,267,tensor_prior,1.6,100,0.4423884554018336
crossing_90_d_8,267,tensor_prior,2.0,100,0.5678249125065377
crossing_90_d_8,267,tensor_prior,2.4000000000000004,100,0.7038848853948789
crossing_90_d_8,267,tensor_prior,2.8000000000000003,100,0.8399382020097882
crossing_90_d_8,267,tensor_prior,3.2,100,0.9953755878589128
crossing_90_d_8,267,gel_ped,0.4,100,0.11807388661781515
crossing_90_d_8,267,gel_ped,0.8,100,0.20799083321841272
crossing_90_d_8,267,gel_ped,1.2000000000000002,100,0.31596575303649843
crossing_90_d_8,267,gel_ped,1.6,100,0.43290843106228666
crossing_90_d_8,267,gel_ped,2.0,100,0.5547885949758914
crossing_90_d_8,267,gel_ped,2.4000000000000004,100,0.6916827813104517
crossing_90_d_8,267,gel_ped,2.8000000000000003,100,0.8478684963378087
crossing_90_d_8,267,gel_ped,3.2,100,1.0326930383082926
crossing_90_d_8,307,constant_velocity,0.4,118,0.1411011445114018
crossing_90_d_8,307,constant_velocity,0.8,118,0.2380862244592658
crossing_90_d_8,307,constant_velocity,1.2000000000000002,118,0.3730978871374986
crossing_90_d_8,307,constant_velocity,1.6,118,0.5203951572592027
crossing_90_d_8,307,constant_velocity,2.0,118,0.674574373816578
crossing_90_d_8,307,constant_velocity,2.4000000000000004,118,0.8646807100473788
crossing_90_d_8,307,constant_velocity,2.8000000000000003,118,1.0822048146742251
crossing_90_d_8,307,constant_velocity,3.2,118,1.3036399164938255
crossing_90_d_8,307,direct_mlp,0.4,118,0.12139220329515966
crossing_90_d_8,307,direct_mlp,0.8,118,0.21035567614395648
crossing_90_d_8,307,direct_mlp,1.2000000000000002,118,0.3336537512922305
crossing_90_d_8,307,direct_mlp,1.6,118,0.4653682649155511
crossing_90_d_8,307,direct_mlp,2.0,118,0.6151446300503868
crossing_90_d_8,307,direct_mlp,2.4000000000000004,118,0.7974619534210785
crossing_90_d_8,307,direct_mlp,2.8000000000000003,118,1.003692655166027
crossing_90_d_8,307,direct_mlp,3.2,118,1.227608814348226
crossing_90_d_8,307,direct_routed_control,0.4,118,0.12133044724793908
crossing_90_d_8,307,direct_routed_control,0.8,118,0.21003200190990046
crossing_90_d_8,307,direct_routed_control,1.2000000000000002,118,0.33313133256983235
crossing_90_d_8,307,direct_routed_control,1.6,118,0.46458163210997144
crossing_90_d_8,307,direct_routed_control,2.0,118,0.6142039309440208
crossing_90_d_8,307,direct_routed_control,2.4000000000000004,118,0.7966038769840045
crossing_90_d_8,307,direct_routed_control,2.8000000000000003,118,1.0030249483960176
crossing_90_d_8,307,direct_routed_control,3.2,118,1.2270586712810223
crossing_90_d_8,307,tensor_prior,0.4,118,0.11992274276280084
crossing_90_d_8,307,tensor_prior,0.8,118,0.18634598875180153
crossing_90_d_8,307,tensor_prior,1.2000000000000002,118,0.2815409988317029
crossing_90_d_8,307,tensor_prior,1.6,118,0.38036069657086047
crossing_90_d_8,307,tensor_prior,2.0,118,0.48000519753942245
crossing_90_d_8,307,tensor_prior,2.4000000000000004,118,0.6209259411859628
crossing_90_d_8,307,tensor_prior,2.8000000000000003,118,0.7846621710351568
crossing_90_d_8,307,tensor_prior,3.2,118,0.9486371537426529
crossing_90_d_8,307,gel_ped,0.4,118,0.11437187310504578
crossing_90_d_8,307,gel_ped,0.8,118,0.18706446255392598
crossing_90_d_8,307,gel_ped,1.2000000000000002,118,0.29120893358369915
crossing_90_d_8,307,gel_ped,1.6,118,0.4055540383242657
crossing_90_d_8,307,gel_ped,2.0,118,0.5283696440163139
crossing_90_d_8,307,gel_ped,2.4000000000000004,118,0.6976624036686527
crossing_90_d_8,307,gel_ped,2.8000000000000003,118,0.8940239369724086
crossing_90_d_8,307,gel_ped,3.2,118,1.1044978201637927
crossing_90_d_8,347,constant_velocity,0.4,137,0.14495054899652765
crossing_90_d_8,347,constant_velocity,0.8,137,0.24346363002918944
crossing_90_d_8,347,constant_velocity,1.2000000000000002,137,0.3857589671192642
crossing_90_d_8,347,constant_velocity,1.6,137,0.5427912836346793
crossing_90_d_8,347,constant_velocity,2.0,137,0.714061572381729
crossing_90_d_8,347,constant_velocity,2.4000000000000004,137,0.899182791302225
crossing_90_d_8,347,constant_velocity,2.8000000000000003,137,1.1223216105868532
crossing_90_d_8,347,constant_velocity,3.2,137,1.354200664522369
crossing_90_d_8,347,direct_mlp,0.4,137,0.11704089268447948
crossing_90_d_8,347,direct_mlp,0.8,137,0.20126716442725748
crossing_90_d_8,347,direct_mlp,1.2000000000000002,137,0.32259621596145593
crossing_90_d_8,347,direct_mlp,1.6,137,0.45664915657462507
crossing_90_d_8,347,direct_mlp,2.0,137,0.62799633550966
crossing_90_d_8,347,direct_mlp,2.4000000000000004,137,0.8078730023625068
crossing_90_d_8,347,direct_mlp,2.8000000000000003,137,1.004734344634482
crossing_90_d_8,347,direct_mlp,3.2,137,1.2178585762498075
crossing_90_d_8,347,direct_routed_control,0.4,137,0.11705234602510955
crossing_90_d_8,347,direct_routed_control,0.8,137,0.20098423989851347
crossing_90_d_8,347,direct_routed_control,1.2000000000000002,137,0.32215015576739725
crossing_90_d_8,347,direct_routed_control,1.6,137,0.45600462979186357
crossing_90_d_8,347,direct_routed_control,2.0,137,0.6272001586625677
crossing_90_d_8,347,direct_routed_control,2.4000000000000004,137,0.8068938221852721
crossing_90_d_8,347,direct_routed_control,2.8000000000000003,137,1.003606902917957
crossing_90_d_8,347,direct_routed_control,3.2,137,1.2166014200100983
crossing_90_d_8,347,tensor_prior,0.4,137,0.12051489241835917
crossing_90_d_8,347,tensor_prior,0.8,137,0.18587142054612485
crossing_90_d_8,347,tensor_prior,1.2000000000000002,137,0.2847350557589438
crossing_90_d_8,347,tensor_prior,1.6,137,0.3898093964961955
crossing_90_d_8,347,tensor_prior,2.0,137,0.5220150266585026
crossing_90_d_8,347,tensor_prior,2.4000000000000004,137,0.658997384348599
crossing_90_d_8,347,tensor_prior,2.8000000000000003,137,0.8155435661675827
crossing_90_d_8,347,tensor_prior,3.2,137,0.9874415061549474
crossing_90_d_8,347,gel_ped,0.4,137,0.11143912656421938
crossing_90_d_8,347,gel_ped,0.8,137,0.18053632833957758
crossing_90_d_8,347,gel_ped,1.2000000000000002,137,0.2919238517861813
crossing_90_d_8,347,gel_ped,1.6,137,0.40696960643251684
crossing_90_d_8,347,gel_ped,2.0,137,0.5595162472150855
crossing_90_d_8,347,gel_ped,2.4000000000000004,137,0.7233912646525648
crossing_90_d_8,347,gel_ped,2.8000000000000003,137,0.9108408141482724
crossing_90_d_8,347,gel_ped,3.2,137,1.1090279620543582
crossing_90_d_8,387,constant_velocity,0.4,142,0.14530851232941955
crossing_90_d_8,387,constant_velocity,0.8,142,0.2513998324406562
crossing_90_d_8,387,constant_velocity,1.2000000000000002,142,0.37302634034703164
crossing_90_d_8,387,constant_velocity,1.6,142,0.521882492880069
crossing_90_d_8,387,constant_velocity,2.0,142,0.6726612542674086
crossing_90_d_8,387,constant_velocity,2.4000000000000004,142,0.8492924676911696
crossing_90_d_8,387,constant_velocity,2.8000000000000003,142,1.037535054017747
crossing_90_d_8,387,constant_velocity,3.2,142,1.2407383833917087
crossing_90_d_8,387,direct_mlp,0.4,142,0.12530833323660892
crossing_90_d_8,387,direct_mlp,0.8,142,0.21222445033707832
crossing_90_d_8,387,direct_mlp,1.2000000000000002,142,0.32054755448826633
crossing_90_d_8,387,direct_mlp,1.6,142,0.4423878193239079
crossing_90_d_8,387,direct_mlp,2.0,142,0.5824161120535011
crossing_90_d_8,387,direct_mlp,2.4000000000000004,142,0.7422592947457173
crossing_90_d_8,387,direct_mlp,2.8000000000000003,142,0.9305926003178121
crossing_90_d_8,387,direct_mlp,3.2,142,1.1249306515970205
crossing_90_d_8,387,direct_routed_control,0.4,142,0.1252958311312111
crossing_90_d_8,387,direct_routed_control,0.8,142,0.2120983383919702
crossing_90_d_8,387,direct_routed_control,1.2000000000000002,142,0.3202773614825326
crossing_90_d_8,387,direct_routed_control,1.6,142,0.4419998497626815
crossing_90_d_8,387,direct_routed_control,2.0,142,0.5818640049319124
crossing_90_d_8,387,direct_routed_control,2.4000000000000004,142,0.7417345714192055
crossing_90_d_8,387,direct_routed_control,2.8000000000000003,142,0.9299753289631835
crossing_90_d_8,387,direct_routed_control,3.2,142,1.1241612087404487
crossing_90_d_8,387,tensor_prior,0.4,142,0.1252976200717851
crossing_90_d_8,387,tensor_prior,0.8,142,0.19911249696321195
crossing_90_d_8,387,tensor_prior,1.2000000000000002,142,0.2823226222630483
crossing_90_d_8,387,tensor_prior,1.6,142,0.3862550363502896
crossing_90_d_8,387,tensor_prior,2.0,142,0.5014018328053742
crossing_90_d_8,387,tensor_prior,2.4000000000000004,142,0.6276275876041907
crossing_90_d_8,387,tensor_prior,2.8000000000000003,142,0.7779730091923649
crossing_90_d_8,387,tensor_prior,3.2,142,0.9312832627530596
crossing_90_d_8,387,gel_ped,0.4,142,0.12090131654202427
crossing_90_d_8,387,gel_ped,0.8,142,0.1995761527812793
crossing_90_d_8,387,gel_ped,1.2000000000000002,142,0.29619411909089366
crossing_90_d_8,387,gel_ped,1.6,142,0.4109125604488017
crossing_90_d_8,387,gel_ped,2.0,142,0.536135043358967
crossing_90_d_8,387,gel_ped,2.4000000000000004,142,0.6773126835446239
crossing_90_d_8,387,gel_ped,2.8000000000000003,142,0.8534204776169046
crossing_90_d_8,387,gel_ped,3.2,142,1.036997036057441
crossing_90_d_8,427,constant_velocity,0.4,144,0.13927024828567042
crossing_90_d_8,427,constant_velocity,0.8,144,0.2334334271863815
crossing_90_d_8,427,constant_velocity,1.2000000000000002,144,0.34890648749496367
crossing_90_d_8,427,constant_velocity,1.6,144,0.49946475889416675
crossing_90_d_8,427,constant_velocity,2.0,144,0.6377083705702309
crossing_90_d_8,427,constant_velocity,2.4000000000000004,144,0.7819488544938488
crossing_90_d_8,427,constant_velocity,2.8000000000000003,144,0.9492282453070041
crossing_90_d_8,427,constant_velocity,3.2,144,1.1106903820848966
crossing_90_d_8,427,direct_mlp,0.4,144,0.11711941497896314
crossing_90_d_8,427,direct_mlp,0.8,144,0.1920361450175674
crossing_90_d_8,427,direct_mlp,1.2000000000000002,144,0.29078366713220605
crossing_90_d_8,427,direct_mlp,1.6,144,0.4198223410516002
crossing_90_d_8,427,direct_mlp,2.0,144,0.557202124547381
crossing_90_d_8,427,direct_mlp,2.4000000000000004,144,0.7055815892475659
crossing_90_d_8,427,direct_mlp,2.8000000000000003,144,0.8645261473613064
crossing_90_d_8,427,direct_mlp,3.2,144,1.0318552483143695
crossing_90_d_8,427,direct_routed_control,0.4,144,0.11713485002407859
crossing_90_d_8,427,direct_routed_control,0.8,144,0.19205767510881927
crossing_90_d_8,427,direct_routed_control,1.2000000000000002,144,0.2908267879859643
crossing_90_d_8,427,direct_routed_control,1.6,144,0.4198214828492814
crossing_90_d_8,427,direct_routed_control,2.0,144,0.5572156075064346
crossing_90_d_8,427,direct_routed_control,2.4000000000000004,144,0.7055442827011
crossing_90_d_8,427,direct_routed_control,2.8000000000000003,144,0.8643960403182773
crossing_90_d_8,427,direct_routed_control,3.2,144,1.031716859533347
crossing_90_d_8,427,tensor_prior,0.4,144,0.11890281042313215
crossing_90_d_8,427,tensor_prior,0.8,144,0.17906121469766767
crossing_90_d_8,427,tensor_prior,1.2000000000000002,144,0.2594721434220102
crossing_90_d_8,427,tensor_prior,1.6,144,0.3665788239178744
crossing_90_d_8,427,tensor_prior,2.0,144,0.4660349744904507
crossing_90_d_8,427,tensor_prior,2.4000000000000004,144,0.5719973611075829
crossing_90_d_8,427,tensor_prior,2.8000000000000003,144,0.6959792013920606
crossing_90_d_8,427,tensor_prior,3.2,144,0.8286547311126533
crossing_90_d_8,427,gel_ped,0.4,144,0.11350867464971609
crossing_90_d_8,427,gel_ped,0.8,144,0.1803832803406713
crossing_90_d_8,427,gel_ped,1.2000000000000002,144,0.2743343719185898
crossing_90_d_8,427,gel_ped,1.6,144,0.3919237365162981
crossing_90_d_8,427,gel_ped,2.0,144,0.5183160041607495
crossing_90_d_8,427,gel_ped,2.4000000000000004,144,0.6584212118397667
crossing_90_d_8,427,gel_ped,2.8000000000000003,144,0.8093634266060646
crossing_90_d_8,427,gel_ped,3.2,144,0.9695736672844468
crossing_90_d_8,467,constant_velocity,0.4,149,0.14729979993983902
crossing_90_d_8,467,constant_velocity,0.8,149,0.2554488961374394
crossing_90_d_8,467,constant_velocity,1.2000000000000002,149,0.36244275951975524
crossing_90_d_8,467,constant_velocity,1.6,149,0.5177263292247154
crossing_90_d_8,467,constant_velocity,2.0,149,0.6603413180994573
crossing_90_d_8,467,constant_velocity,2.4000000000000004,149,0.8037679717440481
crossing_90_d_8,467,constant_velocity,2.8000000000000003,149,0.9678120232639202
crossing_90_d_8,467,constant_velocity,3.2,149,1.1201948441610359
crossing_90_d_8,467,direct_mlp,0.4,149,0.11886394336511309
crossing_90_d_8,467,direct_mlp,0.8,149,0.20525762260014913
crossing_90_d_8,467,direct_mlp,1.2000000000000002,149,0.29179956855368805
crossing_90_d_8,467,direct_mlp,1.6,149,0.41647563024240297
crossing_90_d_8,467,direct_mlp,2.0,149,0.5410605546971089
crossing_90_d_8,467,direct_mlp,2.4000000000000004,149,0.6739620781862886
crossing_90_d_8,467,direct_mlp,2.8000000000000003,149,0.8288076311161536
crossing_90_d_8,467,direct_mlp,3.2,149,0.9773241090825858
crossing_90_d_8,467,direct_routed_control,0.4,149,0.11889917135118383
crossing_90_d_8,467,direct_routed_control,0.8,149,0.20522920519069834
crossing_90_d_8,467,direct_routed_control,1.2000000000000002,149,0.2917069912833508
crossing_90_d_8,467,direct_routed_control,1.6,149,0.4163695242075511
crossing_90_d_8,467,direct_routed_control,2.0,149,0.5408799887518521
crossing_90_d_8,467,direct_routed_control,2.4000000000000004,149,0.6738583765818388
crossing_90_d_8,467,direct_routed_control,2.8000000000000003,149,0.828682464789141
crossing_90_d_8,467,direct_routed_control,3.2,149,0.9771503467110351
crossing_90_d_8,467,tensor_prior,0.4,149,0.12218781445524618
crossing_90_d_8,467,tensor_prior,0.8,149,0.19364430769946858
crossing_90_d_8,467,tensor_prior,1.2000000000000002,149,0.2649172941872954
crossing_90_d_8,467,tensor_prior,1.6,149,0.37113904509170437
crossing_90_d_8,467,tensor_prior,2.0,149,0.4682528650369995
crossing_90_d_8,467,tensor_prior,2.4000000000000004,149,0.5662766463574275
crossing_90_d_8,467,tensor_prior,2.8000000000000003,149,0.68416602464969
crossing_90_d_8,467,tensor_prior,3.2,149,0.8004331028142545
crossing_90_d_8,467,gel_ped,0.4,149,0.11419873101333071
crossing_90_d_8,467,gel_ped,0.8,149,0.1938255777598562
crossing_90_d_8,467,gel_ped,1.2000000000000002,149,0.27398993355324297
crossing_90_d_8,467,gel_ped,1.6,149,0.38845671289274986
crossing_90_d_8,467,gel_ped,2.0,149,0.5023899770460506
crossing_90_d_8,467,gel_ped,2.4000000000000004,149,0.6224769272974304
crossing_90_d_8,467,gel_ped,2.8000000000000003,149,0.7645167146548966
crossing_90_d_8,467,gel_ped,3.2,149,0.8967982457130849
crossing_90_d_8,507,constant_velocity,0.4,139,0.14761712899800744
crossing_90_d_8,507,constant_velocity,0.8,139,0.23525191045443164
crossing_90_d_8,507,constant_velocity,1.2000000000000002,139,0.3389408821666301
crossing_90_d_8,507,constant_velocity,1.6,139,0.46361288532379274
crossing_90_d_8,507,constant_velocity,2.0,139,0.5906343016253444
crossing_90_d_8,507,constant_velocity,2.4000000000000004,139,0.7301130200490789
crossing_90_d_8,507,constant_velocity,2.8000000000000003,139,0.8868942065291678
crossing_90_d_8,507,constant_velocity,3.2,139,1.0427781878013762
crossing_90_d_8,507,direct_mlp,0.4,139,0.12365353228886738
crossing_90_d_8,507,direct_mlp,0.8,139,0.18452911886442486
crossing_90_d_8,507,direct_mlp,1.2000000000000002,139,0.27281087506084856
crossing_90_d_8,507,direct_mlp,1.6,139,0.37480475577805555
crossing_90_d_8,507,direct_mlp,2.0,139,0.48358409180209017
crossing_90_d_8,507,direct_mlp,2.4000000000000004,139,0.6150046966594188
crossing_90_d_8,507,direct_mlp,2.8000000000000003,139,0.7472743383259272
crossing_90_d_8,507,direct_mlp,3.2,139,0.9033958971641709
crossing_90_d_8,507,direct_routed_control,0.4,139,0.12368796099243624
crossing_90_d_8,507,direct_routed_control,0.8,139,0.1846982290642137
crossing_90_d_8,507,direct_routed_control,1.2000000000000002,139,0.2729975661012345
crossing_90_d_8,507,direct_routed_control,1.6,139,0.37508113324964504
crossing_90_d_8,507,direct_routed_control,2.0,139,0.4840375360102226
crossing_90_d_8,507,direct_routed_control,2.4000000000000004,139,0.6156565574330238
crossing_90_d_8,507,direct_routed_control,2.8000000000000003,139,0.748047572153639
crossing_90_d_8,507,direct_routed_control,3.2,139,0.9043873178714105
crossing_90_d_8,507,tensor_prior,0.4,139,0.12556557375550517
crossing_90_d_8,507,tensor_prior,0.8,139,0.17958250251657082
crossing_90_d_8,507,tensor_prior,1.2000000000000002,139,0.24783938971932987
crossing_90_d_8,507,tensor_prior,1.6,139,0.3301361068517512
crossing_90_d_8,507,tensor_prior,2.0,139,0.4117949025740354
crossing_90_d_8,507,tensor_prior,2.4000000000000004,139,0.5200151323012911
crossing_90_d_8,507,tensor_prior,2.8000000000000003,139,0.6296916142671937
crossing_90_d_8,507,tensor_prior,3.2,139,0.7585558370886742
crossing_90_d_8,507,gel_ped,0.4,139,0.12006449151258436
crossing_90_d_8,507,gel_ped,0.8,139,0.17780451202026498
crossing_90_d_8,507,gel_ped,1.2000000000000002,139,0.2568549153673187
crossing_90_d_8,507,gel_ped,1.6,139,0.34965825456632454
crossing_90_d_8,507,gel_ped,2.0,139,0.44980562024582227
crossing_90_d_8,507,gel_ped,2.4000000000000004,139,0.5695610071865211
crossing_90_d_8,507,gel_ped,2.8000000000000003,139,0.692982439509824
crossing_90_d_8,507,gel_ped,3.2,139,0.8324226248757927
crossing_90_e_1,121,constant_velocity,0.4,4,0.06349685898725069
crossing_90_e_1,121,constant_velocity,0.8,4,0.1704955654655874
crossing_90_e_1,121,constant_velocity,1.2000000000000002,4,0.2524843813582446
crossing_90_e_1,121,constant_velocity,1.6,4,0.39885453448117486
crossing_90_e_1,121,constant_velocity,2.0,4,0.5368870330228563
crossing_90_e_1,121,constant_velocity,2.4000000000000004,4,0.7331855906188776
crossing_90_e_1,121,constant_velocity,2.8000000000000003,4,0.898205659703852
crossing_90_e_1,121,constant_velocity,3.2,4,1.0419551444681057
crossing_90_e_1,121,direct_mlp,0.4,4,0.1112595588078048
crossing_90_e_1,121,direct_mlp,0.8,4,0.26950008514293206
crossing_90_e_1,121,direct_mlp,1.2000000000000002,4,0.4300898701649804
crossing_90_e_1,121,direct_mlp,1.6,4,0.6086788357665257
crossing_90_e_1,121,direct_mlp,2.0,4,0.7672693660976606
crossing_90_e_1,121,direct_mlp,2.4000000000000004,4,0.9436872721290159
crossing_90_e_1,121,direct_mlp,2.8000000000000003,4,1.1263489164794847
crossing_90_e_1,121,direct_mlp,3.2,4,1.413057855007602
crossing_90_e_1,121,direct_routed_control,0.4,4,0.11361734789831118
crossing_90_e_1,121,direct_routed_control,0.8,4,0.2736940868417594
crossing_90_e_1,121,direct_routed_control,1.2000000000000002,4,0.4332181121043936
crossing_90_e_1,121,direct_routed_control,1.6,4,0.6086421725732574
crossing_90_e_1,121,direct_routed_control,2.0,4,0.7649817970575268
crossing_90_e_1,121,direct_routed_control,2.4000000000000004,4,0.9406622519238462
crossing_90_e_1,121,direct_routed_control,2.8000000000000003,4,1.1197995350555543
crossing_90_e_1,121,direct_routed_control,3.2,4,1.4026901800545677
crossing_90_e_1,121,tensor_prior,0.4,4,0.04257961740682452
crossing_90_e_1,121,tensor_prior,0.8,4,0.13887977266824994
crossing_90_e_1,121,tensor_prior,1.2000000000000002,4,0.21023346682432043
crossing_90_e_1,121,tensor_prior,1.6,4,0.30952457684015583
crossing_90_e_1,121,tensor_prior,2.0,4,0.4502723175000857
crossing_90_e_1,121,tensor_prior,2.4000000000000004,4,0.6048045314003546
crossing_90_e_1,121,tensor_prior,2.8000000000000003,4,0.7445243776142481
crossing_90_e_1,121,tensor_prior,3.2,4,0.9224075375431995
crossing_90_e_1,121,gel_ped,0.4,4,0.0524719595763874
crossing_90_e_1,121,gel_ped,0.8,4,0.1787249010293503
crossing_90_e_1,121,gel_ped,1.2000000000000002,4,0.25895529457942384
crossing_90_e_1,121,gel_ped,1.6,4,0.38511613351578805
crossing_90_e_1,121,gel_ped,2.0,4,0.5282197910480515
crossing_90_e_1,121,gel_ped,2.4000000000000004,4,0.676467224137998
crossing_90_e_1,121,gel_ped,2.8000000000000003,4,0.818986823391605
crossing_90_e_1,121,gel_ped,3.2,4,0.9574826500920386
crossing_90_e_1,161,constant_velocity,0.4,8,0.1286885178141845
crossing_90_e_1,161,constant_velocity,0.8,8,0.20821495352248193
crossing_90_e_1,161,constant_velocity,1.2000000000000002,8,0.3838503203012039
crossing_90_e_1,161,constant_velocity,1.6,8,0.5174739124014559
crossing_90_e_1,161,constant_velocity,2.0,8,0.669217176713402
crossing_90_e_1,161,constant_velocity,2.4000000000000004,8,0.7958322834592649
crossing_90_e_1,161,constant_velocity,2.8000000000000003,8,0.8426823479197953
crossing_90_e_1,161,constant_velocity,3.2,8,0.905884381128987
crossing_90_e_1,161,direct_mlp,0.4,8,0.12300089009030765
crossing_90_e_1,161,direct_mlp,0.8,8,0.21363901875163646
crossing_90_e_1,161,direct_mlp,1.2000000000000002,8,0.3479515957338742
crossing_90_e_1,161,direct_mlp,1.6,8,0.49669320886025276
crossing_90_e_1,161,direct_mlp,2.0,8,0.7050562131752363
crossing_90_e_1,161,direct_mlp,2.4000000000000004,8,0.9073280889678469
crossing_90_e_1,161,direct_mlp,2.8000000000000003,8,1.1327232943810173
crossing_90_e_1,161,direct_mlp,3.2,8,1.3516010685456574
crossing_90_e_1,161,direct_routed_control,0.4,8,0.12405341366464281
crossing_90_e_1,161,direct_routed_control,0.8,8,0.21451940403542458
crossing_90_e_1,161,direct_routed_control,1.2000000000000002,8,0.3481524265676214
crossing_90_e_1,161,direct_routed_control,1.6,8,0.49535662647119455
crossing_90_e_1,161,direct_routed_control,2.0,8,0.7024275191320986
crossing_90_e_1,161,direct_routed_control,2.4000000000000004,8,0.9014833547294339
crossing_90_e_1,161,direct_routed_control,2.8000000000000003,8,1.124745952708217
crossing_90_e_1,161,direct_routed_control,3.2,8,1.3413636966550415
crossing_90_e_1,161,tensor_prior,0.4,8,0.10866738060276093
crossing_90_e_1,161,tensor_prior,0.8,8,0.16561488005669966
crossing_90_e_1,161,tensor_prior,1.2000000000000002,8,0.2438280949307785
crossing_90_e_1,161,tensor_prior,1.6,8,0.3653721925049568
crossing_90_e_1,161,tensor_prior,2.0,8,0.5165154727080916
crossing_90_e_1,161,tensor_prior,2.4000000000000004,8,0.6221367998298895
crossing_90_e_1,161,tensor_prior,2.8000000000000003,8,0.7038180096105825
crossing_90_e_1,161,tensor_prior,3.2,8,0.7795871615760921
crossing_90_e_1,161,gel_ped,0.4,8,0.11196073298949648
crossing_90_e_1,161,gel_ped,0.8,8,0.15632578237266512
crossing_90_e_1,161,gel_ped,1.2000000000000002,8,0.2376903082459737
crossing_90_e_1,161,gel_ped,1.6,8,0.32828720730908745
crossing_90_e_1,161,gel_ped,2.0,8,0.48850176715980365
crossing_90_e_1,161,gel_ped,2.4000000000000004,8,0.6072251138674826
crossing_90_e_1,161,gel_ped,2.8000000000000003,8,0.713400787536019
crossing_90_e_1,161,gel_ped,3.2,8,0.8103465264838803
crossing_90_e_1,201,constant_velocity,0.4,9,0.15657439636308995
crossing_90_e_1,201,constant_velocity,0.8,9,0.24926993915489262
crossing_90_e_1,201,constant_velocity,1.2000000000000002,9,0.3491696283195354
crossing_90_e_1,201,constant_velocity,1.6,9,0.41093142416180656
crossing_90_e_1,201,constant_velocity,2.0,9,0.5150710175655862
crossing_90_e_1,201,constant_velocity,2.4000000000000004,9,0.6347568105290062
crossing_90_e_1,201,constant_velocity,2.8000000000000003,9,0.7757515501382914
crossing_90_e_1,201,constant_velocity,3.2,9,0.8811938425854341
crossing_90_e_1,201,direct_mlp,0.4,9,0.167021171858596
crossing_90_e_1,201,direct_mlp,0.8,9,0.281957625140738
crossing_90_e_1,201,direct_mlp,1.2000000000000002,9,0.4101427259165412
crossing_90_e_1,201,direct_mlp,1.6,9,0.5092696827918827
crossing_90_e_1,201,direct_mlp,2.0,9,0.6326667251020492
crossing_90_e_1,201,direct_mlp,2.4000000000000004,9,0.8364570958661849
crossing_90_e_1,201,direct_mlp,2.8000000000000003,9,1.0803355475249354
crossing_90_e_1,201,direct_mlp,3.2,9,1.3100059049333876
crossing_90_e_1,201,direct_routed_control,0.4,9,0.1669184733415325
crossing_90_e_1,201,direct_routed_control,0.8,9,0.28070894603177204
crossing_90_e_1,201,direct_routed_control,1.2000000000000002,9,0.40592874918787125
crossing_90_e_1,201,direct_routed_control,1.6,9,0.5029364946878333
crossing_90_e_1,201,direct_routed_control,2.0,9,0.6235494269105526
crossing_90_e_1,201,direct_routed_control,2.4000000000000004,9,0.8256944423993643
crossing_90_e_1,201,direct_routed_control,2.8000000000000003,9,1.068373078743373
crossing_90_e_1,201,direct_routed_control,3.2,9,1.2969148081092965
crossing_90_e_1,201,tensor_prior,0.4,9,0.15202108496771333
crossing_90_e_1,201,tensor_prior,0.8,9,0.222430096378898
crossing_90_e_1,201,tensor_prior,1.2000000000000002,9,0.30897513150308753
crossing_90_e_1,201,tensor_prior,1.6,9,0.3750062252398151
crossing_90_e_1,201,tensor_prior,2.0,9,0.4603431747984153
crossing_90_e_1,201,tensor_prior,2.4000000000000004,9,0.585229069485987
crossing_90_e_1,201,tensor_prior,2.8000000000000003,9,0.7628442483582708
crossing_90_e_1,201,tensor_prior,3.2,9,0.9318534062762431
crossing_90_e_1,201,gel_ped,0.4,9,0.16415321608799222
crossing_90_e_1,201,gel_ped,0.8,9,0.26450998125737546
crossing_90_e_1,201,gel_ped,1.2000000000000002,9,0.373277738723472
crossing_90_e_1,201,gel_ped,1.6,9,0.4304522032848505
crossing_90_e_1,201,gel_ped,2.0,9,0.5282496060643
crossing_90_e_1,201,gel_ped,2.4000000000000004,9,0.681539540512159
crossing_90_e_1,201,gel_ped,2.8000000000000003,9,0.8863595913668811
crossing_90_e_1,201,gel_ped,3.2,9,1.099968786615049
crossing_90_e_1,241,constant_velocity,0.4,7,0.15261434739166696
crossing_90_e_1,241,constant_velocity,0.8,7,0.2904073965630775
crossing_90_e_1,241,constant_velocity,1.2000000000000002,7,0.4454154537287573
crossing_90_e_1,241,constant_velocity,1.6,7,0.59486772737789
crossing_90_e_1,241,constant_velocity,2.0,7,0.796286614094671
crossing_90_e_1,241,constant_velocity,2.4000000000000004,7,1.0690156709582876
crossing_90_e_1,241,constant_velocity,2.8000000000000003,7,1.2627561325625365
crossing_90_e_1,241,constant_velocity,3.2,7,1.4269207334840353
crossing_90_e_1,241,direct_mlp,0.4,7,0.13232182985015836
crossing_90_e_1,241,direct_mlp,0.8,7,0.24297703108212
crossing_90_e_1,241,direct_mlp,1.2000000000000002,7,0.3615617671139481
crossing_90_e_1,241,direct_mlp,1.6,7,0.47253421216736957
crossing_90_e_1,241,direct_mlp,2.0,7,0.6712048873006556
crossing_90_e_1,241,direct_mlp,2.4000000000000004,7,0.8570011792951657
crossing_90_e_1,241,direct_mlp,2.8000000000000003,7,1.0886632965570142
crossing_90_e_1,241,direct_mlp,3.2,7,1.24484298426977
crossing_90_e_1,241,direct_routed_control,0.4,7,0.1319605320498507
crossing_90_e_1,241,direct_routed_control,0.8,7,0.24273466171456132
crossing_90_e_1,241,direct_routed_control,1.2000000000000002,7,0.36232964956871544
crossing_90_e_1,241,direct_routed_control,1.6,7,0.4736587064689387
crossing_90_e_1,241,direct_routed_control,2.0,7,0.6721973856540026
crossing_90_e_1,241,direct_routed_control,2.4000000000000004,7,0.8586552201271606
crossing_90_e_1,241,direct_routed_control,2.8000000000000003,7,1.090386504089759
crossing_90_e_1,241,direct_routed_control,3.2,7,1.2463298907032991
crossing_90_e_1,241,tensor_prior,0.4,7,0.11583022425050306
crossing_90_e_1,241,tensor_prior,0.8,7,0.19916742299406445
crossing_90_e_1,241,tensor_prior,1.2000000000000002,7,0.2942493528109996
crossing_90_e_1,241,tensor_prior,1.6,7,0.38834214273784895
crossing_90_e_1,241,tensor_prior,2.0,7,0.5734804587427259
crossing_90_e_1,241,tensor_prior,2.4000000000000004,7,0.7788493520539669
crossing_90_e_1,241,tensor_prior,2.8000000000000003,7,0.975632674496669
crossing_90_e_1,241,tensor_prior,3.2,7,1.1221530368092674
crossing_90_e_1,241,gel_ped,0.4,7,0.1294547158360931
crossing_90_e_1,241,gel_ped,0.8,7,0.2474468142607533
crossing_90_e_1,241,gel_ped,1.2000000000000002,7,0.37207803160026043
crossing_90_e_1,241,gel_ped,1.6,7,0.48193445486684616
crossing_90_e_1,241,gel_ped,2.0,7,0.686161362499676
crossing_90_e_1,241,gel_ped,2.4000000000000004,7,0.9012221187069667
crossing_90_e_1,241,gel_ped,2.8000000000000003,7,1.1311929577937112
crossing_90_e_1,241,gel_ped,3.2,7,1.290881745101449
crossing_90_e_1,281,constant_velocity,0.4,9,0.07018636839196392
crossing_90_e_1,281,constant_velocity,0.8,9,0.18191946471039544
crossing_90_e_1,281,constant_velocity,1.2000000000000002,9,0.3710203827785925
crossing_90_e_1,281,constant_velocity,1.6,9,0.5230084641679161
crossing_90_e_1,281,constant_velocity,2.0,9,0.7086377377705948
crossing_90_e_1,281,constant_velocity,2.4000000000000004,9,0.8844714116037082
crossing_90_e_1,281,constant_velocity,2.8000000000000003,9,1.0677082935488016
crossing_90_e_1,281,constant_velocity,3.2,9,1.2194382365972514
crossing_90_e_1,281,direct_mlp,0.4,9,0.08708224943604284
crossing_90_e_1,281,direct_mlp,0.8,9,0.1686695847178085
crossing_90_e_1,281,direct_mlp,1.2000000000000002,9,0.3290692884681001
crossing_90_e_1,281,direct_mlp,1.6,9,0.48120124409284
crossing_90_e_1,281,direct_mlp,2.0,9,0.6682126054681067
crossing_90_e_1,281,direct_mlp,2.4000000000000004,9,0.8910093575244193
crossing_90_e_1,281,direct_mlp,2.8000000000000003,9,1.1607012335253306
crossing_90_e_1,281,direct_mlp,3.2,9,1.4992027048108751
crossing_90_e_1,281,direct_routed_control,0.4,9,0.08744987875382558
crossing_90_e_1,281,direct_routed_control,0.8,9,0.16917264590745237
crossing_90_e_1,281,direct_routed_control,1.2000000000000002,9,0.32895286206679536
crossing_90_e_1,281,direct_routed_control,1.6,9,0.4807379261167001
crossing_90_e_1,281,direct_routed_control,2.0,9,0.6672721194424837
crossing_90_e_1,281,direct_routed_control,2.4000000000000004,9,0.8882238987577398
crossing_90_e_1,281,direct_routed_control,2.8000000000000003,9,1.1553575115420318
crossing_90_e_1,281,direct_routed_control,3.2,9,1.4932978272490378
crossing_90_e_1,281,tensor_prior,0.4,9,0.06707036650581115
crossing_90_e_1,281,tensor_prior,0.8,9,0.1294569166354427
crossing_90_e_1,281,tensor_prior,1.2000000000000002,9,0.2697555480621851
crossing_90_e_1,281,tensor_prior,1.6,9,0.35402025816393945
crossing_90_e_1,281,tensor_prior,2.0,9,0.4717407238573517
crossing_90_e_1,281,tensor_prior,2.4000000000000004,9,0.6102906246836624
crossing_90_e_1,281,tensor_prior,2.8000000000000003,9,0.758536774430624
crossing_90_e_1,281,tensor_prior,3.2,9,0.9618589996344704
crossing_90_e_1,281,gel_ped,0.4,9,0.06354047900100435
crossing_90_e_1,281,gel_ped,0.8,9,0.12503533331425856
crossing_90_e_1,281,gel_ped,1.2000000000000002,9,0.2723515137178381
crossing_90_e_1,281,gel_ped,1.6,9,0.36878557480627616
crossing_90_e_1,281,gel_ped,2.0,9,0.4861353517901636
crossing_90_e_1,281,gel_ped,2.4000000000000004,9,0.6346722096553077
crossing_90_e_1,281,gel_ped,2.8000000000000003,9,0.7953475908922852
crossing_90_e_1,281,gel_ped,3.2,9,1.0526287841845163
crossing_90_e_1,321,constant_velocity,0.4,9,0.1377085037086171
crossing_90_e_1,321,constant_velocity,0.8,9,0.33163077377581107
crossing_90_e_1,321,constant_velocity,1.2000000000000002,9,0.605897855155829
crossing_90_e_1,321,constant_velocity,1.6,9,0.8891229107024271
crossing_90_e_1,321,constant_velocity,2.0,9,1.1390435943384822
crossing_90_e_1,321,constant_velocity,2.4000000000000004,9,1.3437128153180575
crossing_90_e_1,321,constant_velocity,2.8000000000000003,9,1.564519245949083
crossing_90_e_1,321,constant_velocity,3.2,9,1.7911797434466779
crossing_90_e_1,321,direct_mlp,0.4,9,0.1331854534039837
crossing_90_e_1,321,direct_mlp,0.8,9,0.2976916421996878
crossing_90_e_1,321,direct_mlp,1.2000000000000002,9,0.483954865637906
crossing_90_e_1,321,direct_mlp,1.6,9,0.6605909289370455
crossing_90_e_1,321,direct_mlp,2.0,9,0.9196204662674948
crossing_90_e_1,321,direct_mlp,2.4000000000000004,9,1.1476995221053645
crossing_90_e_1,321,direct_mlp,2.8000000000000003,9,1.3967986572472182
crossing_90_e_1,321,direct_mlp,3.2,9,1.6069088599689691
crossing_90_e_1,321,direct_routed_control,0.4,9,0.13322654104233397
crossing_90_e_1,321,direct_routed_control,0.8,9,0.29837513731086046
crossing_90_e_1,321,direct_routed_control,1.2000000000000002,9,0.485403228028997
crossing_90_e_1,321,direct_routed_control,1.6,9,0.6613762001957525
crossing_90_e_1,321,direct_routed_control,2.0,9,0.9196324183296887
crossing_90_e_1,321,direct_routed_control,2.4000000000000004,9,1.147613543988876
crossing_90_e_1,321,direct_routed_control,2.8000000000000003,9,1.396093789810337
crossing_90_e_1,321,direct_routed_control,3.2,9,1.6055508449920957
crossing_90_e_1,321,tensor_prior,0.4,9,0.11402436581977365
crossing_90_e_1,321,tensor_prior,0.8,9,0.26338271670053937
crossing_90_e_1,321,tensor_prior,1.2000000000000002,9,0.4757941303662558
crossing_90_e_1,321,tensor_prior,1.6,9,0.7053058371976368
crossing_90_e_1,321,tensor_prior,2.0,9,0.9341567670326588
crossing_90_e_1,321,tensor_prior,2.4000000000000004,9,1.1331416978620645
crossing_90_e_1,321,tensor_prior,2.8000000000000003,9,1.3314274635249672
crossing_90_e_1,321,tensor_prior,3.2,9,1.524091609900538
crossing_90_e_1,321,gel_ped,0.4,9,0.12381453364829101
crossing_90_e_1,321,gel_ped,0.8,9,0.2780232044993231
crossing_90_e_1,321,gel_ped,1.2000000000000002,9,0.4968961181222285
crossing_90_e_1,321,gel_ped,1.6,9,0.7192241544394782
crossing_90_e_1,321,gel_ped,2.0,9,0.9606867747352094
crossing_90_e_1,321,gel_ped,2.4000000000000004,9,1.1749460507404634
crossing_90_e_1,321,gel_ped,2.8000000000000003,9,1.3815520515514292
crossing_90_e_1,321,gel_ped,3.2,9,1.5797572761008405
crossing_90_e_1,361,constant_velocity,0.4,11,0.14033353216671318
crossing_90_e_1,361,constant_velocity,0.8,11,0.2143551593464711
crossing_90_e_1,361,constant_velocity,1.2000000000000002,11,0.37570938874262333
crossing_90_e_1,361,constant_velocity,1.6,11,0.5214720048344607
crossing_90_e_1,361,constant_velocity,2.0,11,0.6759807043597793
crossing_90_e_1,361,constant_velocity,2.4000000000000004,11,0.8108929642581139
crossing_90_e_1,361,constant_velocity,2.8000000000000003,11,0.9540216697360434
crossing_90_e_1,361,constant_velocity,3.2,11,1.137437253958432
crossing_90_e_1,361,direct_mlp,0.4,11,0.16377287562137816
crossing_90_e_1,361,direct_mlp,0.8,11,0.27721022310459925
crossing_90_e_1,361,direct_mlp,1.2000000000000002,11,0.4510910228774472
crossing_90_e_1,361,direct_mlp,1.6,11,0.6106281402385747
crossing_90_e_1,361,direct_mlp,2.0,11,0.8147488746085133
crossing_90_e_1,361,direct_mlp,2.4000000000000004,11,1.002162479151477
crossing_90_e_1,361,direct_mlp,2.8000000000000003,11,1.246416133239995
crossing_90_e_1,361,direct_mlp,3.2,11,1.530573772592848
crossing_90_e_1,361,direct_routed_control,0.4,11,0.16328709150475823
crossing_90_e_1,361,direct_routed_control,0.8,11,0.27558362279426146
crossing_90_e_1,361,direct_routed_control,1.2000000000000002,11,0.4483797196404224
crossing_90_e_1,361,direct_routed_control,1.6,11,0.6065023606561049
crossing_90_e_1,361,direct_routed_control,2.0,11,0.8092431151969804
crossing_90_e_1,361,direct_routed_control,2.4000000000000004,11,0.995444655966417
crossing_90_e_1,361,direct_routed_control,2.8000000000000003,11,1.237910661184934
crossing_90_e_1,361,direct_routed_control,3.2,11,1.5213603723951017
crossing_90_e_1,361,tensor_prior,0.4,11,0.15357683627696914
crossing_90_e_1,361,tensor_prior,0.8,11,0.24341651682746293
crossing_90_e_1,361,tensor_prior,1.2000000000000002,11,0.4014666034234536
crossing_90_e_1,361,tensor_prior,1.6,11,0.518258260066527
crossing_90_e_1,361,tensor_prior,2.0,11,0.6744284068296198
crossing_90_e_1,361,tensor_prior,2.4000000000000004,11,0.7894575557254062
crossing_90_e_1,361,tensor_prior,2.8000000000000003,11,0.9509590571572324
crossing_90_e_1,361,tensor_prior,3.2,11,1.164512655874688
crossing_90_e_1,361,gel_ped,0.4,11,0.15788670515953676
crossing_90_e_1,361,gel_ped,0.8,11,0.2543331040768772
crossing_90_e_1,361,gel_ped,1.2000000000000002,11,0.4110916660922044
crossing_90_e_1,361,gel_ped,1.6,11,0.534185636880496
crossing_90_e_1,361,gel_ped,2.0,11,0.7010368551437034
crossing_90_e_1,361,gel_ped,2.4000000000000004,11,0.826115772008692
crossing_90_e_1,361,gel_ped,2.8000000000000003,11,1.0030056145179038
crossing_90_e_1,361,gel_ped,3.2,11,1.2338699666780206
crossing_90_e_1,401,constant_velocity,0.4,8,0.10706990682757503
crossing_90_e_1,401,constant_velocity,0.8,8,0.21774434881590682
crossing_90_e_1,401,constant_velocity,1.2000000000000002,8,0.47079147335107735
crossing_90_e_1,401,constant_velocity,1.6,8,0.7027125604760545
crossing_90_e_1,401,constant_velocity,2.0,8,0.9022281559066319
crossing_90_e_1,401,constant_velocity,2.4000000000000004,8,1.0233676051699594
crossing_90_e_1,401,constant_velocity,2.8000000000000003,8,1.1452394843162952
crossing_90_e_1,401,constant_velocity,3.2,8,1.252496358599338
crossing_90_e_1,401,direct_mlp,0.4,8,0.09870926743884291
crossing_90_e_1,401,direct_mlp,0.8,8,0.21124868905979793
crossing_90_e_1,401,direct_mlp,1.2000000000000002,8,0.3998955504192763
crossing_90_e_1,401,direct_mlp,1.6,8,0.5989748481306543
crossing_90_e_1,401,direct_mlp,2.0,8,0.7951516790822227
crossing_90_e_1,401,direct_mlp,2.4000000000000004,8,1.0021662368301294
crossing_90_e_1,401,direct_mlp,2.8000000000000003,8,1.2250971052539406
crossing_90_e_1,401,direct_mlp,3.2,8,1.4708503964224193
crossing_90_e_1,401,direct_routed_control,0.4,8,0.09900696590137381
crossing_90_e_1,401,direct_routed_control,0.8,8,0.21143591930206992
crossing_90_e_1,401,direct_routed_control,1.2000000000000002,8,0.3989597193788953
crossing_90_e_1,401,direct_routed_control,1.6,8,0.5966481103157305
crossing_90_e_1,401,direct_routed_control,2.0,8,0.7910558635204092
crossing_90_e_1,401,direct_routed_control,2.4000000000000004,8,0.996055486209975
crossing_90_e_1,401,direct_routed_control,2.8000000000000003,8,1.2173283739802094
crossing_90_e_1,401,direct_routed_control,3.2,8,1.462223721970501
crossing_90_e_1,401,tensor_prior,0.4,8,0.08548787052714162
crossing_90_e_1,401,tensor_prior,0.8,8,0.15788236560972924
crossing_90_e_1,401,tensor_prior,1.2000000000000002,8,0.32395467563477565
crossing_90_e_1,401,tensor_prior,1.6,8,0.49759061559871876
crossing_90_e_1,401,tensor_prior,2.0,8,0.6419056510332224
crossing_90_e_1,401,tensor_prior,2.4000000000000004,8,0.7625002628269266
crossing_90_e_1,401,tensor_prior,2.8000000000000003,8,0.897218260451515
crossing_90_e_1,401,tensor_prior,3.2,8,1.0555170148898219
crossing_90_e_1,401,gel_ped,0.4,8,0.09355062931748152
crossing_90_e_1,401,gel_ped,0.8,8,0.18240444840625017
crossing_90_e_1,401,gel_ped,1.2000000000000002,8,0.34250036250451055
crossing_90_e_1,401,gel_ped,1.6,8,0.4931158188365428
crossing_90_e_1,401,gel_ped,2.0,8,0.6116965318278416
crossing_90_e_1,401,gel_ped,2.4000000000000004,8,0.7453601405231564
crossing_90_e_1,401,gel_ped,2.8000000000000003,8,0.8978826720360084
crossing_90_e_1,401,gel_ped,3.2,8,1.0916241334890142
crossing_90_e_1,441,constant_velocity,0.4,9,0.121915732612113
crossing_90_e_1,441,constant_velocity,0.8,9,0.25169550041212096
crossing_90_e_1,441,constant_velocity,1.2000000000000002,9,0.48498241951557486
crossing_90_e_1,441,constant_velocity,1.6,9,0.7520843611067024
crossing_90_e_1,441,constant_velocity,2.0,9,0.9547568516378134
crossing_90_e_1,441,constant_velocity,2.4000000000000004,9,1.1513364166070148
crossing_90_e_1,441,constant_velocity,2.8000000000000003,9,1.3228736370136003
crossing_90_e_1,441,constant_velocity,3.2,9,1.4190042427184248
crossing_90_e_1,441,direct_mlp,0.4,9,0.10136752912780915
crossing_90_e_1,441,direct_mlp,0.8,9,0.21787917021235584
crossing_90_e_1,441,direct_mlp,1.2000000000000002,9,0.4576668361860675
crossing_90_e_1,441,direct_mlp,1.6,9,0.6925541598407371
crossing_90_e_1,441,direct_mlp,2.0,9,0.927068360313069
crossing_90_e_1,441,direct_mlp,2.4000000000000004,9,1.0985769016090385
crossing_90_e_1,441,direct_mlp,2.8000000000000003,9,1.2703817700719737
crossing_90_e_1,441,direct_mlp,3.2,9,1.3563762794602185
crossing_90_e_1,441,direct_routed_control,0.4,9,0.1005974914173773
crossing_90_e_1,441,direct_routed_control,0.8,9,0.21653143646455278
crossing_90_e_1,441,direct_routed_control,1.2000000000000002,9,0.45548183353801147
crossing_90_e_1,441,direct_routed_control,1.6,9,0.6896216391945362
crossing_90_e_1,441,direct_routed_control,2.0,9,0.9223309655900539
crossing_90_e_1,441,direct_routed_control,2.4000000000000004,9,1.0922720271537125
crossing_90_e_1,441,direct_routed_control,2.8000000000000003,9,1.2621858892009654
crossing_90_e_1,441,direct_routed_control,3.2,9,1.346828876608995
crossing_90_e_1,441,tensor_prior,0.4,9,0.10869814738793843
crossing_90_e_1,441,tensor_prior,0.8,9,0.20235678811458488
crossing_90_e_1,441,tensor_prior,1.2000000000000002,9,0.43399178384720305
crossing_90_e_1,441,tensor_prior,1.6,9,0.6542926213461139
crossing_90_e_1,441,tensor_prior,2.0,9,0.8522186522269833
crossing_90_e_1,441,tensor_prior,2.4000000000000004,9,0.9925335833817953
crossing_90_e_1,441,tensor_prior,2.8000000000000003,9,1.1302858980263186
crossing_90_e_1,441,tensor_prior,3.2,9,1.1826816275661853
crossing_90_e_1,441,gel_ped,0.4,9,0.1043173430366458
crossing_90_e_1,441,gel_ped,0.8,9,0.2128134835769102
crossing_90_e_1,441,gel_ped,1.2000000000000002,9,0.46122560688911335
crossing_90_e_1,441,gel_ped,1.6,9,0.6960970026079297
crossing_90_e_1,441,gel_ped,2.0,9,0.9070918868572715
crossing_90_e_1,441,gel_ped,2.4000000000000004,9,1.0510672073322151
crossing_90_e_1,441,gel_ped,2.8000000000000003,9,1.199859087312789
crossing_90_e_1,441,gel_ped,3.2,9,1.2496585801185307
crossing_90_e_1,481,constant_velocity,0.4,11,0.10945677210091494
crossing_90_e_1,481,constant_velocity,0.8,11,0.23200902966665116
crossing_90_e_1,481,constant_velocity,1.2000000000000002,11,0.3471774605954155
crossing_90_e_1,481,constant_velocity,1.6,11,0.5040883213618286
crossing_90_e_1,481,constant_velocity,2.0,11,0.7102863940353786
crossing_90_e_1,481,constant_velocity,2.4000000000000004,11,0.9095396889780729
crossing_90_e_1,481,constant_velocity,2.8000000000000003,11,1.0688531316780385
crossing_90_e_1,481,constant_velocity,3.2,11,1.202249857728042
crossing_90_e_1,481,direct_mlp,0.4,11,0.1364537917980751
crossing_90_e_1,481,direct_mlp,0.8,11,0.26476997045072576
crossing_90_e_1,481,direct_mlp,1.2000000000000002,11,0.34561554711337666
crossing_90_e_1,481,direct_mlp,1.6,11,0.5196087834895201
crossing_90_e_1,481,direct_mlp,2.0,11,0.7000266971813981
crossing_90_e_1,481,direct_mlp,2.4000000000000004,11,0.9269898750516465
crossing_90_e_1,481,direct_mlp,2.8000000000000003,11,1.2077456230846992
crossing_90_e_1,481,direct_mlp,3.2,11,1.5181294201233704
crossing_90_e_1,481,direct_routed_control,0.4,11,0.13626128316944042
crossing_90_e_1,481,direct_routed_control,0.8,11,0.2637749887913917
crossing_90_e_1,481,direct_routed_control,1.2000000000000002,11,0.34262035310219285
crossing_90_e_1,481,direct_routed_control,1.6,11,0.5149274918531568
crossing_90_e_1,481,direct_routed_control,2.0,11,0.6925514011719655
crossing_90_e_1,481,direct_routed_control,2.4000000000000004,11,0.9173844127732564
crossing_90_e_1,481,direct_routed_control,2.8000000000000003,11,1.1940378342867608
crossing_90_e_1,481,direct_routed_control,3.2,11,1.5027495153503325
crossing_90_e_1,481,tensor_prior,0.4,11,0.10773817005483179
crossing_90_e_1,481,tensor_prior,0.8,11,0.21563738897238552
crossing_90_e_1,481,tensor_prior,1.2000000000000002,11,0.2730730178654831
crossing_90_e_1,481,tensor_prior,1.6,11,0.3863281677230752
crossing_90_e_1,481,tensor_prior,2.0,11,0.5200218950525378
crossing_90_e_1,481,tensor_prior,2.4000000000000004,11,0.6720190887233438
crossing_90_e_1,481,tensor_prior,2.8000000000000003,11,0.8177106714392924
crossing_90_e_1,481,tensor_prior,3.2,11,0.9936715832998678
crossing_90_e_1,481,gel_ped,0.4,11,0.11188744441787049
crossing_90_e_1,481,gel_ped,0.8,11,0.20385823647259987
crossing_90_e_1,481,gel_ped,1.2000000000000002,11,0.25916834178411335
crossing_90_e_1,481,gel_ped,1.6,11,0.35855221148085453
crossing_90_e_1,481,gel_ped,2.0,11,0.470380168683295
crossing_90_e_1,481,gel_ped,2.4000000000000004,11,0.6230710254620332
crossing_90_e_1,481,gel_ped,2.8000000000000003,11,0.7990986194321839
crossing_90_e_1,481,gel_ped,3.2,11,1.020078742008852
crossing_90_e_1,521,constant_velocity,0.4,7,0.12911407132998243
crossing_90_e_1,521,constant_velocity,0.8,7,0.2349080136204755
crossing_90_e_1,521,constant_velocity,1.2000000000000002,7,0.40529005275405
crossing_90_e_1,521,constant_velocity,1.6,7,0.5449677664450213
crossing_90_e_1,521,constant_velocity,2.0,7,0.6884135750584074
crossing_90_e_1,521,constant_velocity,2.4000000000000004,7,0.8710995865262502
crossing_90_e_1,521,constant_velocity,2.8000000000000003,7,1.066617617009005
crossing_90_e_1,521,constant_velocity,3.2,7,1.218064654537206
crossing_90_e_1,521,direct_mlp,0.4,7,0.11734655036286804
crossing_90_e_1,521,direct_mlp,0.8,7,0.24138496294811856
crossing_90_e_1,521,direct_mlp,1.2000000000000002,7,0.43548819493470975
crossing_90_e_1,521,direct_mlp,1.6,7,0.6062978955032275
crossing_90_e_1,521,direct_mlp,2.0,7,0.8077918484092007
crossing_90_e_1,521,direct_mlp,2.4000000000000004,7,1.0296657671948515
crossing_90_e_1,521,direct_mlp,2.8000000000000003,7,1.2693932125559082
crossing_90_e_1,521,direct_mlp,3.2,7,1.5136160603947442
crossing_90_e_1,521,direct_routed_control,0.4,7,0.11717281425615136
crossing_90_e_1,521,direct_routed_control,0.8,7,0.24111567223010422
crossing_90_e_1,521,direct_routed_control,1.2000000000000002,7,0.43391307723552314
crossing_90_e_1,521,direct_routed_control,1.6,7,0.6032702972335736
crossing_90_e_1,521,direct_routed_control,2.0,7,0.8027117059399754
crossing_90_e_1,521,direct_routed_control,2.4000000000000004,7,1.0232193527030318
crossing_90_e_1,521,direct_routed_control,2.8000000000000003,7,1.260567519523922
crossing_90_e_1,521,direct_routed_control,3.2,7,1.5036467087490475
crossing_90_e_1,521,tensor_prior,0.4,7,0.10506834710797834
crossing_90_e_1,521,tensor_prior,0.8,7,0.2031517643832732
crossing_90_e_1,521,tensor_prior,1.2000000000000002,7,0.3376460924569936
crossing_90_e_1,521,tensor_prior,1.6,7,0.46809751422506596
crossing_90_e_1,521,tensor_prior,2.0,7,0.6303150174266118
crossing_90_e_1,521,tensor_prior,2.4000000000000004,7,0.8277715395477937
crossing_90_e_1,521,tensor_prior,2.8000000000000003,7,1.0621366654540698
crossing_90_e_1,521,tensor_prior,3.2,7,1.2987965360464593
crossing_90_e_1,521,gel_ped,0.4,7,0.10542826649138692
crossing_90_e_1,521,gel_ped,0.8,7,0.2013155519054966
crossing_90_e_1,521,gel_ped,1.2000000000000002,7,0.35362759118934434
crossing_90_e_1,521,gel_ped,1.6,7,0.5122548717343363
crossing_90_e_1,521,gel_ped,2.0,7,0.6898073944466833
crossing_90_e_1,521,gel_ped,2.4000000000000004,7,0.8739396217063066
crossing_90_e_1,521,gel_ped,2.8000000000000003,7,1.094325273570233
crossing_90_e_1,521,gel_ped,3.2,7,1.3179998765797287
crossing_90_e_1,561,constant_velocity,0.4,8,0.12171515724862389
crossing_90_e_1,561,constant_velocity,0.8,8,0.21730951542809285
crossing_90_e_1,561,constant_velocity,1.2000000000000002,8,0.43442851542079247
crossing_90_e_1,561,constant_velocity,1.6,8,0.6136494498272126
crossing_90_e_1,561,constant_velocity,2.0,8,0.7946700914525202
crossing_90_e_1,561,constant_velocity,2.4000000000000004,8,0.9383816173862658
crossing_90_e_1,561,constant_velocity,2.8000000000000003,8,1.060721435525873
crossing_90_e_1,561,constant_velocity,3.2,8,1.2349605123266048
crossing_90_e_1,561,direct_mlp,0.4,8,0.13497302433054584
crossing_90_e_1,561,direct_mlp,0.8,8,0.2586789562936529
crossing_90_e_1,561,direct_mlp,1.2000000000000002,8,0.48201206019504317
crossing_90_e_1,561,direct_mlp,1.6,8,0.6783183608171071
crossing_90_e_1,561,direct_mlp,2.0,8,0.9307517808139777
crossing_90_e_1,561,direct_mlp,2.4000000000000004,8,1.1588683194725065
crossing_90_e_1,561,direct_mlp,2.8000000000000003,8,1.3635959055805227
crossing_90_e_1,561,direct_mlp,3.2,8,1.589648286800569
crossing_90_e_1,561,direct_routed_control,0.4,8,0.13546437412639833
crossing_90_e_1,561,direct_routed_control,0.8,8,0.25915165931496986
crossing_90_e_1,561,direct_routed_control,1.2000000000000002,8,0.4815154666463115
crossing_90_e_1,561,direct_routed_control,1.6,8,0.676279708870069
crossing_90_e_1,561,direct_routed_control,2.0,8,0.9263887484325701
crossing_90_e_1,561,direct_routed_control,2.4000000000000004,8,1.1523373322170543
crossing_90_e_1,561,direct_routed_control,2.8000000000000003,8,1.3549436562009407
crossing_90_e_1,561,direct_routed_control,3.2,8,1.5793932790916632
crossing_90_e_1,561,tensor_prior,0.4,8,0.12337593166467428
crossing_90_e_1,561,tensor_prior,0.8,8,0.21645934716811083
crossing_90_e_1,561,tensor_prior,1.2000000000000002,8,0.4108526713893985
crossing_90_e_1,561,tensor_prior,1.6,8,0.5872184740106965
crossing_90_e_1,561,tensor_prior,2.0,8,0.7923109377706403
crossing_90_e_1,561,tensor_prior,2.4000000000000004,8,0.9653086574665919
crossing_90_e_1,561,tensor_prior,2.8000000000000003,8,1.1124402419890826
crossing_90_e_1,561,tensor_prior,3.2,8,1.2971527843447748
crossing_90_e_1,561,gel_ped,0.4,8,0.12626054430259281
crossing_90_e_1,561,gel_ped,0.8,8,0.2247062354063289
crossing_90_e_1,561,gel_ped,1.2000000000000002,8,0.4182047949990201
crossing_90_e_1,561,gel_ped,1.6,8,0.5868240049851742
crossing_90_e_1,561,gel_ped,2.0,8,0.7852769528649628
crossing_90_e_1,561,gel_ped,2.4000000000000004,8,0.9611572351002472
crossing_90_e_1,561,gel_ped,2.8000000000000003,8,1.1183100276547755
crossing_90_e_1,561,gel_ped,3.2,8,1.30911188481958
crossing_90_e_2,96,constant_velocity,0.4,4,0.14695435701212772
crossing_90_e_2,96,constant_velocity,0.8,4,0.34216748696163557
crossing_90_e_2,96,constant_velocity,1.2000000000000002,4,0.5597471526364661
crossing_90_e_2,96,constant_velocity,1.6,4,0.785504251325253
crossing_90_e_2,96,constant_velocity,2.0,4,1.034112092560869
crossing_90_e_2,96,constant_velocity,2.4000000000000004,4,1.3271408053511717
crossing_90_e_2,96,constant_velocity,2.8000000000000003,4,1.6128578088934313
crossing_90_e_2,96,constant_velocity,3.2,4,1.9040286587388127
crossing_90_e_2,96,direct_mlp,0.4,4,0.268491922635672
crossing_90_e_2,96,direct_mlp,0.8,4,0.6256450785970792
crossing_90_e_2,96,direct_mlp,1.2000000000000002,4,0.9783664639885237
crossing_90_e_2,96,direct_mlp,1.6,4,1.2813871660682392
crossing_90_e_2,96,direct_mlp,2.0,4,1.542393628680204
crossing_90_e_2,96,direct_mlp,2.4000000000000004,4,1.8921113535359286
crossing_90_e_2,96,direct_mlp,2.8000000000000003,4,2.130935767361781
crossing_90_e_2,96,direct_mlp,3.2,4,2.534421936163343
crossing_90_e_2,96,direct_routed_control,0.4,4,0.2706249737752522
crossing_90_e_2,96,direct_routed_control,0.8,4,0.6296525962726486
crossing_90_e_2,96,direct_routed_control,1.2000000000000002,4,0.9826715864652924
crossing_90_e_2,96,direct_routed_control,1.6,4,1.2850192892216943
crossing_90_e_2,96,direct_routed_control,2.0,4,1.545450224994956
crossing_90_e_2,96,direct_routed_control,2.4000000000000004,4,1.8946066269006512
crossing_90_e_2,96,direct_routed_control,2.8000000000000003,4,2.1330002533259482
crossing_90_e_2,96,direct_routed_control,3.2,4,2.536083983809854
crossing_90_e_2,96,tensor_prior,0.4,4,0.16841366131475743
crossing_90_e_2,96,tensor_prior,0.8,4,0.34153820400666157
crossing_90_e_2,96,tensor_prior,1.2000000000000002,4,0.5148542331890362
crossing_90_e_2,96,tensor_prior,1.6,4,0.6418863371463199
crossing_90_e_2,96,tensor_prior,2.0,4,0.7447720380866121
crossing_90_e_2,96,tensor_prior,2.4000000000000004,4,0.9456506642790785
crossing_90_e_2,96,tensor_prior,2.8000000000000003,4,1.01319362193395
crossing_90_e_2,96,tensor_prior,3.2,4,1.272481599015585
crossing_90_e_2,96,gel_ped,0.4,4,0.15906719046227658
crossing_90_e_2,96,gel_ped,0.8,4,0.33825774233393013
crossing_90_e_2,96,gel_ped,1.2000000000000002,4,0.5240328535509583
crossing_90_e_2,96,gel_ped,1.6,4,0.6820854379229171
crossing_90_e_2,96,gel_ped,2.0,4,0.8142789501212047
crossing_90_e_2,96,gel_ped,2.4000000000000004,4,1.0307750502102757
crossing_90_e_2,96,gel_ped,2.8000000000000003,4,1.124791417846819
crossing_90_e_2,96,gel_ped,3.2,4,1.4058204037121196
crossing_90_e_2,145,constant_velocity,0.4,5,0.17836236221119167
crossing_90_e_2,145,constant_velocity,0.8,5,0.3082286824160765
crossing_90_e_2,145,constant_velocity,1.2000000000000002,5,0.4202710069888219
crossing_90_e_2,145,constant_velocity,1.6,5,0.4953970512626891
crossing_90_e_2,145,constant_velocity,2.0,5,0.5642726648855475
crossing_90_e_2,145,constant_velocity,2.4000000000000004,5,0.6574605116953345
crossing_90_e_2,145,constant_velocity,2.8000000000000003,5,0.7696943782579088
crossing_90_e_2,145,constant_velocity,3.2,5,0.8103353984266348
crossing_90_e_2,145,direct_mlp,0.4,5,0.16625900595940937
crossing_90_e_2,145,direct_mlp,0.8,5,0.28437950696377473
crossing_90_e_2,145,direct_mlp,1.2000000000000002,5,0.3804324181520803
crossing_90_e_2,145,direct_mlp,1.6,5,0.5633165653355293
crossing_90_e_2,145,direct_mlp,2.0,5,0.8693063531341674
crossing_90_e_2,145,direct_mlp,2.4000000000000004,5,1.1614543551917291
crossing_90_e_2,145,direct_mlp,2.8000000000000003,5,1.497402462006748
crossing_90_e_2,145,direct_mlp,3.2,5,1.7814285438511455
crossing_90_e_2,145,direct_routed_control,0.4,5,0.1670505937386079
crossing_90_e_2,145,direct_routed_control,0.8,5,0.28533341460175865
crossing_90_e_2,145,direct_routed_control,1.2000000000000002,5,0.38147297295187454
crossing_90_e_2,145,direct_routed_control,1.6,5,0.5639840432489936
crossing_90_e_2,145,direct_routed_control,2.0,5,0.8692919379773196
crossing_90_e_2,145,direct_routed_control,2.4000000000000004,5,1.1609104704985522
crossing_90_e_2,145,direct_routed_control,2.8000000000000003,5,1.4960500252100926
crossing_90_e_2,145,direct_routed_control,3.2,5,1.7789033050078267
crossing_90_e_2,145,tensor_prior,0.4,5,0.15383241623159236
crossing_90_e_2,145,tensor_prior,0.8,5,0.22494154103231842
crossing_90_e_2,145,tensor_prior,1.2000000000000002,5,0.2597107486956899
crossing_90_e_2,145,tensor_prior,1.6,5,0.2675938839651514
crossing_90_e_2,145,tensor_prior,2.0,5,0.3555672512086913
crossing_90_e_2,145,tensor_prior,2.4000000000000004,5,0.5126343760576212
crossing_90_e_2,145,tensor_prior,2.8000000000000003,5,0.7331465456437449
crossing_90_e_2,145,tensor_prior,3.2,5,0.8908599034910178
crossing_90_e_2,145,gel_ped,0.4,5,0.14830281658450992
crossing_90_e_2,145,gel_ped,0.8,5,0.2309282242333567
crossing_90_e_2,145,gel_ped,1.2000000000000002,5,0.26223056642290665
crossing_90_e_2,145,gel_ped,1.6,5,0.26260142364838457
crossing_90_e_2,145,gel_ped,2.0,5,0.3708315699773252
crossing_90_e_2,145,gel_ped,2.4000000000000004,5,0.5500269686937456
crossing_90_e_2,145,gel_ped,2.8000000000000003,5,0.8012970659769794
crossing_90_e_2,145,gel_ped,3.2,5,0.9984661111853453
crossing_90_e_2,186,constant_velocity,0.4,4,0.09358692316715708
crossing_90_e_2,186,constant_velocity,0.8,4,0.19278076625535812
crossing_90_e_2,186,constant_velocity,1.2000000000000002,4,0.27141158181929875
crossing_90_e_2,186,constant_velocity,1.6,4,0.3845742039952609
crossing_90_e_2,186,constant_velocity,2.0,4,0.5355587689956085
crossing_90_e_2,186,constant_velocity,2.4000000000000004,4,0.587031076791661
crossing_90_e_2,186,constant_velocity,2.8000000000000003,4,0.6402467394429378
crossing_90_e_2,186,constant_velocity,3.2,4,0.6627613135016771
crossing_90_e_2,186,direct_mlp,0.4,4,0.1671614076486984
crossing_90_e_2,186,direct_mlp,0.8,4,0.3225399146579646
crossing_90_e_2,186,direct_mlp,1.2000000000000002,4,0.42630965008335586
crossing_90_e_2,186,direct_mlp,1.6,4,0.4898623117495522
crossing_90_e_2,186,direct_mlp,2.0,4,0.5594041588297909
crossing_90_e_2,186,direct_mlp,2.4000000000000004,4,0.8083335634656618
crossing_90_e_2,186,direct_mlp,2.8000000000000003,4,1.1393074154078366
crossing_90_e_2,186,direct_mlp,3.2,4,1.4591235318506761
crossing_90_e_2,186,direct_routed_control,0.4,4,0.16822369105131585
crossing_90_e_2,186,direct_routed_control,0.8,4,0.32429939819392734
crossing_90_e_2,186,direct_routed_control,1.2000000000000002,4,0.4280496656008079
crossing_90_e_2,186,direct_routed_control,1.6,4,0.48965778899889156
crossing_90_e_2,186,direct_routed_control,2.0,4,0.5563202412900796
crossing_90_e_2,186,direct_routed_control,2.4000000000000004,4,0.803802589072486
crossing_90_e_2,186,direct_routed_control,2.8000000000000003,4,1.1333969041357097
crossing_90_e_2,186,direct_routed_control,3.2,4,1.4520948299026102
crossing_90_e_2,186,tensor_prior,0.4,4,0.10495131441317442
crossing_90_e_2,186,tensor_prior,0.8,4,0.18525800469370154
crossing_90_e_2,186,tensor_prior,1.2000000000000002,4,0.2161683045576913
crossing_90_e_2,186,tensor_prior,1.6,4,0.23037214339011403
crossing_90_e_2,186,tensor_prior,2.0,4,0.2829318111487101
crossing_90_e_2,186,tensor_prior,2.4000000000000004,4,0.37360438102738047
crossing_90_e_2,186,tensor_prior,2.8000000000000003,4,0.528901504948466
crossing_90_e_2,186,tensor_prior,3.2,4,0.6409273424217261
crossing_90_e_2,186,gel_ped,0.4,4,0.10840293386232544
crossing_90_e_2,186,gel_ped,0.8,4,0.18503991163085545
crossing_90_e_2,186,gel_ped,1.2000000000000002,4,0.23513758745208702
crossing_90_e_2,186,gel_ped,1.6,4,0.25835448415341283
crossing_90_e_2,186,gel_ped,2.0,4,0.3176137140710068
crossing_90_e_2,186,gel_ped,2.4000000000000004,4,0.4363014192575232
crossing_90_e_2,186,gel_ped,2.8000000000000003,4,0.6127396128346471
crossing_90_e_2,186,gel_ped,3.2,4,0.7863450743405042
crossing_90_e_2,231,constant_velocity,0.4,4,0.08919211080268928
crossing_90_e_2,231,constant_velocity,0.8,4,0.3106714884361914
crossing_90_e_2,231,constant_velocity,1.2000000000000002,4,0.5199253135427542
crossing_90_e_2,231,constant_velocity,1.6,4,0.7280448361934
crossing_90_e_2,231,constant_velocity,2.0,4,0.8806827882516854
crossing_90_e_2,231,constant_velocity,2.4000000000000004,4,1.0656696953022928
crossing_90_e_2,231,constant_velocity,2.8000000000000003,4,1.1779584151212643
crossing_90_e_2,231,constant_velocity,3.2,4,1.2620310389150566
crossing_90_e_2,231,direct_mlp,0.4,4,0.09120632734238449
crossing_90_e_2,231,direct_mlp,0.8,4,0.2374876190289789
crossing_90_e_2,231,direct_mlp,1.2000000000000002,4,0.323118541214393
crossing_90_e_2,231,direct_mlp,1.6,4,0.41987852317753727
crossing_90_e_2,231,direct_mlp,2.0,4,0.6034905398921765
crossing_90_e_2,231,direct_mlp,2.4000000000000004,4,0.7513443213024557
crossing_90_e_2,231,direct_mlp,2.8000000000000003,4,0.9747542877554368
crossing_90_e_2,231,direct_mlp,3.2,4,1.2408316937305182
crossing_90_e_2,231,direct_routed_control,0.4,4,0.09165361491803871
crossing_90_e_2,231,direct_routed_control,0.8,4,0.23848382550367297
crossing_90_e_2,231,direct_routed_control,1.2000000000000002,4,0.3239709812120828
crossing_90_e_2,231,direct_routed_control,1.6,4,0.4195585200115274
crossing_90_e_2,231,direct_routed_control,2.0,4,0.6016767134498824
crossing_90_e_2,231,direct_routed_control,2.4000000000000004,4,0.7485291180230469
crossing_90_e_2,231,direct_routed_control,2.8000000000000003,4,0.9713535223996713
crossing_90_e_2,231,direct_routed_control,3.2,4,1.2364278707441643
crossing_90_e_2,231,tensor_prior,0.4,4,0.07414190757034278
crossing_90_e_2,231,tensor_prior,0.8,4,0.20522924455625147
crossing_90_e_2,231,tensor_prior,1.2000000000000002,4,0.3035484242402277
crossing_90_e_2,231,tensor_prior,1.6,4,0.38275815360329674
crossing_90_e_2,231,tensor_prior,2.0,4,0.4497531178735483
crossing_90_e_2,231,tensor_prior,2.4000000000000004,4,0.5576299279028333
crossing_90_e_2,231,tensor_prior,2.8000000000000003,4,0.6108342196992063
crossing_90_e_2,231,tensor_prior,3.2,4,0.7247870132538952
crossing_90_e_2,231,gel_ped,0.4,4,0.09306942063652394
crossing_90_e_2,231,gel_ped,0.8,4,0.2599840266287493
crossing_90_e_2,231,gel_ped,1.2000000000000002,4,0.380911336826102
crossing_90_e_2,231,gel_ped,1.6,4,0.4886671238007449
crossing_90_e_2,231,gel_ped,2.0,4,0.565041602531527
crossing_90_e_2,231,gel_ped,2.4000000000000004,4,0.6617857197929695
crossing_90_e_2,231,gel_ped,2.8000000000000003,4,0.7662553166491688
crossing_90_e_2,231,gel_ped,3.2,4,0.8833899251862459
crossing_90_e_2,271,constant_velocity,0.4,6,0.11524877902611758
crossing_90_e_2,271,constant_velocity,0.8,6,0.25869328358211346
crossing_90_e_2,271,constant_velocity,1.2000000000000002,6,0.35580835426684393
crossing_90_e_2,271,constant_velocity,1.6,6,0.5659560047948725
crossing_90_e_2,271,constant_velocity,2.0,6,0.7792518526786992
crossing_90_e_2,271,constant_velocity,2.4000000000000004,6,1.0451142848585762
crossing_90_e_2,271,constant_velocity,2.8000000000000003,6,1.2497468363151942
crossing_90_e_2,271,constant_velocity,3.2,6,1.4730864946321869
crossing_90_e_2,271,direct_mlp,0.4,6,0.10373712645563309
crossing_90_e_2,271,direct_mlp,0.8,6,0.21777341244154055
crossing_90_e_2,271,direct_mlp,1.2000000000000002,6,0.2643281195804772
crossing_90_e_2,271,direct_mlp,1.6,6,0.5529334197043486
crossing_90_e_2,271,direct_mlp,2.0,6,0.866692861263037
crossing_90_e_2,271,direct_mlp,2.4000000000000004,6,1.1927534904672534
crossing_90_e_2,271,direct_mlp,2.8000000000000003,6,1.5011625620606237
crossing_90_e_2,271,direct_mlp,3.2,6,1.7926184359387214
crossing_90_e_2,271,direct_routed_control,0.4,6,0.10364841862282415
crossing_90_e_2,271,direct_routed_control,0.8,6,0.21658618130563365
crossing_90_e_2,271,direct_routed_control,1.2000000000000002,6,0.2614647239947378
crossing_90_e_2,271,direct_routed_control,1.6,6,0.5490471102514398
crossing_90_e_2,271,direct_routed_control,2.0,6,0.8625795870744178
crossing_90_e_2,271,direct_routed_control,2.4000000000000004,6,1.1880217213911133
crossing_90_e_2,271,direct_routed_control,2.8000000000000003,6,1.4957230082724235
crossing_90_e_2,271,direct_routed_control,3.2,6,1.7864172425786073
crossing_90_e_2,271,tensor_prior,0.4,6,0.10210491272023474
crossing_90_e_2,271,tensor_prior,0.8,6,0.23219472270219632
crossing_90_e_2,271,tensor_prior,1.2000000000000002,6,0.28054050765334965
crossing_90_e_2,271,tensor_prior,1.6,6,0.5093166306563294
crossing_90_e_2,271,tensor_prior,2.0,6,0.7626232923613219
crossing_90_e_2,271,tensor_prior,2.4000000000000004,6,1.013909877861782
crossing_90_e_2,271,tensor_prior,2.8000000000000003,6,1.2142052235835792
crossing_90_e_2,271,tensor_prior,3.2,6,1.4382573588871648
crossing_90_e_2,271,gel_ped,0.4,6,0.10727874903533759
crossing_90_e_2,271,gel_ped,0.8,6,0.22870644795881992
crossing_90_e_2,271,gel_ped,1.2000000000000002,6,0.23413343585377225
crossing_90_e_2,271,gel_ped,1.6,6,0.47951810589650806
crossing_90_e_2,271,gel_ped,2.0,6,0.7507013595678288
crossing_90_e_2,271,gel_ped,2.4000000000000004,6,1.0206685360124232
crossing_90_e_2,271,gel_ped,2.8000000000000003,6,1.2360350293157534
crossing_90_e_2,271,gel_ped,3.2,6,1.4857471944003924
crossing_90_e_2,311,constant_velocity,0.4,10,0.19199999317765173
crossing_90_e_2,311,constant_velocity,0.8,10,0.3197627310264811
crossing_90_e_2,311,constant_velocity,1.2000000000000002,10,0.4744270416170471
crossing_90_e_2,311,constant_velocity,1.6,10,0.6101281724173864
crossing_90_e_2,311,constant_velocity,2.0,10,0.721611855313337
crossing_90_e_2,311,constant_velocity,2.4000000000000004,10,0.8315006790463002
crossing_90_e_2,311,constant_velocity,2.8000000000000003,10,0.9557124687710512
crossing_90_e_2,311,constant_velocity,3.2,10,1.055260044628632
crossing_90_e_2,311,direct_mlp,0.4,10,0.18057114676888925
crossing_90_e_2,311,direct_mlp,0.8,10,0.3052209291503656
crossing_90_e_2,311,direct_mlp,1.2000000000000002,10,0.5190476410190378
crossing_90_e_2,311,direct_mlp,1.6,10,0.7431167410723012
crossing_90_e_2,311,direct_mlp,2.0,10,0.9809896606287021
crossing_90_e_2,311,direct_mlp,2.4000000000000004,10,1.2520546032233582
crossing_90_e_2,311,direct_mlp,2.8000000000000003,10,1.52491409465812
crossing_90_e_2,311,direct_mlp,3.2,10,1.8280668672683595
crossing_90_e_2,311,direct_routed_control,0.4,10,0.1805315254676803
crossing_90_e_2,311,direct_routed_control,0.8,10,0.3053275596585153
crossing_90_e_2,311,direct_routed_control,1.2000000000000002,10,0.5187806051508822
crossing_90_e_2,311,direct_routed_control,1.6,10,0.742805692634948
crossing_90_e_2,311,direct_routed_control,2.0,10,0.9799473177541606
crossing_90_e_2,311,direct_routed_control,2.4000000000000004,10,1.2493770481092048
crossing_90_e_2,311,direct_routed_control,2.8000000000000003,10,1.5212395130376257
crossing_90_e_2,311,direct_routed_control,3.2,10,1.8236391010076674
crossing_90_e_2,311,tensor_prior,0.4,10,0.16293155304440826
crossing_90_e_2,311,tensor_prior,0.8,10,0.2614579495998224
crossing_90_e_2,311,tensor_prior,1.2000000000000002,10,0.3904864562272876
crossing_90_e_2,311,tensor_prior,1.6,10,0.5224294772261423
crossing_90_e_2,311,tensor_prior,2.0,10,0.641845060458613
crossing_90_e_2,311,tensor_prior,2.4000000000000004,10,0.7677229745339006
crossing_90_e_2,311,tensor_prior,2.8000000000000003,10,0.926762052405099
crossing_90_e_2,311,tensor_prior,3.2,10,1.1056837661881715
crossing_90_e_2,311,gel_ped,0.4,10,0.19160345500013287
crossing_90_e_2,311,gel_ped,0.8,10,0.32458498149556775
crossing_90_e_2,311,gel_ped,1.2000000000000002,10,0.5050758774956756
crossing_90_e_2,311,gel_ped,1.6,10,0.6868634736392334
crossing_90_e_2,311,gel_ped,2.0,10,0.8785096460891222
crossing_90_e_2,311,gel_ped,2.4000000000000004,10,1.073423263597927
crossing_90_e_2,311,gel_ped,2.8000000000000003,10,1.2821494830806115
crossing_90_e_2,311,gel_ped,3.2,10,1.5071209440850901
crossing_90_e_2,351,constant_velocity,0.4,11,0.15307299926398032
crossing_90_e_2,351,constant_velocity,0.8,11,0.2559148556186287
crossing_90_e_2,351,constant_velocity,1.2000000000000002,11,0.4262724889008887
crossing_90_e_2,351,constant_velocity,1.6,11,0.6200595745517001
crossing_90_e_2,351,constant_velocity,2.0,11,0.7686972637547577
crossing_90_e_2,351,constant_velocity,2.4000000000000004,11,0.8583581467477338
crossing_90_e_2,351,constant_velocity,2.8000000000000003,11,0.9063096009217454
crossing_90_e_2,351,constant_velocity,3.2,11,1.0194450606213534
crossing_90_e_2,351,direct_mlp,0.4,11,0.1488672494580139
crossing_90_e_2,351,direct_mlp,0.8,11,0.2647715811640677
crossing_90_e_2,351,direct_mlp,1.2000000000000002,11,0.39803083167752296
crossing_90_e_2,351,direct_mlp,1.6,11,0.5613206755706609
crossing_90_e_2,351,direct_mlp,2.0,11,0.7562800743054159
crossing_90_e_2,351,direct_mlp,2.4000000000000004,11,0.9709020739449127
crossing_90_e_2,351,direct_mlp,2.8000000000000003,11,1.1472794407667584
crossing_90_e_2,351,direct_mlp,3.2,11,1.4004966226839437
crossing_90_e_2,351,direct_routed_control,0.4,11,0.1488926062476423
crossing_90_e_2,351,direct_routed_control,0.8,11,0.2644587530483634
crossing_90_e_2,351,direct_routed_control,1.2000000000000002,11,0.39682809891536214
crossing_90_e_2,351,direct_routed_control,1.6,11,0.5596081108295132
crossing_90_e_2,351,direct_routed_control,2.0,11,0.7543138327284844
crossing_90_e_2,351,direct_routed_control,2.4000000000000004,11,0.9682861385061561
crossing_90_e_2,351,direct_routed_control,2.8000000000000003,11,1.1444054787764912
crossing_90_e_2,351,direct_routed_control,3.2,11,1.396813553596306
crossing_90_e_2,351,tensor_prior,0.4,11,0.12418775725461693
crossing_90_e_2,351,tensor_prior,0.8,11,0.21515909165337008
crossing_90_e_2,351,tensor_prior,1.2000000000000002,11,0.3412938803430436
crossing_90_e_2,351,tensor_prior,1.6,11,0.5169970645745501
crossing_90_e_2,351,tensor_prior,2.0,11,0.6644182994411414
crossing_90_e_2,351,tensor_prior,2.4000000000000004,11,0.7791847106479434
crossing_90_e_2,351,tensor_prior,2.8000000000000003,11,0.8269732459078704
crossing_90_e_2,351,tensor_prior,3.2,11,0.963341867038544
crossing_90_e_2,351,gel_ped,0.4,11,0.13799113077041947
crossing_90_e_2,351,gel_ped,0.8,11,0.24161949959203213
crossing_90_e_2,351,gel_ped,1.2000000000000002,11,0.3700182741386838
crossing_90_e_2,351,gel_ped,1.6,11,0.5514279722440846
crossing_90_e_2,351,gel_ped,2.0,11,0.7149155139570208
crossing_90_e_2,351,gel_ped,2.4000000000000004,11,0.8366338211305788
crossing_90_e_2,351,gel_ped,2.8000000000000003,11,0.9157621689403368
crossing_90_e_2,351,gel_ped,3.2,11,1.080652885029416
crossing_90_e_2,391,constant_velocity,0.4,11,0.21897569960957008
crossing_90_e_2,391,constant_velocity,0.8,11,0.36604215701155207
crossing_90_e_2,391,constant_velocity,1.2000000000000002,11,0.6210054781473474
crossing_90_e_2,391,constant_velocity,1.6,11,0.8563355233797544
crossing_90_e_2,391,constant_velocity,2.0,11,1.1076047272824583
crossing_90_e_2,391,constant_velocity,2.4000000000000004,11,1.3563100692065582
crossing_90_e_2,391,constant_velocity,2.8000000000000003,11,1.5867027034744197
crossing_90_e_2,391,constant_velocity,3.2,11,1.7861025822936627
crossing_90_e_2,391,direct_mlp,0.4,11,0.20822352782888656
crossing_90_e_2,391,direct_mlp,0.8,11,0.36938847614658415
crossing_90_e_2,391,direct_mlp,1.2000000000000002,11,0.5668663349002429
crossing_90_e_2,391,direct_mlp,1.6,11,0.7667024073830127
crossing_90_e_2,391,direct_mlp,2.0,11,1.0158523828932429
crossing_90_e_2,391,direct_mlp,2.4000000000000004,11,1.2739164947245947
crossing_90_e_2,391,direct_mlp,2.8000000000000003,11,1.5002056816918696
crossing_90_e_2,391,direct_mlp,3.2,11,1.7878503050648795
crossing_90_e_2,391,direct_routed_control,0.4,11,0.20824929022786154
crossing_90_e_2,391,direct_routed_control,0.8,11,0.36922740984706304
crossing_90_e_2,391,direct_routed_control,1.2000000000000002,11,0.5663238561564168
crossing_90_e_2,391,direct_routed_control,1.6,11,0.7659668268599699
crossing_90_e_2,391,direct_routed_control,2.0,11,1.0148267153491746
crossing_90_e_2,391,direct_routed_control,2.4000000000000004,11,1.2724832500923062
crossing_90_e_2,391,direct_routed_control,2.8000000000000003,11,1.4974956533036015
crossing_90_e_2,391,direct_routed_control,3.2,11,1.7837653564825198
crossing_90_e_2,391,tensor_prior,0.4,11,0.19004250044985788
crossing_90_e_2,391,tensor_prior,0.8,11,0.3308891575817217
crossing_90_e_2,391,tensor_prior,1.2000000000000002,11,0.5148951311901894
crossing_90_e_2,391,tensor_prior,1.6,11,0.692287256185364
crossing_90_e_2,391,tensor_prior,2.0,11,0.8825791949829537
crossing_90_e_2,391,tensor_prior,2.4000000000000004,11,1.1172156337326369
crossing_90_e_2,391,tensor_prior,2.8000000000000003,11,1.2885989668889029
crossing_90_e_2,391,tensor_prior,3.2,11,1.498836328274914
crossing_90_e_2,391,gel_ped,0.4,11,0.20403590908444277
crossing_90_e_2,391,gel_ped,0.8,11,0.34812003329909386
crossing_90_e_2,391,gel_ped,1.2000000000000002,11,0.5407542899631008
crossing_90_e_2,391,gel_ped,1.6,11,0.705401162521551
crossing_90_e_2,391,gel_ped,2.0,11,0.9263569872832946
crossing_90_e_2,391,gel_ped,2.4000000000000004,11,1.1518971542486545
crossing_90_e_2,391,gel_ped,2.8000000000000003,11,1.3464990995946895
crossing_90_e_2,391,gel_ped,3.2,11,1.557561047823458
crossing_90_e_2,431,constant_velocity,0.4,12,0.13608611378534713
crossing_90_e_2,431,constant_velocity,0.8,12,0.24443186500478287
crossing_90_e_2,431,constant_velocity,1.2000000000000002,12,0.46340480878140083
crossing_90_e_2,431,constant_velocity,1.6,12,0.6953942542937734
crossing_90_e_2,431,constant_velocity,2.0,12,0.9423491254385498
crossing_90_e_2,431,constant_velocity,2.4000000000000004,12,1.1512545034881156
crossing_90_e_2,431,constant_velocity,2.8000000000000003,12,1.2705176622132044
crossing_90_e_2,431,constant_velocity,3.2,12,1.327722014149551
crossing_90_e_2,431,direct_mlp,0.4,12,0.11702051988442348
crossing_90_e_2,431,direct_mlp,0.8,12,0.19491792193008217
crossing_90_e_2,431,direct_mlp,1.2000000000000002,12,0.2831344280201716
crossing_90_e_2,431,direct_mlp,1.6,12,0.37014486333863217
crossing_90_e_2,431,direct_mlp,2.0,12,0.49999750198195336
crossing_90_e_2,431,direct_mlp,2.4000000000000004,12,0.6654389195743721
crossing_90_e_2,431,direct_mlp,2.8000000000000003,12,0.8362553594313363
crossing_90_e_2,431,direct_mlp,3.2,12,1.0776942419056905
crossing_90_e_2,431,direct_routed_control,0.4,12,0.11682894128705129
crossing_90_e_2,431,direct_routed_control,0.8,12,0.19485229667876233
crossing_90_e_2,431,direct_routed_control,1.2000000000000002,12,0.2837420619436145
crossing_90_e_2,431,direct_routed_control,1.6,12,0.37200792639340996
crossing_90_e_2,431,direct_routed_control,2.0,12,0.5026109424658638
crossing_90_e_2,431,direct_routed_control,2.4000000000000004,12,0.66757253667559
crossing_90_e_2,431,direct_routed_control,2.8000000000000003,12,0.8354180581730922
crossing_90_e_2,431,direct_routed_control,3.2,12,1.0745243011418057
crossing_90_e_2,431,tensor_prior,0.4,12,0.12179838243045098
crossing_90_e_2,431,tensor_prior,0.8,12,0.2236030488486668
crossing_90_e_2,431,tensor_prior,1.2000000000000002,12,0.36826475867424796
crossing_90_e_2,431,tensor_prior,1.6,12,0.5212077169907403
crossing_90_e_2,431,tensor_prior,2.0,12,0.6553969088585304
crossing_90_e_2,431,tensor_prior,2.4000000000000004,12,0.7862604639692968
crossing_90_e_2,431,tensor_prior,2.8000000000000003,12,0.8156764352561274
crossing_90_e_2,431,tensor_prior,3.2,12,0.8549921627771243
crossing_90_e_2,431,gel_ped,0.4,12,0.12124180706658923
crossing_90_e_2,431,gel_ped,0.8,12,0.21368255872399675
crossing_90_e_2,431,gel_ped,1.2000000000000002,12,0.3311594519779148
crossing_90_e_2,431,gel_ped,1.6,12,0.4385386514358365
crossing_90_e_2,431,gel_ped,2.0,12,0.5597314657517859
crossing_90_e_2,431,gel_ped,2.4000000000000004,12,0.6753485070005367
crossing_90_e_2,431,gel_ped,2.8000000000000003,12,0.7303240653699561
crossing_90_e_2,431,gel_ped,3.2,12,0.8447506037638984
crossing_90_e_2,471,constant_velocity,0.4,9,0.1623417293264181
crossing_90_e_2,471,constant_velocity,0.8,9,0.3761538421129458
crossing_90_e_2,471,constant_velocity,1.2000000000000002,9,0.6368424937914747
crossing_90_e_2,471,constant_velocity,1.6,9,0.8717335870299562
crossing_90_e_2,471,constant_velocity,2.0,9,1.0654150762353285
crossing_90_e_2,471,constant_velocity,2.4000000000000004,9,1.2530439717861026
crossing_90_e_2,471,constant_velocity,2.8000000000000003,9,1.3905756896565653
crossing_90_e_2,471,constant_velocity,3.2,9,1.576868243333081
crossing_90_e_2,471,direct_mlp,0.4,9,0.12759771664369624
crossing_90_e_2,471,direct_mlp,0.8,9,0.2704075624948908
crossing_90_e_2,471,direct_mlp,1.2000000000000002,9,0.43113982675791784
crossing_90_e_2,471,direct_mlp,1.6,9,0.6128831600171765
crossing_90_e_2,471,direct_mlp,2.0,9,0.7319241120413956
crossing_90_e_2,471,direct_mlp,2.4000000000000004,9,0.8556215113829216
crossing_90_e_2,471,direct_mlp,2.8000000000000003,9,1.004451985556005
crossing_90_e_2,471,direct_mlp,3.2,9,1.2005196753088743
crossing_90_e_2,471,direct_routed_control,0.4,9,0.12782980709509695
crossing_90_e_2,471,direct_routed_control,0.8,9,0.2706009489561072
crossing_90_e_2,471,direct_routed_control,1.2000000000000002,9,0.4311586001962864
crossing_90_e_2,471,direct_routed_control,1.6,9,0.6126900044456031
crossing_90_e_2,471,direct_routed_control,2.0,9,0.731531733109167
crossing_90_e_2,471,direct_routed_control,2.4000000000000004,9,0.8546144313037809
crossing_90_e_2,471,direct_routed_control,2.8000000000000003,9,1.0028394296121212
crossing_90_e_2,471,direct_routed_control,3.2,9,1.1981021406523347
crossing_90_e_2,471,tensor_prior,0.4,9,0.13312420553466536
crossing_90_e_2,471,tensor_prior,0.8,9,0.30021178120266917
crossing_90_e_2,471,tensor_prior,1.2000000000000002,9,0.469052912242169
crossing_90_e_2,471,tensor_prior,1.6,9,0.6435143808727499
crossing_90_e_2,471,tensor_prior,2.0,9,0.7620757117915636
crossing_90_e_2,471,tensor_prior,2.4000000000000004,9,0.8613402646148128
crossing_90_e_2,471,tensor_prior,2.8000000000000003,9,0.9132138486330295
crossing_90_e_2,471,tensor_prior,3.2,9,1.0115365506885723
crossing_90_e_2,471,gel_ped,0.4,9,0.13377661438072513
crossing_90_e_2,471,gel_ped,0.8,9,0.29232453022810706
crossing_90_e_2,471,gel_ped,1.2000000000000002,9,0.4537173168263785
crossing_90_e_2,471,gel_ped,1.6,9,0.6057874685038335
crossing_90_e_2,471,gel_ped,2.0,9,0.7234125300475095
crossing_90_e_2,471,gel_ped,2.4000000000000004,9,0.7996397267813813
crossing_90_e_2,471,gel_ped,2.8000000000000003,9,0.867161792708091
crossing_90_e_2,471,gel_ped,3.2,9,1.014951135163491
crossing_90_e_2,511,constant_velocity,0.4,7,0.13276194230035934
crossing_90_e_2,511,constant_velocity,0.8,7,0.23245160680342553
crossing_90_e_2,511,constant_velocity,1.2000000000000002,7,0.3760960859949403
crossing_90_e_2,511,constant_velocity,1.6,7,0.4898321356846254
crossing_90_e_2,511,constant_velocity,2.0,7,0.6707219572988864
crossing_90_e_2,511,constant_velocity,2.4000000000000004,7,0.8698632723060641
crossing_90_e_2,511,constant_velocity,2.8000000000000003,7,1.0485859768252692
crossing_90_e_2,511,constant_velocity,3.2,7,1.1753204014756142
crossing_90_e_2,511,direct_mlp,0.4,7,0.12020615881764127
crossing_90_e_2,511,direct_mlp,0.8,7,0.20802446819133263
crossing_90_e_2,511,direct_mlp,1.2000000000000002,7,0.34561981697605804
crossing_90_e_2,511,direct_mlp,1.6,7,0.465968074394216
crossing_90_e_2,511,direct_mlp,2.0,7,0.6798158980138916
crossing_90_e_2,511,direct_mlp,2.4000000000000004,7,0.9004224545690918
crossing_90_e_2,511,direct_mlp,2.8000000000000003,7,1.1383671445984658
crossing_90_e_2,511,direct_mlp,3.2,7,1.3459405527011197
crossing_90_e_2,511,direct_routed_control,0.4,7,0.1204927033697177
crossing_90_e_2,511,direct_routed_control,0.8,7,0.20841210063585944
crossing_90_e_2,511,direct_routed_control,1.2000000000000002,7,0.34591721579082907
crossing_90_e_2,511,direct_routed_control,1.6,7,0.46592835026672746
crossing_90_e_2,511,direct_routed_control,2.0,7,0.6799336053461088
crossing_90_e_2,511,direct_routed_control,2.4000000000000004,7,0.899941175824061
crossing_90_e_2,511,direct_routed_control,2.8000000000000003,7,1.1366512739141987
crossing_90_e_2,511,direct_routed_control,3.2,7,1.3431303281873888
crossing_90_e_2,511,tensor_prior,0.4,7,0.10759738599209097
crossing_90_e_2,511,tensor_prior,0.8,7,0.19681872956178528
crossing_90_e_2,511,tensor_prior,1.2000000000000002,7,0.31218675222363806
crossing_90_e_2,511,tensor_prior,1.6,7,0.3946768151139834
crossing_90_e_2,511,tensor_prior,2.0,7,0.5452318237048722
crossing_90_e_2,511,tensor_prior,2.4000000000000004,7,0.7277313395330453
crossing_90_e_2,511,tensor_prior,2.8000000000000003,7,0.9102770519655862
crossing_90_e_2,511,tensor_prior,3.2,7,1.0799548763319358
crossing_90_e_2,511,gel_ped,0.4,7,0.12630248514358616
crossing_90_e_2,511,gel_ped,0.8,7,0.22399029337987744
crossing_90_e_2,511,gel_ped,1.2000000000000002,7,0.3614484218107226
crossing_90_e_2,511,gel_ped,1.6,7,0.4543169654710506
crossing_90_e_2,511,gel_ped,2.0,7,0.632338437570583
crossing_90_e_2,511,gel_ped,2.4000000000000004,7,0.8316135758504478
crossing_90_e_2,511,gel_ped,2.8000000000000003,7,1.034894576089618
crossing_90_e_2,511,gel_ped,3.2,7,1.212464097177269
crossing_90_e_2,551,constant_velocity,0.4,7,0.1726617590056693
crossing_90_e_2,551,constant_velocity,0.8,7,0.2824257573445557
crossing_90_e_2,551,constant_velocity,1.2000000000000002,7,0.5011355770728708
crossing_90_e_2,551,constant_velocity,1.6,7,0.6769328199621766
crossing_90_e_2,551,constant_velocity,2.0,7,0.8201237433563031
crossing_90_e_2,551,constant_velocity,2.4000000000000004,7,0.9521297057485721
crossing_90_e_2,551,constant_velocity,2.8000000000000003,7,1.0993255641020077
crossing_90_e_2,551,constant_velocity,3.2,7,1.2390891778574251
crossing_90_e_2,551,direct_mlp,0.4,7,0.13991517497971165
crossing_90_e_2,551,direct_mlp,0.8,7,0.19282224230063116
crossing_90_e_2,551,direct_mlp,1.2000000000000002,7,0.3221038124825562
crossing_90_e_2,551,direct_mlp,1.6,7,0.38921100297238137
crossing_90_e_2,551,direct_mlp,2.0,7,0.3832934489281477
crossing_90_e_2,551,direct_mlp,2.4000000000000004,7,0.42208493717622303
crossing_90_e_2,551,direct_mlp,2.8000000000000003,7,0.5266681130966029
crossing_90_e_2,551,direct_mlp,3.2,7,0.6667302569728816
crossing_90_e_2,551,direct_routed_control,0.4,7,0.1399560671548902
crossing_90_e_2,551,direct_routed_control,0.8,7,0.19340865101792898
crossing_90_e_2,551,direct_routed_control,1.2000000000000002,7,0.3230546898355707
crossing_90_e_2,551,direct_routed_control,1.6,7,0.39030546839163166
crossing_90_e_2,551,direct_routed_control,2.0,7,0.3847495245498444
crossing_90_e_2,551,direct_routed_control,2.4000000000000004,7,0.4232091866838907
crossing_90_e_2,551,direct_routed_control,2.8000000000000003,7,0.5261521481436391
crossing_90_e_2,551,direct_routed_control,3.2,7,0.6654176131731353
crossing_90_e_2,551,tensor_prior,0.4,7,0.13616913291031443
crossing_90_e_2,551,tensor_prior,0.8,7,0.2114153065796062
crossing_90_e_2,551,tensor_prior,1.2000000000000002,7,0.3627208136597454
crossing_90_e_2,551,tensor_prior,1.6,7,0.45807440095484125
crossing_90_e_2,551,tensor_prior,2.0,7,0.5054898675207057
crossing_90_e_2,551,tensor_prior,2.4000000000000004,7,0.5647587654252071
crossing_90_e_2,551,tensor_prior,2.8000000000000003,7,0.6331468930399035
crossing_90_e_2,551,tensor_prior,3.2,7,0.7293576502720522
crossing_90_e_2,551,gel_ped,0.4,7,0.1399765588033498
crossing_90_e_2,551,gel_ped,0.8,7,0.1947467702134042
crossing_90_e_2,551,gel_ped,1.2000000000000002,7,0.32874444019384796
crossing_90_e_2,551,gel_ped,1.6,7,0.4244505578100531
crossing_90_e_2,551,gel_ped,2.0,7,0.4816818352718567
crossing_90_e_2,551,gel_ped,2.4000000000000004,7,0.546530186379386
crossing_90_e_2,551,gel_ped,2.8000000000000003,7,0.6149961905413568
crossing_90_e_2,551,gel_ped,3.2,7,0.7268769309194116
crossing_90_e_3,118,constant_velocity,0.4,4,0.10866473296497754
crossing_90_e_3,118,constant_velocity,0.8,4,0.1873050506159951
crossing_90_e_3,118,constant_velocity,1.2000000000000002,4,0.3302938671301708
crossing_90_e_3,118,constant_velocity,1.6,4,0.5915763584215614
crossing_90_e_3,118,constant_velocity,2.0,4,0.9145685813609561
crossing_90_e_3,118,constant_velocity,2.4000000000000004,4,1.2635204693001822
crossing_90_e_3,118,constant_velocity,2.8000000000000003,4,1.4414573938400823
crossing_90_e_3,118,constant_velocity,3.2,4,1.6383168408747424
crossing_90_e_3,118,direct_mlp,0.4,4,0.11634165747577492
crossing_90_e_3,118,direct_mlp,0.8,4,0.2611855580033465
crossing_90_e_3,118,direct_mlp,1.2000000000000002,4,0.4136476600905453
crossing_90_e_3,118,direct_mlp,1.6,4,0.672381364798084
crossing_90_e_3,118,direct_mlp,2.0,4,1.0384843117380813
crossing_90_e_3,118,direct_mlp,2.4000000000000004,4,1.4193530802284189
crossing_90_e_3,118,direct_mlp,2.8000000000000003,4,1.789606030930936
crossing_90_e_3,118,direct_mlp,3.2,4,2.0939766687407935
crossing_90_e_3,118,direct_routed_control,0.4,4,0.11910543113745448
crossing_90_e_3,118,direct_routed_control,0.8,4,0.2688666337993535
crossing_90_e_3,118,direct_routed_control,1.2000000000000002,4,0.41972238306728415
crossing_90_e_3,118,direct_routed_control,1.6,4,0.674766630051804
crossing_90_e_3,118,direct_routed_control,2.0,4,1.0375503586806125
crossing_90_e_3,118,direct_routed_control,2.4000000000000004,4,1.4161184357402112
crossing_90_e_3,118,direct_routed_control,2.8000000000000003,4,1.7838391370816826
crossing_90_e_3,118,direct_routed_control,3.2,4,2.086029815699585
crossing_90_e_3,118,tensor_prior,0.4,4,0.0893708658793774
crossing_90_e_3,118,tensor_prior,0.8,4,0.14510147581768534
crossing_90_e_3,118,tensor_prior,1.2000000000000002,4,0.23795845853466016
crossing_90_e_3,118,tensor_prior,1.6,4,0.4576604082794102
crossing_90_e_3,118,tensor_prior,2.0,4,0.8071201912320825
crossing_90_e_3,118,tensor_prior,2.4000000000000004,4,1.119933607139418
crossing_90_e_3,118,tensor_prior,2.8000000000000003,4,1.3905503153406928
crossing_90_e_3,118,tensor_prior,3.2,4,1.602008606746711
crossing_90_e_3,118,gel_ped,0.4,4,0.11076699066562831
crossing_90_e_3,118,gel_ped,0.8,4,0.18650311842848272
crossing_90_e_3,118,gel_ped,1.2000000000000002,4,0.28938619740112925
crossing_90_e_3,118,gel_ped,1.6,4,0.4529411771542311
crossing_90_e_3,118,gel_ped,2.0,4,0.7736497321274254
crossing_90_e_3,118,gel_ped,2.4000000000000004,4,1.068873683429095
crossing_90_e_3,118,gel_ped,2.8000000000000003,4,1.323557223341486
crossing_90_e_3,118,gel_ped,3.2,4,1.5344105672529786
crossing_90_e_3,158,constant_velocity,0.4,8,0.17719255017520535
crossing_90_e_3,158,constant_velocity,0.8,8,0.32780838848511046
crossing_90_e_3,158,constant_velocity,1.2000000000000002,8,0.48626685682616927
crossing_90_e_3,158,constant_velocity,1.6,8,0.6201857016190344
crossing_90_e_3,158,constant_velocity,2.0,8,0.9130228999029975
crossing_90_e_3,158,constant_velocity,2.4000000000000004,8,1.2787921828210882
crossing_90_e_3,158,constant_velocity,2.8000000000000003,8,1.575511916500666
crossing_90_e_3,158,constant_velocity,3.2,8,1.8648947930213782
crossing_90_e_3,158,direct_mlp,0.4,8,0.1580233093059001
crossing_90_e_3,158,direct_mlp,0.8,8,0.3559969318286644
crossing_90_e_3,158,direct_mlp,1.2000000000000002,8,0.5862583456442714
crossing_90_e_3,158,direct_mlp,1.6,8,0.7902673457236319
crossing_90_e_3,158,direct_mlp,2.0,8,1.0464629508709367
crossing_90_e_3,158,direct_mlp,2.4000000000000004,8,1.3810486869997889
crossing_90_e_3,158,direct_mlp,2.8000000000000003,8,1.7253518049368377
crossing_90_e_3,158,direct_mlp,3.2,8,2.10137361652848
crossing_90_e_3,158,direct_routed_control,0.4,8,0.1576904497308989
crossing_90_e_3,158,direct_routed_control,0.8,8,0.35434270444366506
crossing_90_e_3,158,direct_routed_control,1.2000000000000002,8,0.5840661789705425
crossing_90_e_3,158,direct_routed_control,1.6,8,0.7863302538994323
crossing_90_e_3,158,direct_routed_control,2.0,8,1.0397218744361951
crossing_90_e_3,158,direct_routed_control,2.4000000000000004,8,1.3720334183243286
crossing_90_e_3,158,direct_routed_control,2.8000000000000003,8,1.7143959055223883
crossing_90_e_3,158,direct_routed_control,3.2,8,2.088597438141634
crossing_90_e_3,158,tensor_prior,0.4,8,0.14315383296956094
crossing_90_e_3,158,tensor_prior,0.8,8,0.30505640329744305
crossing_90_e_3,158,tensor_prior,1.2000000000000002,8,0.4587083704409934
crossing_90_e_3,158,tensor_prior,1.6,8,0.5215572958702075
crossing_90_e_3,158,tensor_prior,2.0,8,0.6888924434030361
crossing_90_e_3,158,tensor_prior,2.4000000000000004,8,0.9614799065323051
crossing_90_e_3,158,tensor_prior,2.8000000000000003,8,1.2096896602765894
crossing_90_e_3,158,tensor_prior,3.2,8,1.4996116887494124
crossing_90_e_3,158,gel_ped,0.4,8,0.1515852811576422
crossing_90_e_3,158,gel_ped,0.8,8,0.3151550604565403
crossing_90_e_3,158,gel_ped,1.2000000000000002,8,0.470061203876967
crossing_90_e_3,158,gel_ped,1.6,8,0.5252141645416484
crossing_90_e_3,158,gel_ped,2.0,8,0.6472010290897343
crossing_90_e_3,158,gel_ped,2.4000000000000004,8,0.8924220092392698
crossing_90_e_3,158,gel_ped,2.8000000000000003,8,1.1524484045987968
crossing_90_e_3,158,gel_ped,3.2,8,1.4535755123243823
crossing_90_e_3,198,constant_velocity,0.4,6,0.1314694811545233
crossing_90_e_3,198,constant_velocity,0.8,6,0.333969321501701
crossing_90_e_3,198,constant_velocity,1.2000000000000002,6,0.6190010961161919
crossing_90_e_3,198,constant_velocity,1.6,6,0.9123021093851923
crossing_90_e_3,198,constant_velocity,2.0,6,1.2232083499090727
crossing_90_e_3,198,constant_velocity,2.4000000000000004,6,1.5302788627072335
crossing_90_e_3,198,constant_velocity,2.8000000000000003,6,1.8380999258952029
crossing_90_e_3,198,constant_velocity,3.2,6,2.162393549719908
crossing_90_e_3,198,direct_mlp,0.4,6,0.10140355825195613
crossing_90_e_3,198,direct_mlp,0.8,6,0.2834002740282292
crossing_90_e_3,198,direct_mlp,1.2000000000000002,6,0.520147939971276
crossing_90_e_3,198,direct_mlp,1.6,6,0.7298986482599027
crossing_90_e_3,198,direct_mlp,2.0,6,0.9461674869967217
crossing_90_e_3,198,direct_mlp,2.4000000000000004,6,1.2678476806956989
crossing_90_e_3,198,direct_mlp,2.8000000000000003,6,1.6848774519142842
crossing_90_e_3,198,direct_mlp,3.2,6,2.1098725098706343
crossing_90_e_3,198,direct_routed_control,0.4,6,0.10264476818052647
crossing_90_e_3,198,direct_routed_control,0.8,6,0.28508503847717165
crossing_90_e_3,198,direct_routed_control,1.2000000000000002,6,0.5235287960445776
crossing_90_e_3,198,direct_routed_control,1.6,6,0.73115145716871
crossing_90_e_3,198,direct_routed_control,2.0,6,0.9462968233547834
crossing_90_e_3,198,direct_routed_control,2.4000000000000004,6,1.2679702650459654
crossing_90_e_3,198,direct_routed_control,2.8000000000000003,6,1.6855430109097493
crossing_90_e_3,198,direct_routed_control,3.2,6,2.1109953607198584
crossing_90_e_3,198,tensor_prior,0.4,6,0.11327433192578691
crossing_90_e_3,198,tensor_prior,0.8,6,0.3176340394222821
crossing_90_e_3,198,tensor_prior,1.2000000000000002,6,0.5767441932865353
crossing_90_e_3,198,tensor_prior,1.6,6,0.8118527835979658
crossing_90_e_3,198,tensor_prior,2.0,6,0.9977680301091217
crossing_90_e_3,198,tensor_prior,2.4000000000000004,6,1.2332005027393276
crossing_90_e_3,198,tensor_prior,2.8000000000000003,6,1.5899580492180927
crossing_90_e_3,198,tensor_prior,3.2,6,1.9476470565986037
crossing_90_e_3,198,gel_ped,0.4,6,0.10429496934762468
crossing_90_e_3,198,gel_ped,0.8,6,0.2859075447531428
crossing_90_e_3,198,gel_ped,1.2000000000000002,6,0.5242743346863544
crossing_90_e_3,198,gel_ped,1.6,6,0.7263504577776096
crossing_90_e_3,198,gel_ped,2.0,6,0.892292338455346
crossing_90_e_3,198,gel_ped,2.4000000000000004,6,1.1628286868526245
crossing_90_e_3,198,gel_ped,2.8000000000000003,6,1.5197225303675068
crossing_90_e_3,198,gel_ped,3.2,6,1.8876163401247592
crossing_90_e_3,238,constant_velocity,0.4,13,0.1409578650105917
crossing_90_e_3,238,constant_velocity,0.8,13,0.32705067653213427
crossing_90_e_3,238,constant_velocity,1.2000000000000002,13,0.6051567957088495
crossing_90_e_3,238,constant_velocity,1.6,13,0.8787127045026989
crossing_90_e_3,238,constant_velocity,2.0,13,1.1520454687483477
crossing_90_e_3,238,constant_velocity,2.4000000000000004,13,1.4801069899551973
crossing_90_e_3,238,constant_velocity,2.8000000000000003,13,1.7675276121905232
crossing_90_e_3,238,constant_velocity,3.2,13,2.002493857163533
crossing_90_e_3,238,direct_mlp,0.4,13,0.1338862275752542
crossing_90_e_3,238,direct_mlp,0.8,13,0.3412308483764234
crossing_90_e_3,238,direct_mlp,1.2000000000000002,13,0.6226523935477364
crossing_90_e_3,238,direct_mlp,1.6,13,0.9193871522003969
crossing_90_e_3,238,direct_mlp,2.0,13,1.2147584970632583
crossing_90_e_3,238,direct_mlp,2.4000000000000004,13,1.5076994374666297
crossing_90_e_3,238,direct_mlp,2.8000000000000003,13,1.776961482168874
crossing_90_e_3,238,direct_mlp,3.2,13,2.0305391069333187
crossing_90_e_3,238,direct_routed_control,0.4,13,0.13348481974560414
crossing_90_e_3,238,direct_routed_control,0.8,13,0.33919370902485385
crossing_90_e_3,238,direct_routed_control,1.2000000000000002,13,0.6199373766408207
crossing_90_e_3,238,direct_routed_control,1.6,13,0.9154913261693163
crossing_90_e_3,238,direct_routed_control,2.0,13,1.209474540996194
crossing_90_e_3,238,direct_routed_control,2.4000000000000004,13,1.501393371820733
crossing_90_e_3,238,direct_routed_control,2.8000000000000003,13,1.768971931412822
crossing_90_e_3,238,direct_routed_control,3.2,13,2.0201536883857654
crossing_90_e_3,238,tensor_prior,0.4,13,0.12478900423685849
crossing_90_e_3,238,tensor_prior,0.8,13,0.31697285528572
crossing_90_e_3,238,tensor_prior,1.2000000000000002,13,0.5805854157699366
crossing_90_e_3,238,tensor_prior,1.6,13,0.8500266467229054
crossing_90_e_3,238,tensor_prior,2.0,13,1.1036234620487193
crossing_90_e_3,238,tensor_prior,2.4000000000000004,13,1.3599278983457155
crossing_90_e_3,238,tensor_prior,2.8000000000000003,13,1.6005123733308264
crossing_90_e_3,238,tensor_prior,3.2,13,1.8273014784372228
crossing_90_e_3,238,gel_ped,0.4,13,0.13162377959600666
crossing_90_e_3,238,gel_ped,0.8,13,0.331727767816017
crossing_90_e_3,238,gel_ped,1.2000000000000002,13,0.5954916173218158
crossing_90_e_3,238,gel_ped,1.6,13,0.859891232325806
crossing_90_e_3,238,gel_ped,2.0,13,1.1194670412350742
crossing_90_e_3,238,gel_ped,2.4000000000000004,13,1.3728225472559978
crossing_90_e_3,238,gel_ped,2.8000000000000003,13,1.617629630957667
crossing_90_e_3,238,gel_ped,3.2,13,1.8441558746898843
crossing_90_e_3,278,constant_velocity,0.4,13,0.12890116828010728
crossing_90_e_3,278,constant_velocity,0.8,13,0.2851441192098896
crossing_90_e_3,278,constant_velocity,1.2000000000000002,13,0.42799181509455414
crossing_90_e_3,278,constant_velocity,1.6,13,0.5676441570248038
crossing_90_e_3,278,constant_velocity,2.0,13,0.7996196386441699
crossing_90_e_3,278,constant_velocity,2.4000000000000004,13,1.0348221206258645
crossing_90_e_3,278,constant_velocity,2.8000000000000003,13,1.2347747266750557
crossing_90_e_3,278,constant_velocity,3.2,13,1.4396663118314081
crossing_90_e_3,278,direct_mlp,0.4,13,0.12639731271913138
crossing_90_e_3,278,direct_mlp,0.8,13,0.26081967913783205
crossing_90_e_3,278,direct_mlp,1.2000000000000002,13,0.3953765227856663
crossing_90_e_3,278,direct_mlp,1.6,13,0.5301540597563865
crossing_90_e_3,278,direct_mlp,2.0,13,0.6736386963117794
crossing_90_e_3,278,direct_mlp,2.4000000000000004,13,0.8803817879068728
crossing_90_e_3,278,direct_mlp,2.8000000000000003,13,1.1161954579288615
crossing_90_e_3,278,direct_mlp,3.2,13,1.3751561614438412
crossing_90_e_3,278,direct_routed_control,0.4,13,0.12619853875903764
crossing_90_e_3,278,direct_routed_control,0.8,13,0.2604945091520378
crossing_90_e_3,278,direct_routed_control,1.2000000000000002,13,0.3926821954964152
crossing_90_e_3,278,direct_routed_control,1.6,13,0.5251961972570569
crossing_90_e_3,278,direct_routed_control,2.0,13,0.6675692675028215
crossing_90_e_3,278,direct_routed_control,2.4000000000000004,13,0.8731663467622239
crossing_90_e_3,278,direct_routed_control,2.8000000000000003,13,1.1075426932463934
crossing_90_e_3,278,direct_routed_control,3.2,13,1.3653800099240148
crossing_90_e_3,278,tensor_prior,0.4,13,0.13060686471090538
crossing_90_e_3,278,tensor_prior,0.8,13,0.2646460076284697
crossing_90_e_3,278,tensor_prior,1.2000000000000002,13,0.41239122248576493
crossing_90_e_3,278,tensor_prior,1.6,13,0.5306038927815704
crossing_90_e_3,278,tensor_prior,2.0,13,0.6432244572691812
crossing_90_e_3,278,tensor_prior,2.4000000000000004,13,0.811885893830524
crossing_90_e_3,278,tensor_prior,2.8000000000000003,13,0.9474297657269214
crossing_90_e_3,278,tensor_prior,3.2,13,1.0828427970278947
crossing_90_e_3,278,gel_ped,0.4,13,0.13219931916183933
crossing_90_e_3,278,gel_ped,0.8,13,0.27870192148862116
crossing_90_e_3,278,gel_ped,1.2000000000000002,13,0.4096061351032567
crossing_90_e_3,278,gel_ped,1.6,13,0.5275178024174124
crossing_90_e_3,278,gel_ped,2.0,13,0.637701295550262
crossing_90_e_3,278,gel_ped,2.4000000000000004,13,0.7890992200347271
crossing_90_e_3,278,gel_ped,2.8000000000000003,13,0.9624978004306517
crossing_90_e_3,278,gel_ped,3.2,13,1.1475580012401645
crossing_90_e_3,318,constant_velocity,0.4,14,0.16176229751116109
crossing_90_e_3,318,constant_velocity,0.8,14,0.3460484733146835
crossing_90_e_3,318,constant_velocity,1.2000000000000002,14,0.602355197814275
crossing_90_e_3,318,constant_velocity,1.6,14,0.924307683884603
crossing_90_e_3,318,constant_velocity,2.0,14,1.2639693706572679
crossing_90_e_3,318,constant_velocity,2.4000000000000004,14,1.5904021893530433
crossing_90_e_3,318,constant_velocity,2.8000000000000003,14,1.880852228610236
crossing_90_e_3,318,constant_velocity,3.2,14,2.162371317155926
crossing_90_e_3,318,direct_mlp,0.4,14,0.1494852885456784
crossing_90_e_3,318,direct_mlp,0.8,14,0.3194555840711383
crossing_90_e_3,318,direct_mlp,1.2000000000000002,14,0.5386639317721322
crossing_90_e_3,318,direct_mlp,1.6,14,0.8072674272852894
crossing_90_e_3,318,direct_mlp,2.0,14,1.0928193050823936
crossing_90_e_3,318,direct_mlp,2.4000000000000004,14,1.3643248486161779
crossing_90_e_3,318,direct_mlp,2.8000000000000003,14,1.601535862145384
crossing_90_e_3,318,direct_mlp,3.2,14,1.8361784017408982
crossing_90_e_3,318,direct_routed_control,0.4,14,0.14903065923935732
crossing_90_e_3,318,direct_routed_control,0.8,14,0.3193924750639775
crossing_90_e_3,318,direct_routed_control,1.2000000000000002,14,0.5382049619120188
crossing_90_e_3,318,direct_routed_control,1.6,14,0.8065515358332469
crossing_90_e_3,318,direct_routed_control,2.0,14,1.0906322523233687
crossing_90_e_3,318,direct_routed_control,2.4000000000000004,14,1.3607537410493344
crossing_90_e_3,318,direct_routed_control,2.8000000000000003,14,1.5947949967825923
crossing_90_e_3,318,direct_routed_control,3.2,14,1.8241210169971644
crossing_90_e_3,318,tensor_prior,0.4,14,0.15887954426338383
crossing_90_e_3,318,tensor_prior,0.8,14,0.34132940364945835
crossing_90_e_3,318,tensor_prior,1.2000000000000002,14,0.5735472060503716
crossing_90_e_3,318,tensor_prior,1.6,14,0.8446266438611952
crossing_90_e_3,318,tensor_prior,2.0,14,1.1289300856152171
crossing_90_e_3,318,tensor_prior,2.4000000000000004,14,1.4056322901827778
crossing_90_e_3,318,tensor_prior,2.8000000000000003,14,1.6304780857587764
crossing_90_e_3,318,tensor_prior,3.2,14,1.8334523138647048
crossing_90_e_3,318,gel_ped,0.4,14,0.1515400297973723
crossing_90_e_3,318,gel_ped,0.8,14,0.32557790292318806
crossing_90_e_3,318,gel_ped,1.2000000000000002,14,0.5422732533121252
crossing_90_e_3,318,gel_ped,1.6,14,0.796451137730971
crossing_90_e_3,318,gel_ped,2.0,14,1.0535441503158152
crossing_90_e_3,318,gel_ped,2.4000000000000004,14,1.3088495697944873
crossing_90_e_3,318,gel_ped,2.8000000000000003,14,1.519035242621617
crossing_90_e_3,318,gel_ped,3.2,14,1.7089780937512704
crossing_90_e_3,358,constant_velocity,0.4,12,0.14416964983733058
crossing_90_e_3,358,constant_velocity,0.8,12,0.24749689266816488
crossing_90_e_3,358,constant_velocity,1.2000000000000002,12,0.4774765612513712
crossing_90_e_3,358,constant_velocity,1.6,12,0.724550722010893
crossing_90_e_3,358,constant_velocity,2.0,12,1.0029616597739734
crossing_90_e_3,358,constant_velocity,2.4000000000000004,12,1.2814081201979022
crossing_90_e_3,358,constant_velocity,2.8000000000000003,12,1.5568489927392555
crossing_90_e_3,358,constant_velocity,3.2,12,1.8371987717436686
crossing_90_e_3,358,direct_mlp,0.4,12,0.14130611577765406
crossing_90_e_3,358,direct_mlp,0.8,12,0.22785151119619382
crossing_90_e_3,358,direct_mlp,1.2000000000000002,12,0.3542774478573894
crossing_90_e_3,358,direct_mlp,1.6,12,0.497142669985069
crossing_90_e_3,358,direct_mlp,2.0,12,0.6637610070652907
crossing_90_e_3,358,direct_mlp,2.4000000000000004,12,0.8298468869677732
crossing_90_e_3,358,direct_mlp,2.8000000000000003,12,1.0433186578663096
crossing_90_e_3,358,direct_mlp,3.2,12,1.2878037033793095
crossing_90_e_3,358,direct_routed_control,0.4,12,0.14099422963276528
crossing_90_e_3,358,direct_routed_control,0.8,12,0.2275366267020583
crossing_90_e_3,358,direct_routed_control,1.2000000000000002,12,0.35571727047495294
crossing_90_e_3,358,direct_routed_control,1.6,12,0.500317595640748
crossing_90_e_3,358,direct_routed_control,2.0,12,0.6681952632396985
crossing_90_e_3,358,direct_routed_control,2.4000000000000004,12,0.8343803337810446
crossing_90_e_3,358,direct_routed_control,2.8000000000000003,12,1.0460874685763542
crossing_90_e_3,358,direct_routed_control,3.2,12,1.2894152337251834
crossing_90_e_3,358,tensor_prior,0.4,12,0.14542672086428357
crossing_90_e_3,358,tensor_prior,0.8,12,0.23133970381164518
crossing_90_e_3,358,tensor_prior,1.2000000000000002,12,0.3559034915157165
crossing_90_e_3,358,tensor_prior,1.6,12,0.5064714447307012
crossing_90_e_3,358,tensor_prior,2.0,12,0.6970015490457456
crossing_90_e_3,358,tensor_prior,2.4000000000000004,12,0.8887609766098298
crossing_90_e_3,358,tensor_prior,2.8000000000000003,12,1.0992714401971917
crossing_90_e_3,358,tensor_prior,3.2,12,1.326060841832591
crossing_90_e_3,358,gel_ped,0.4,12,0.1439530626495166
crossing_90_e_3,358,gel_ped,0.8,12,0.22905611712814425
crossing_90_e_3,358,gel_ped,1.2000000000000002,12,0.35471683334651094
crossing_90_e_3,358,gel_ped,1.6,12,0.49228161095643586
crossing_90_e_3,358,gel_ped,2.0,12,0.6649836972840816
crossing_90_e_3,358,gel_ped,2.4000000000000004,12,0.825310788819297
crossing_90_e_3,358,gel_ped,2.8000000000000003,12,0.9862424612795325
crossing_90_e_3,358,gel_ped,3.2,12,1.2011535324141631
crossing_90_e_3,398,constant_velocity,0.4,15,0.12718442181564463
crossing_90_e_3,398,constant_velocity,0.8,15,0.2567637527185876
crossing_90_e_3,398,constant_velocity,1.2000000000000002,15,0.4413038968883228
crossing_90_e_3,398,constant_velocity,1.6,15,0.643084943168931
crossing_90_e_3,398,constant_velocity,2.0,15,0.8243332877408354
crossing_90_e_3,398,constant_velocity,2.4000000000000004,15,1.0564816999638365
crossing_90_e_3,398,constant_velocity,2.8000000000000003,15,1.2832026673303394
crossing_90_e_3,398,constant_velocity,3.2,15,1.5241561934348618
crossing_90_e_3,398,direct_mlp,0.4,15,0.10705859756721924
crossing_90_e_3,398,direct_mlp,0.8,15,0.21801568657727227
crossing_90_e_3,398,direct_mlp,1.2000000000000002,15,0.3656503551173272
crossing_90_e_3,398,direct_mlp,1.6,15,0.527093201691964
crossing_90_e_3,398,direct_mlp,2.0,15,0.6716908716408919
crossing_90_e_3,398,direct_mlp,2.4000000000000004,15,0.8806268455144253
crossing_90_e_3,398,direct_mlp,2.8000000000000003,15,1.0921135787253464
crossing_90_e_3,398,direct_mlp,3.2,15,1.3105665231051329
crossing_90_e_3,398,direct_routed_control,0.4,15,0.10681512256339601
crossing_90_e_3,398,direct_routed_control,0.8,15,0.2174681894688065
crossing_90_e_3,398,direct_routed_control,1.2000000000000002,15,0.36470093922548225
crossing_90_e_3,398,direct_routed_control,1.6,15,0.5256662543788928
crossing_90_e_3,398,direct_routed_control,2.0,15,0.6701665890234737
crossing_90_e_3,398,direct_routed_control,2.4000000000000004,15,0.879132807120116
crossing_90_e_3,398,direct_routed_control,2.8000000000000003,15,1.0900893879422555
crossing_90_e_3,398,direct_routed_control,3.2,15,1.3083732629446656
crossing_90_e_3,398,tensor_prior,0.4,15,0.11260434910295847
crossing_90_e_3,398,tensor_prior,0.8,15,0.2345377725762346
crossing_90_e_3,398,tensor_prior,1.2000000000000002,15,0.39241502421024904
crossing_90_e_3,398,tensor_prior,1.6,15,0.5572102597588139
crossing_90_e_3,398,tensor_prior,2.0,15,0.6879380882919841
crossing_90_e_3,398,tensor_prior,2.4000000000000004,15,0.8857332894281714
crossing_90_e_3,398,tensor_prior,2.8000000000000003,15,1.074181075298888
crossing_90_e_3,398,tensor_prior,3.2,15,1.2625995809728476
crossing_90_e_3,398,gel_ped,0.4,15,0.10700482977674741
crossing_90_e_3,398,gel_ped,0.8,15,0.21546947509411246
crossing_90_e_3,398,gel_ped,1.2000000000000002,15,0.3552060689551673
crossing_90_e_3,398,gel_ped,1.6,15,0.4999921950397282
crossing_90_e_3,398,gel_ped,2.0,15,0.6232895797784745
crossing_90_e_3,398,gel_ped,2.4000000000000004,15,0.8129496776597117
crossing_90_e_3,398,gel_ped,2.8000000000000003,15,1.0076430234781755
crossing_90_e_3,398,gel_ped,3.2,15,1.213865621013846
crossing_90_e_3,438,constant_velocity,0.4,20,0.13811177630258326
crossing_90_e_3,438,constant_velocity,0.8,20,0.2325141740063402
crossing_90_e_3,438,constant_velocity,1.2000000000000002,20,0.3883743033079667
crossing_90_e_3,438,constant_velocity,1.6,20,0.5808436823295074
crossing_90_e_3,438,constant_velocity,2.0,20,0.795302032206702
crossing_90_e_3,438,constant_velocity,2.4000000000000004,20,1.0779091848211033
crossing_90_e_3,438,constant_velocity,2.8000000000000003,20,1.372765498968711
crossing_90_e_3,438,constant_velocity,3.2,20,1.6828571517912336
crossing_90_e_3,438,direct_mlp,0.4,20,0.13307513245575645
crossing_90_e_3,438,direct_mlp,0.8,20,0.2717042878146619
crossing_90_e_3,438,direct_mlp,1.2000000000000002,20,0.4537168451736833
crossing_90_e_3,438,direct_mlp,1.6,20,0.6274791751307436
crossing_90_e_3,438,direct_mlp,2.0,20,0.7771084310852994
crossing_90_e_3,438,direct_mlp,2.4000000000000004,20,0.9584524845035988
crossing_90_e_3,438,direct_mlp,2.8000000000000003,20,1.1500973396400782
crossing_90_e_3,438,direct_mlp,3.2,20,1.4132496843520421
crossing_90_e_3,438,direct_routed_control,0.4,20,0.1321874463163244
crossing_90_e_3,438,direct_routed_control,0.8,20,0.2692104145600982
crossing_90_e_3,438,direct_routed_control,1.2000000000000002,20,0.45082359993084253
crossing_90_e_3,438,direct_routed_control,1.6,20,0.6241877502285293
crossing_90_e_3,438,direct_routed_control,2.0,20,0.7740507942367343
crossing_90_e_3,438,direct_routed_control,2.4000000000000004,20,0.9560541291621873
crossing_90_e_3,438,direct_routed_control,2.8000000000000003,20,1.149657966283884
crossing_90_e_3,438,direct_routed_control,3.2,20,1.4134813944239049
crossing_90_e_3,438,tensor_prior,0.4,20,0.1354191657483312
crossing_90_e_3,438,tensor_prior,0.8,20,0.2614906006426023
crossing_90_e_3,438,tensor_prior,1.2000000000000002,20,0.4329140484663686
crossing_90_e_3,438,tensor_prior,1.6,20,0.5818528615804175
crossing_90_e_3,438,tensor_prior,2.0,20,0.7077973214576585
crossing_90_e_3,438,tensor_prior,2.4000000000000004,20,0.8379649908107154
crossing_90_e_3,438,tensor_prior,2.8000000000000003,20,1.0096007793497481
crossing_90_e_3,438,tensor_prior,3.2,20,1.221177968616817
crossing_90_e_3,438,gel_ped,0.4,20,0.12734980866687615
crossing_90_e_3,438,gel_ped,0.8,20,0.2563699163385918
crossing_90_e_3,438,gel_ped,1.2000000000000002,20,0.4353011965347
crossing_90_e_3,438,gel_ped,1.6,20,0.6076833748498028
crossing_90_e_3,438,gel_ped,2.0,20,0.7601524475366193
crossing_90_e_3,438,gel_ped,2.4000000000000004,20,0.9240643152239928
crossing_90_e_3,438,gel_ped,2.8000000000000003,20,1.0985143924139265
crossing_90_e_3,438,gel_ped,3.2,20,1.316833082792636
crossing_90_e_3,478,constant_velocity,0.4,24,0.14528153408772862
crossing_90_e_3,478,constant_velocity,0.8,24,0.3038952043553684
crossing_90_e_3,478,constant_velocity,1.2000000000000002,24,0.5217479898291851
crossing_90_e_3,478,constant_velocity,1.6,24,0.7329635178130873
crossing_90_e_3,478,constant_velocity,2.0,24,0.933748151693775
crossing_90_e_3,478,constant_velocity,2.4000000000000004,24,1.071039650129914
crossing_90_e_3,478,constant_velocity,2.8000000000000003,24,1.1885453374045902
crossing_90_e_3,478,constant_velocity,3.2,24,1.3207299904928727
crossing_90_e_3,478,direct_mlp,0.4,24,0.1306910266333649
crossing_90_e_3,478,direct_mlp,0.8,24,0.279580612657012
crossing_90_e_3,478,direct_mlp,1.2000000000000002,24,0.46629934294186287
crossing_90_e_3,478,direct_mlp,1.6,24,0.6659705841493133
crossing_90_e_3,478,direct_mlp,2.0,24,0.8715665331806273
crossing_90_e_3,478,direct_mlp,2.4000000000000004,24,1.047183907431627
crossing_90_e_3,478,direct_mlp,2.8000000000000003,24,1.2464337496576654
crossing_90_e_3,478,direct_mlp,3.2,24,1.4707825341378655
crossing_90_e_3,478,direct_routed_control,0.4,24,0.13070744020734157
crossing_90_e_3,478,direct_routed_control,0.8,24,0.27918749611218097
crossing_90_e_3,478,direct_routed_control,1.2000000000000002,24,0.465837423882145
crossing_90_e_3,478,direct_routed_control,1.6,24,0.6646878330558744
crossing_90_e_3,478,direct_routed_control,2.0,24,0.8692186923350174
crossing_90_e_3,478,direct_routed_control,2.4000000000000004,24,1.0439423498977696
crossing_90_e_3,478,direct_routed_control,2.8000000000000003,24,1.242181478074
crossing_90_e_3,478,direct_routed_control,3.2,24,1.4653125182047748
crossing_90_e_3,478,tensor_prior,0.4,24,0.1256623114909744
crossing_90_e_3,478,tensor_prior,0.8,24,0.2712691207165504
crossing_90_e_3,478,tensor_prior,1.2000000000000002,24,0.4526398364323247
crossing_90_e_3,478,tensor_prior,1.6,24,0.6337190926208106
crossing_90_e_3,478,tensor_prior,2.0,24,0.7858658371683914
crossing_90_e_3,478,tensor_prior,2.4000000000000004,24,0.8883910302178059
crossing_90_e_3,478,tensor_prior,2.8000000000000003,24,0.9903824601373027
crossing_90_e_3,478,tensor_prior,3.2,24,1.1397861847611035
crossing_90_e_3,478,gel_ped,0.4,24,0.12742330568919372
crossing_90_e_3,478,gel_ped,0.8,24,0.2715119283953456
crossing_90_e_3,478,gel_ped,1.2000000000000002,24,0.4508403510195192
crossing_90_e_3,478,gel_ped,1.6,24,0.6290169356608678
crossing_90_e_3,478,gel_ped,2.0,24,0.8058114241752675
crossing_90_e_3,478,gel_ped,2.4000000000000004,24,0.9308011741522209
crossing_90_e_3,478,gel_ped,2.8000000000000003,24,1.07490695566201
crossing_90_e_3,478,gel_ped,3.2,24,1.254148578361094
crossing_90_e_3,518,constant_velocity,0.4,18,0.14670303925160363
crossing_90_e_3,518,constant_velocity,0.8,18,0.28582802444013583
crossing_90_e_3,518,constant_velocity,1.2000000000000002,18,0.4916684581206415
crossing_90_e_3,518,constant_velocity,1.6,18,0.7172559897483002
crossing_90_e_3,518,constant_velocity,2.0,18,0.9862719536141297
crossing_90_e_3,518,constant_velocity,2.4000000000000004,18,1.2561765475308848
crossing_90_e_3,518,constant_velocity,2.8000000000000003,18,1.5245270363700085
crossing_90_e_3,518,constant_velocity,3.2,18,1.789369306941011
crossing_90_e_3,518,direct_mlp,0.4,18,0.13896991042921789
crossing_90_e_3,518,direct_mlp,0.8,18,0.265690586731202
crossing_90_e_3,518,direct_mlp,1.2000000000000002,18,0.4475570832498772
crossing_90_e_3,518,direct_mlp,1.6,18,0.6265731796185129
crossing_90_e_3,518,direct_mlp,2.0,18,0.8409881787209177
crossing_90_e_3,518,direct_mlp,2.4000000000000004,18,1.092509421811238
crossing_90_e_3,518,direct_mlp,2.8000000000000003,18,1.3440332192874596
crossing_90_e_3,518,direct_mlp,3.2,18,1.5965082152706198
crossing_90_e_3,518,direct_routed_control,0.4,18,0.13916865226688413
crossing_90_e_3,518,direct_routed_control,0.8,18,0.2650844542572799
crossing_90_e_3,518,direct_routed_control,1.2000000000000002,18,0.44600739656773924
crossing_90_e_3,518,direct_routed_control,1.6,18,0.6237295673392647
crossing_90_e_3,518,direct_routed_control,2.0,18,0.8400187819150361
crossing_90_e_3,518,direct_routed_control,2.4000000000000004,18,1.091353154083623
crossing_90_e_3,518,direct_routed_control,2.8000000000000003,18,1.3424321097875904
crossing_90_e_3,518,direct_routed_control,3.2,18,1.595008797003617
crossing_90_e_3,518,tensor_prior,0.4,18,0.12307011366409726
crossing_90_e_3,518,tensor_prior,0.8,18,0.2564562934149887
crossing_90_e_3,518,tensor_prior,1.2000000000000002,18,0.42714659224270085
crossing_90_e_3,518,tensor_prior,1.6,18,0.6123589965142524
crossing_90_e_3,518,tensor_prior,2.0,18,0.7972436648584023
crossing_90_e_3,518,tensor_prior,2.4000000000000004,18,1.0018579579937963
crossing_90_e_3,518,tensor_prior,2.8000000000000003,18,1.1904230219346497
crossing_90_e_3,518,tensor_prior,3.2,18,1.4007285795256321
crossing_90_e_3,518,gel_ped,0.4,18,0.13762464562875062
crossing_90_e_3,518,gel_ped,0.8,18,0.2621490449417913
crossing_90_e_3,518,gel_ped,1.2000000000000002,18,0.4402869770816074
crossing_90_e_3,518,gel_ped,1.6,18,0.617724270483593
crossing_90_e_3,518,gel_ped,2.0,18,0.8232583557217004
crossing_90_e_3,518,gel_ped,2.4000000000000004,18,1.0598532292727034
crossing_90_e_3,518,gel_ped,2.8000000000000003,18,1.2939158817191034
crossing_90_e_3,518,gel_ped,3.2,18,1.5388224986037844
crossing_90_e_3,558,constant_velocity,0.4,21,0.13914015014565911
crossing_90_e_3,558,constant_velocity,0.8,21,0.24877497345051627
crossing_90_e_3,558,constant_velocity,1.2000000000000002,21,0.4265861890798119
crossing_90_e_3,558,constant_velocity,1.6,21,0.5932737896825866
crossing_90_e_3,558,constant_velocity,2.0,21,0.7529081706972156
crossing_90_e_3,558,constant_velocity,2.4000000000000004,21,0.9051446419737432
crossing_90_e_3,558,constant_velocity,2.8000000000000003,21,1.0456294951376854
crossing_90_e_3,558,constant_velocity,3.2,21,1.1801750694511555
crossing_90_e_3,558,direct_mlp,0.4,21,0.13030299565764916
crossing_90_e_3,558,direct_mlp,0.8,21,0.23933879420702706
crossing_90_e_3,558,direct_mlp,1.2000000000000002,21,0.3964044993724375
crossing_90_e_3,558,direct_mlp,1.6,21,0.5629226824508152
crossing_90_e_3,558,direct_mlp,2.0,21,0.6982257810283646
crossing_90_e_3,558,direct_mlp,2.4000000000000004,21,0.8536071834875371
crossing_90_e_3,558,direct_mlp,2.8000000000000003,21,0.9907617217858631
crossing_90_e_3,558,direct_mlp,3.2,21,1.1089939083296234
crossing_90_e_3,558,direct_routed_control,0.4,21,0.1306300593627503
crossing_90_e_3,558,direct_routed_control,0.8,21,0.23954154215470772
crossing_90_e_3,558,direct_routed_control,1.2000000000000002,21,0.3966498051205799
crossing_90_e_3,558,direct_routed_control,1.6,21,0.5626465908133894
crossing_90_e_3,558,direct_routed_control,2.0,21,0.697071107311588
crossing_90_e_3,558,direct_routed_control,2.4000000000000004,21,0.8519086773534544
crossing_90_e_3,558,direct_routed_control,2.8000000000000003,21,0.9886222119774049
crossing_90_e_3,558,direct_routed_control,3.2,21,1.1060843423394795
crossing_90_e_3,558,tensor_prior,0.4,21,0.12543071761201605
crossing_90_e_3,558,tensor_prior,0.8,21,0.21815958649692255
crossing_90_e_3,558,tensor_prior,1.2000000000000002,21,0.36332774937227236
crossing_90_e_3,558,tensor_prior,1.6,21,0.4983746497011393
crossing_90_e_3,558,tensor_prior,2.0,21,0.6162544042374899
crossing_90_e_3,558,tensor_prior,2.4000000000000004,21,0.7391395722465636
crossing_90_e_3,558,tensor_prior,2.8000000000000003,21,0.8407616126003306
crossing_90_e_3,558,tensor_prior,3.2,21,0.933252620309238
crossing_90_e_3,558,gel_ped,0.4,21,0.12896993111939026
crossing_90_e_3,558,gel_ped,0.8,21,0.22501151765494384
crossing_90_e_3,558,gel_ped,1.2000000000000002,21,0.37552671579623587
crossing_90_e_3,558,gel_ped,1.6,21,0.52323909144506
crossing_90_e_3,558,gel_ped,2.0,21,0.6419938726608219
crossing_90_e_3,558,gel_ped,2.4000000000000004,21,0.7716863013737817
crossing_90_e_3,558,gel_ped,2.8000000000000003,21,0.8801169609115826
crossing_90_e_3,558,gel_ped,3.2,21,0.9784536236767768
crossing_90_e_4,92,constant_velocity,0.4,4,0.17400603619319616
crossing_90_e_4,92,constant_velocity,0.8,4,0.4220834271831387
crossing_90_e_4,92,constant_velocity,1.2000000000000002,4,0.6664510485690611
crossing_90_e_4,92,constant_velocity,1.6,4,1.0566635453695756
crossing_90_e_4,92,constant_velocity,2.0,4,1.38598499237473
crossing_90_e_4,92,constant_velocity,2.4000000000000004,4,1.5937792515304319
crossing_90_e_4,92,constant_velocity,2.8000000000000003,4,1.713223493374278
crossing_90_e_4,92,constant_velocity,3.2,4,1.888196283281197
crossing_90_e_4,92,direct_mlp,0.4,4,0.22354843873992566
crossing_90_e_4,92,direct_mlp,0.8,4,0.4433958481340649
crossing_90_e_4,92,direct_mlp,1.2000000000000002,4,0.7954604385036869
crossing_90_e_4,92,direct_mlp,1.6,4,1.087957812625039
crossing_90_e_4,92,direct_mlp,2.0,4,1.427122055135258
crossing_90_e_4,92,direct_mlp,2.4000000000000004,4,1.7613801917537173
crossing_90_e_4,92,direct_mlp,2.8000000000000003,4,2.1127473445744105
crossing_90_e_4,92,direct_mlp,3.2,4,2.4335744675583197
crossing_90_e_4,92,direct_routed_control,0.4,4,0.22882155597103443
crossing_90_e_4,92,direct_routed_control,0.8,4,0.45317167352882226
crossing_90_e_4,92,direct_routed_control,1.2000000000000002,4,0.8081107872226387
crossing_90_e_4,92,direct_routed_control,1.6,4,1.1003326470881432
crossing_90_e_4,92,direct_routed_control,2.0,4,1.4393867856504101
crossing_90_e_4,92,direct_routed_control,2.4000000000000004,4,1.7741527681407054
crossing_90_e_4,92,direct_routed_control,2.8000000000000003,4,2.1259916440098006
crossing_90_e_4,92,direct_routed_control,3.2,4,2.446028900733339
crossing_90_e_4,92,tensor_prior,0.4,4,0.15595757194350457
crossing_90_e_4,92,tensor_prior,0.8,4,0.3090253456496156
crossing_90_e_4,92,tensor_prior,1.2000000000000002,4,0.4546580123034964
crossing_90_e_4,92,tensor_prior,1.6,4,0.7068193938413214
crossing_90_e_4,92,tensor_prior,2.0,4,0.9309496011683026
crossing_90_e_4,92,tensor_prior,2.4000000000000004,4,1.047447781705452
crossing_90_e_4,92,tensor_prior,2.8000000000000003,4,1.040685810704372
crossing_90_e_4,92,tensor_prior,3.2,4,0.9523181630034749
crossing_90_e_4,92,gel_ped,0.4,4,0.15358676968593368
crossing_90_e_4,92,gel_ped,0.8,4,0.3379845592128851
crossing_90_e_4,92,gel_ped,1.2000000000000002,4,0.48169977433252853
crossing_90_e_4,92,gel_ped,1.6,4,0.7337278243383134
crossing_90_e_4,92,gel_ped,2.0,4,0.9354943986051023
crossing_90_e_4,92,gel_ped,2.4000000000000004,4,0.9837688757970567
crossing_90_e_4,92,gel_ped,2.8000000000000003,4,0.8751702752920718
crossing_90_e_4,92,gel_ped,3.2,4,0.6910082524822589
crossing_90_e_4,132,constant_velocity,0.4,5,0.1333239557332493
crossing_90_e_4,132,constant_velocity,0.8,5,0.3598021041217555
crossing_90_e_4,132,constant_velocity,1.2000000000000002,5,0.6615016778995442
crossing_90_e_4,132,constant_velocity,1.6,5,0.9153924020632692
crossing_90_e_4,132,constant_velocity,2.0,5,1.0907309627522541
crossing_90_e_4,132,constant_velocity,2.4000000000000004,5,1.131908968498071
crossing_90_e_4,132,constant_velocity,2.8000000000000003,5,1.218044906020068
crossing_90_e_4,132,constant_velocity,3.2,5,1.374771011372928
crossing_90_e_4,132,direct_mlp,0.4,5,0.15010096054724886
crossing_90_e_4,132,direct_mlp,0.8,5,0.29615731799983747
crossing_90_e_4,132,direct_mlp,1.2000000000000002,5,0.5140230473249996
crossing_90_e_4,132,direct_mlp,1.6,5,0.7874120699813895
crossing_90_e_4,132,direct_mlp,2.0,5,1.092175990571399
crossing_90_e_4,132,direct_mlp,2.4000000000000004,5,1.4105730265069343
crossing_90_e_4,132,direct_mlp,2.8000000000000003,5,1.838191738820893
crossing_90_e_4,132,direct_mlp,3.2,5,2.254626052899779
crossing_90_e_4,132,direct_routed_control,0.4,5,0.15227437588876852
crossing_90_e_4,132,direct_routed_control,0.8,5,0.2996148159547736
crossing_90_e_4,132,direct_routed_control,1.2000000000000002,5,0.5175926712583669
crossing_90_e_4,132,direct_routed_control,1.6,5,0.7902139544980962
crossing_90_e_4,132,direct_routed_control,2.0,5,1.0935528573146205
crossing_90_e_4,132,direct_routed_control,2.4000000000000004,5,1.4114781784408288
crossing_90_e_4,132,direct_routed_control,2.8000000000000003,5,1.8381605473540674
crossing_90_e_4,132,direct_routed_control,3.2,5,2.253933375406024
crossing_90_e_4,132,tensor_prior,0.4,5,0.08935198440609853
crossing_90_e_4,132,tensor_prior,0.8,5,0.2248607074369257
crossing_90_e_4,132,tensor_prior,1.2000000000000002,5,0.43110412394872916
crossing_90_e_4,132,tensor_prior,1.6,5,0.6533475166687016
crossing_90_e_4,132,tensor_prior,2.0,5,0.801022898704657
crossing_90_e_4,132,tensor_prior,2.4000000000000004,5,0.8518750001323454
crossing_90_e_4,132,tensor_prior,2.8000000000000003,5,1.0022017056466765
crossing_90_e_4,132,tensor_prior,3.2,5,1.151056144164554
crossing_90_e_4,132,gel_ped,0.4,5,0.11039024027189667
crossing_90_e_4,132,gel_ped,0.8,5,0.26307075361601223
crossing_90_e_4,132,gel_ped,1.2000000000000002,5,0.47916138486889687
crossing_90_e_4,132,gel_ped,1.6,5,0.7198296081732704
crossing_90_e_4,132,gel_ped,2.0,5,0.8984734002206654
crossing_90_e_4,132,gel_ped,2.4000000000000004,5,0.9843546785327024
crossing_90_e_4,132,gel_ped,2.8000000000000003,5,1.1563161856760125
crossing_90_e_4,132,gel_ped,3.2,5,1.3367512857955544
crossing_90_e_4,172,constant_velocity,0.4,11,0.12809568196038867
crossing_90_e_4,172,constant_velocity,0.8,11,0.30360028216695273
crossing_90_e_4,172,constant_velocity,1.2000000000000002,11,0.572262825481391
crossing_90_e_4,172,constant_velocity,1.6,11,0.8277996819434855
crossing_90_e_4,172,constant_velocity,2.0,11,1.0176594515872037
crossing_90_e_4,172,constant_velocity,2.4000000000000004,11,1.1486021022534862
crossing_90_e_4,172,constant_velocity,2.8000000000000003,11,1.2514918069075998
crossing_90_e_4,172,constant_velocity,3.2,11,1.331351445997357
crossing_90_e_4,172,direct_mlp,0.4,11,0.10403587301245774
crossing_90_e_4,172,direct_mlp,0.8,11,0.18392204229609188
crossing_90_e_4,172,direct_mlp,1.2000000000000002,11,0.3012447753152934
crossing_90_e_4,172,direct_mlp,1.6,11,0.405500427588589
crossing_90_e_4,172,direct_mlp,2.0,11,0.5752250928099496
crossing_90_e_4,172,direct_mlp,2.4000000000000004,11,0.8245490766296641
crossing_90_e_4,172,direct_mlp,2.8000000000000003,11,1.1968213019308351
crossing_90_e_4,172,direct_mlp,3.2,11,1.5757341651504908
crossing_90_e_4,172,direct_routed_control,0.4,11,0.10424305857219518
crossing_90_e_4,172,direct_routed_control,0.8,11,0.1847889461775167
crossing_90_e_4,172,direct_routed_control,1.2000000000000002,11,0.30228427364311555
crossing_90_e_4,172,direct_routed_control,1.6,11,0.4050105038550614
crossing_90_e_4,172,direct_routed_control,2.0,11,0.5718790307760403
crossing_90_e_4,172,direct_routed_control,2.4000000000000004,11,0.8187233186757422
crossing_90_e_4,172,direct_routed_control,2.8000000000000003,11,1.189616727349257
crossing_90_e_4,172,direct_routed_control,3.2,11,1.5657108019003145
crossing_90_e_4,172,tensor_prior,0.4,11,0.0964152129270893
crossing_90_e_4,172,tensor_prior,0.8,11,0.20502805627315848
crossing_90_e_4,172,tensor_prior,1.2000000000000002,11,0.3510077256717575
crossing_90_e_4,172,tensor_prior,1.6,11,0.4653236904711438
crossing_90_e_4,172,tensor_prior,2.0,11,0.5704410312889622
crossing_90_e_4,172,tensor_prior,2.4000000000000004,11,0.6551905347183287
crossing_90_e_4,172,tensor_prior,2.8000000000000003,11,0.7323883025888743
crossing_90_e_4,172,tensor_prior,3.2,11,0.822548403501775
crossing_90_e_4,172,gel_ped,0.4,11,0.09337560998785258
crossing_90_e_4,172,gel_ped,0.8,11,0.1960948669222276
crossing_90_e_4,172,gel_ped,1.2000000000000002,11,0.34215112778532997
crossing_90_e_4,172,gel_ped,1.6,11,0.4294034674308691
crossing_90_e_4,172,gel_ped,2.0,11,0.5191738819270856
crossing_90_e_4,172,gel_ped,2.4000000000000004,11,0.6311941636873658
crossing_90_e_4,172,gel_ped,2.8000000000000003,11,0.778680177040457
crossing_90_e_4,172,gel_ped,3.2,11,0.9690605155040019
crossing_90_e_4,212,constant_velocity,0.4,13,0.15462366607996902
crossing_90_e_4,212,constant_velocity,0.8,13,0.3276113324179685
crossing_90_e_4,212,constant_velocity,1.2000000000000002,13,0.5946379013408846
crossing_90_e_4,212,constant_velocity,1.6,13,0.8505140061125923
crossing_90_e_4,212,constant_velocity,2.0,13,1.1698083347181998
crossing_90_e_4,212,constant_velocity,2.4000000000000004,13,1.4649249277447913
crossing_90_e_4,212,constant_velocity,2.8000000000000003,13,1.671681653336042
crossing_90_e_4,212,constant_velocity,3.2,13,1.8138025884193036
crossing_90_e_4,212,direct_mlp,0.4,13,0.14462579726919478
crossing_90_e_4,212,direct_mlp,0.8,13,0.21766548159727156
crossing_90_e_4,212,direct_mlp,1.2000000000000002,13,0.36441919656415356
crossing_90_e_4,212,direct_mlp,1.6,13,0.5412228727156487
crossing_90_e_4,212,direct_mlp,2.0,13,0.7428839720929853
crossing_90_e_4,212,direct_mlp,2.4000000000000004,13,0.9758856680099933
crossing_90_e_4,212,direct_mlp,2.8000000000000003,13,1.1635433598925542
crossing_90_e_4,212,direct_mlp,3.2,13,1.4258132876798284
crossing_90_e_4,212,direct_routed_control,0.4,13,0.1448513367500915
crossing_90_e_4,212,direct_routed_control,0.8,13,0.21698071881271713
crossing_90_e_4,212,direct_routed_control,1.2000000000000002,13,0.3635062545329953
crossing_90_e_4,212,direct_routed_control,1.6,13,0.5397193960058314
crossing_90_e_4,212,direct_routed_control,2.0,13,0.740806056410521
crossing_90_e_4,212,direct_routed_control,2.4000000000000004,13,0.9735701194290153
crossing_90_e_4,212,direct_routed_control,2.8000000000000003,13,1.1600101093766366
crossing_90_e_4,212,direct_routed_control,3.2,13,1.4216230278553728
crossing_90_e_4,212,tensor_prior,0.4,13,0.13839517280148156
crossing_90_e_4,212,tensor_prior,0.8,13,0.24119991081458605
crossing_90_e_4,212,tensor_prior,1.2000000000000002,13,0.40257374477991775
crossing_90_e_4,212,tensor_prior,1.6,13,0.5699338192926698
crossing_90_e_4,212,tensor_prior,2.0,13,0.7781709100437536
crossing_90_e_4,212,tensor_prior,2.4000000000000004,13,1.0118428347965769
crossing_90_e_4,212,tensor_prior,2.8000000000000003,13,1.1677976746201837
crossing_90_e_4,212,tensor_prior,3.2,13,1.281256514586285
crossing_90_e_4,212,gel_ped,0.4,13,0.14138068741262028
crossing_90_e_4,212,gel_ped,0.8,13,0.23537696418327225
crossing_90_e_4,212,gel_ped,1.2000000000000002,13,0.38737797905480653
crossing_90_e_4,212,gel_ped,1.6,13,0.5518724836812999
crossing_90_e_4,212,gel_ped,2.0,13,0.7450845568452737
crossing_90_e_4,212,gel_ped,2.4000000000000004,13,0.9490486775287661
crossing_90_e_4,212,gel_ped,2.8000000000000003,13,1.1087135481079913
crossing_90_e_4,212,gel_ped,3.2,13,1.2620924355084848
crossing_90_e_4,252,constant_velocity,0.4,19,0.12213687757410775
crossing_90_e_4,252,constant_velocity,0.8,19,0.29338404364298865
crossing_90_e_4,252,constant_velocity,1.2000000000000002,19,0.4971763951041293
crossing_90_e_4,252,constant_velocity,1.6,19,0.71768105022443
crossing_90_e_4,252,constant_velocity,2.0,19,0.9516125130139784
crossing_90_e_4,252,constant_velocity,2.4000000000000004,19,1.1745246203125153
crossing_90_e_4,252,constant_velocity,2.8000000000000003,19,1.3522157935594517
crossing_90_e_4,252,constant_velocity,3.2,19,1.5107128486908623
crossing_90_e_4,252,direct_mlp,0.4,19,0.09903921089486267
crossing_90_e_4,252,direct_mlp,0.8,19,0.21433775293951637
crossing_90_e_4,252,direct_mlp,1.2000000000000002,19,0.34018087273704106
crossing_90_e_4,252,direct_mlp,1.6,19,0.5274185028659641
crossing_90_e_4,252,direct_mlp,2.0,19,0.8038779387862063
crossing_90_e_4,252,direct_mlp,2.4000000000000004,19,1.1439199988438957
crossing_90_e_4,252,direct_mlp,2.8000000000000003,19,1.5308899876585509
crossing_90_e_4,252,direct_mlp,3.2,19,1.9297899531364422
crossing_90_e_4,252,direct_routed_control,0.4,19,0.09899302815232074
crossing_90_e_4,252,direct_routed_control,0.8,19,0.21370606990198207
crossing_90_e_4,252,direct_routed_control,1.2000000000000002,19,0.33888916124513735
crossing_90_e_4,252,direct_routed_control,1.6,19,0.5256264983551019
crossing_90_e_4,252,direct_routed_control,2.0,19,0.7997652310769183
crossing_90_e_4,252,direct_routed_control,2.4000000000000004,19,1.1385403725870578
crossing_90_e_4,252,direct_routed_control,2.8000000000000003,19,1.5229603199919766
crossing_90_e_4,252,direct_routed_control,3.2,19,1.9201880479270934
crossing_90_e_4,252,tensor_prior,0.4,19,0.09285130406012748
crossing_90_e_4,252,tensor_prior,0.8,19,0.23548917753264753
crossing_90_e_4,252,tensor_prior,1.2000000000000002,19,0.35767857694374217
crossing_90_e_4,252,tensor_prior,1.6,19,0.5321516501757606
crossing_90_e_4,252,tensor_prior,2.0,19,0.7351217137488533
crossing_90_e_4,252,tensor_prior,2.4000000000000004,19,0.9253391559903615
crossing_90_e_4,252,tensor_prior,2.8000000000000003,19,1.1135878911048729
crossing_90_e_4,252,tensor_prior,3.2,19,1.297265996708541
crossing_90_e_4,252,gel_ped,0.4,19,0.10066431401215152
crossing_90_e_4,252,gel_ped,0.8,19,0.22944658062633932
crossing_90_e_4,252,gel_ped,1.2000000000000002,19,0.3341561256903275
crossing_90_e_4,252,gel_ped,1.6,19,0.5019761844621657
crossing_90_e_4,252,gel_ped,2.0,19,0.7072674188754665
crossing_90_e_4,252,gel_ped,2.4000000000000004,19,0.9142913650625984
crossing_90_e_4,252,gel_ped,2.8000000000000003,19,1.1525241212868733
crossing_90_e_4,252,gel_ped,3.2,19,1.436400992851075
crossing_90_e_4,292,constant_velocity,0.4,13,0.14284427592248747
crossing_90_e_4,292,constant_velocity,0.8,13,0.3120715068810718
crossing_90_e_4,292,constant_velocity,1.2000000000000002,13,0.5719820385983241
crossing_90_e_4,292,constant_velocity,1.6,13,0.8463338465729635
crossing_90_e_4,292,constant_velocity,2.0,13,1.0712320222242613
crossing_90_e_4,292,constant_velocity,2.4000000000000004,13,1.3182516261157533
crossing_90_e_4,292,constant_velocity,2.8000000000000003,13,1.5199516581137569
crossing_90_e_4,292,constant_velocity,3.2,13,1.6931122763916897
crossing_90_e_4,292,direct_mlp,0.4,13,0.12147966084405513
crossing_90_e_4,292,direct_mlp,0.8,13,0.22442905740251745
crossing_90_e_4,292,direct_mlp,1.2000000000000002,13,0.42727117185883423
crossing_90_e_4,292,direct_mlp,1.6,13,0.6320740862230019
crossing_90_e_4,292,direct_mlp,2.0,13,0.8404874873457536
crossing_90_e_4,292,direct_mlp,2.4000000000000004,13,1.1014489729796157
crossing_90_e_4,292,direct_mlp,2.8000000000000003,13,1.3487499784870773
crossing_90_e_4,292,direct_mlp,3.2,13,1.5842765835676231
crossing_90_e_4,292,direct_routed_control,0.4,13,0.12108592677834122
crossing_90_e_4,292,direct_routed_control,0.8,13,0.22349357319589652
crossing_90_e_4,292,direct_routed_control,1.2000000000000002,13,0.42532114305119084
crossing_90_e_4,292,direct_routed_control,1.6,13,0.6295680963005859
crossing_90_e_4,292,direct_routed_control,2.0,13,0.8369630554264558
crossing_90_e_4,292,direct_routed_control,2.4000000000000004,13,1.0973724480531548
crossing_90_e_4,292,direct_routed_control,2.8000000000000003,13,1.3432953410521467
crossing_90_e_4,292,direct_routed_control,3.2,13,1.5769932335648789
crossing_90_e_4,292,tensor_prior,0.4,13,0.1264550501998113
crossing_90_e_4,292,tensor_prior,0.8,13,0.24879656934205016
crossing_90_e_4,292,tensor_prior,1.2000000000000002,13,0.4398369416117707
crossing_90_e_4,292,tensor_prior,1.6,13,0.6362495074736643
crossing_90_e_4,292,tensor_prior,2.0,13,0.816816960641713
crossing_90_e_4,292,tensor_prior,2.4000000000000004,13,1.042513393532682
crossing_90_e_4,292,tensor_prior,2.8000000000000003,13,1.238978904160407
crossing_90_e_4,292,tensor_prior,3.2,13,1.394101096862132
crossing_90_e_4,292,gel_ped,0.4,13,0.13075564347651675
crossing_90_e_4,292,gel_ped,0.8,13,0.25636315243050706
crossing_90_e_4,292,gel_ped,1.2000000000000002,13,0.4505502248070951
crossing_90_e_4,292,gel_ped,1.6,13,0.6415769636003953
crossing_90_e_4,292,gel_ped,2.0,13,0.810468324018301
crossing_90_e_4,292,gel_ped,2.4000000000000004,13,1.0506201809685414
crossing_90_e_4,292,gel_ped,2.8000000000000003,13,1.2556947845208173
crossing_90_e_4,292,gel_ped,3.2,13,1.437057788589211
crossing_90_e_4,332,constant_velocity,0.4,14,0.188537204671561
crossing_90_e_4,332,constant_velocity,0.8,14,0.39936557472715245
crossing_90_e_4,332,constant_velocity,1.2000000000000002,14,0.6540375559149453
crossing_90_e_4,332,constant_velocity,1.6,14,0.9090020982454536
crossing_90_e_4,332,constant_velocity,2.0,14,1.0984095650860533
crossing_90_e_4,332,constant_velocity,2.4000000000000004,14,1.2902608421401747
crossing_90_e_4,332,constant_velocity,2.8000000000000003,14,1.4032924784969514
crossing_90_e_4,332,constant_velocity,3.2,14,1.5400204936698825
crossing_90_e_4,332,direct_mlp,0.4,14,0.17494346556805446
crossing_90_e_4,332,direct_mlp,0.8,14,0.3469645816350865
crossing_90_e_4,332,direct_mlp,1.2000000000000002,14,0.5253625653033215
crossing_90_e_4,332,direct_mlp,1.6,14,0.6845469127996914
crossing_90_e_4,332,direct_mlp,2.0,14,0.826144331912977
crossing_90_e_4,332,direct_mlp,2.4000000000000004,14,0.9876112724396551
crossing_90_e_4,332,direct_mlp,2.8000000000000003,14,1.127134735492632
crossing_90_e_4,332,direct_mlp,3.2,14,1.3348269164239999
crossing_90_e_4,332,direct_routed_control,0.4,14,0.17465167678219135
crossing_90_e_4,332,direct_routed_control,0.8,14,0.3459965306994487
crossing_90_e_4,332,direct_routed_control,1.2000000000000002,14,0.5236635166674632
crossing_90_e_4,332,direct_routed_control,1.6,14,0.6823677152972634
crossing_90_e_4,332,direct_routed_control,2.0,14,0.8221078897029319
crossing_90_e_4,332,direct_routed_control,2.4000000000000004,14,0.9835642551025339
crossing_90_e_4,332,direct_routed_control,2.8000000000000003,14,1.1212044596898512
crossing_90_e_4,332,direct_routed_control,3.2,14,1.3288957968265023
crossing_90_e_4,332,tensor_prior,0.4,14,0.16579223716612396
crossing_90_e_4,332,tensor_prior,0.8,14,0.329943990950924
crossing_90_e_4,332,tensor_prior,1.2000000000000002,14,0.5076800299016808
crossing_90_e_4,332,tensor_prior,1.6,14,0.6824892993691914
crossing_90_e_4,332,tensor_prior,2.0,14,0.8034424181229175
crossing_90_e_4,332,tensor_prior,2.4000000000000004,14,0.9312927254263835
crossing_90_e_4,332,tensor_prior,2.8000000000000003,14,0.9956688947264863
crossing_90_e_4,332,tensor_prior,3.2,14,1.1037678360459882
crossing_90_e_4,332,gel_ped,0.4,14,0.18715580235233956
crossing_90_e_4,332,gel_ped,0.8,14,0.3774051153901275
crossing_90_e_4,332,gel_ped,1.2000000000000002,14,0.5823583044100914
crossing_90_e_4,332,gel_ped,1.6,14,0.7765249338358297
crossing_90_e_4,332,gel_ped,2.0,14,0.9158364262739447
crossing_90_e_4,332,gel_ped,2.4000000000000004,14,1.0611275440580703
crossing_90_e_4,332,gel_ped,2.8000000000000003,14,1.1078664152216924
crossing_90_e_4,332,gel_ped,3.2,14,1.2163895540027436
crossing_90_e_4,372,constant_velocity,0.4,18,0.12293687176216252
crossing_90_e_4,372,constant_velocity,0.8,18,0.22589380740856294
crossing_90_e_4,372,constant_velocity,1.2000000000000002,18,0.43474930137161816
crossing_90_e_4,372,constant_velocity,1.6,18,0.7047631913438865
crossing_90_e_4,372,constant_velocity,2.0,18,0.9722241750695145
crossing_90_e_4,372,constant_velocity,2.4000000000000004,18,1.2146762155264246
crossing_90_e_4,372,constant_velocity,2.8000000000000003,18,1.4489239900224489
crossing_90_e_4,372,constant_velocity,3.2,18,1.6257227663839586
crossing_90_e_4,372,direct_mlp,0.4,18,0.10652215424719874
crossing_90_e_4,372,direct_mlp,0.8,18,0.21884999843691194
crossing_90_e_4,372,direct_mlp,1.2000000000000002,18,0.37508151390405703
crossing_90_e_4,372,direct_mlp,1.6,18,0.5591846970663287
crossing_90_e_4,372,direct_mlp,2.0,18,0.7143038958667964
crossing_90_e_4,372,direct_mlp,2.4000000000000004,18,0.8683220028964905
crossing_90_e_4,372,direct_mlp,2.8000000000000003,18,1.096956648197256
crossing_90_e_4,372,direct_mlp,3.2,18,1.311079586685641
crossing_90_e_4,372,direct_routed_control,0.4,18,0.10660993306188776
crossing_90_e_4,372,direct_routed_control,0.8,18,0.21876667531043945
crossing_90_e_4,372,direct_routed_control,1.2000000000000002,18,0.37502378979907264
crossing_90_e_4,372,direct_routed_control,1.6,18,0.5591123112132367
crossing_90_e_4,372,direct_routed_control,2.0,18,0.7136503357744715
crossing_90_e_4,372,direct_routed_control,2.4000000000000004,18,0.8654470017344867
crossing_90_e_4,372,direct_routed_control,2.8000000000000003,18,1.0939117241332434
crossing_90_e_4,372,direct_routed_control,3.2,18,1.307149059039772
crossing_90_e_4,372,tensor_prior,0.4,18,0.10864999425536653
crossing_90_e_4,372,tensor_prior,0.8,18,0.2460032981832134
crossing_90_e_4,372,tensor_prior,1.2000000000000002,18,0.4148558591844971
crossing_90_e_4,372,tensor_prior,1.6,18,0.6310637576618201
crossing_90_e_4,372,tensor_prior,2.0,18,0.811353942139201
crossing_90_e_4,372,tensor_prior,2.4000000000000004,18,0.9588234834186776
crossing_90_e_4,372,tensor_prior,2.8000000000000003,18,1.1331379458701596
crossing_90_e_4,372,tensor_prior,3.2,18,1.2771509093464468
crossing_90_e_4,372,gel_ped,0.4,18,0.1019816985691995
crossing_90_e_4,372,gel_ped,0.8,18,0.20310489915240112
crossing_90_e_4,372,gel_ped,1.2000000000000002,18,0.3473295695117205
crossing_90_e_4,372,gel_ped,1.6,18,0.5616995734361354
crossing_90_e_4,372,gel_ped,2.0,18,0.7289987140882124
crossing_90_e_4,372,gel_ped,2.4000000000000004,18,0.8745101396039324
crossing_90_e_4,372,gel_ped,2.8000000000000003,18,1.0445073707873531
crossing_90_e_4,372,gel_ped,3.2,18,1.193595909637876
crossing_90_e_4,412,constant_velocity,0.4,22,0.13126355212290144
crossing_90_e_4,412,constant_velocity,0.8,22,0.2569162620784431
crossing_90_e_4,412,constant_velocity,1.2000000000000002,22,0.44590972887011837
crossing_90_e_4,412,constant_velocity,1.6,22,0.6258713497927346
crossing_90_e_4,412,constant_velocity,2.0,22,0.8165040451303555
crossing_90_e_4,412,constant_velocity,2.4000000000000004,22,1.0389654415787344
crossing_90_e_4,412,constant_velocity,2.8000000000000003,22,1.2875689494638638
crossing_90_e_4,412,constant_velocity,3.2,22,1.4910084529164138
crossing_90_e_4,412,direct_mlp,0.4,22,0.11748446226242702
crossing_90_e_4,412,direct_mlp,0.8,22,0.1978765334017316
crossing_90_e_4,412,direct_mlp,1.2000000000000002,22,0.3512333360169111
crossing_90_e_4,412,direct_mlp,1.6,22,0.48539774099992755
crossing_90_e_4,412,direct_mlp,2.0,22,0.6234276632906355
crossing_90_e_4,412,direct_mlp,2.4000000000000004,22,0.8048044897912674
crossing_90_e_4,412,direct_mlp,2.8000000000000003,22,0.9718510726481662
crossing_90_e_4,412,direct_mlp,3.2,22,1.1885944531935788
crossing_90_e_4,412,direct_routed_control,0.4,22,0.1174357264567105
crossing_90_e_4,412,direct_routed_control,0.8,22,0.19755824421176502
crossing_90_e_4,412,direct_routed_control,1.2000000000000002,22,0.35102133098384103
crossing_90_e_4,412,direct_routed_control,1.6,22,0.4851286927032566
crossing_90_e_4,412,direct_routed_control,2.0,22,0.6226460799794634
crossing_90_e_4,412,direct_routed_control,2.4000000000000004,22,0.8033461986653326
crossing_90_e_4,412,direct_routed_control,2.8000000000000003,22,0.9696803104345026
crossing_90_e_4,412,direct_routed_control,3.2,22,1.1861087682096165
crossing_90_e_4,412,tensor_prior,0.4,22,0.13407916321665472
crossing_90_e_4,412,tensor_prior,0.8,22,0.23219131394583806
crossing_90_e_4,412,tensor_prior,1.2000000000000002,22,0.4171207575066907
crossing_90_e_4,412,tensor_prior,1.6,22,0.5469349613878315
crossing_90_e_4,412,tensor_prior,2.0,22,0.6999648680191194
crossing_90_e_4,412,tensor_prior,2.4000000000000004,22,0.8377318097685944
crossing_90_e_4,412,tensor_prior,2.8000000000000003,22,0.9587369024903033
crossing_90_e_4,412,tensor_prior,3.2,22,1.0606820070917882
crossing_90_e_4,412,gel_ped,0.4,22,0.11840170301979519
crossing_90_e_4,412,gel_ped,0.8,22,0.20244077687917575
crossing_90_e_4,412,gel_ped,1.2000000000000002,22,0.35927351121920537
crossing_90_e_4,412,gel_ped,1.6,22,0.48471380398369385
crossing_90_e_4,412,gel_ped,2.0,22,0.6263869049527134
crossing_90_e_4,412,gel_ped,2.4000000000000004,22,0.7490329224227928
crossing_90_e_4,412,gel_ped,2.8000000000000003,22,0.88243895502842
crossing_90_e_4,412,gel_ped,3.2,22,1.028927126138148
crossing_90_e_4,452,constant_velocity,0.4,25,0.1472009777109551
crossing_90_e_4,452,constant_velocity,0.8,25,0.2851708935030412
crossing_90_e_4,452,constant_velocity,1.2000000000000002,25,0.5017415555379785
crossing_90_e_4,452,constant_velocity,1.6,25,0.702565344220294
crossing_90_e_4,452,constant_velocity,2.0,25,0.9158236680861808
crossing_90_e_4,452,constant_velocity,2.4000000000000004,25,1.1329668231993681
crossing_90_e_4,452,constant_velocity,2.8000000000000003,25,1.3173239465971986
crossing_90_e_4,452,constant_velocity,3.2,25,1.4916234511583435
crossing_90_e_4,452,direct_mlp,0.4,25,0.13868441368882142
crossing_90_e_4,452,direct_mlp,0.8,25,0.23326000256697377
crossing_90_e_4,452,direct_mlp,1.2000000000000002,25,0.3634660919435819
crossing_90_e_4,452,direct_mlp,1.6,25,0.5069003994481933
crossing_90_e_4,452,direct_mlp,2.0,25,0.6649980679240413
crossing_90_e_4,452,direct_mlp,2.4000000000000004,25,0.8539841513287789
crossing_90_e_4,452,direct_mlp,2.8000000000000003,25,1.043928358884572
crossing_90_e_4,452,direct_mlp,3.2,25,1.2390851163791465
crossing_90_e_4,452,direct_routed_control,0.4,25,0.13855166159322901
crossing_90_e_4,452,direct_routed_control,0.8,25,0.2330719716055434
crossing_90_e_4,452,direct_routed_control,1.2000000000000002,25,0.36374970347723606
crossing_90_e_4,452,direct_routed_control,1.6,25,0.5070562995653678
crossing_90_e_4,452,direct_routed_control,2.0,25,0.6646895150556057
crossing_90_e_4,452,direct_routed_control,2.4000000000000004,25,0.8530961010236022
crossing_90_e_4,452,direct_routed_control,2.8000000000000003,25,1.0419449693947491
crossing_90_e_4,452,direct_routed_control,3.2,25,1.2357276107198572
crossing_90_e_4,452,tensor_prior,0.4,25,0.14069243083886568
crossing_90_e_4,452,tensor_prior,0.8,25,0.24135119468471986
crossing_90_e_4,452,tensor_prior,1.2000000000000002,25,0.400532408085113
crossing_90_e_4,452,tensor_prior,1.6,25,0.5544974360656298
crossing_90_e_4,452,tensor_prior,2.0,25,0.7236296005410542
crossing_90_e_4,452,tensor_prior,2.4000000000000004,25,0.8977254710426924
crossing_90_e_4,452,tensor_prior,2.8000000000000003,25,1.0556950127550995
crossing_90_e_4,452,tensor_prior,3.2,25,1.1902695268753762
crossing_90_e_4,452,gel_ped,0.4,25,0.13419209678723648
crossing_90_e_4,452,gel_ped,0.8,25,0.23099445531444598
crossing_90_e_4,452,gel_ped,1.2000000000000002,25,0.3690486869699503
crossing_90_e_4,452,gel_ped,1.6,25,0.5099484201796407
crossing_90_e_4,452,gel_ped,2.0,25,0.6576964455881823
crossing_90_e_4,452,gel_ped,2.4000000000000004,25,0.8322190052983933
crossing_90_e_4,452,gel_ped,2.8000000000000003,25,0.9912692796198728
crossing_90_e_4,452,gel_ped,3.2,25,1.1556581567186797
crossing_90_e_4,492,constant_velocity,0.4,35,0.16110409391561256
crossing_90_e_4,492,constant_velocity,0.8,35,0.25557231299118544
crossing_90_e_4,492,constant_velocity,1.2000000000000002,35,0.44843294083118906
crossing_90_e_4,492,constant_velocity,1.6,35,0.5912688257686705
crossing_90_e_4,492,constant_velocity,2.0,35,0.7310497209426371
crossing_90_e_4,492,constant_velocity,2.4000000000000004,35,0.8853997738925081
crossing_90_e_4,492,constant_velocity,2.8000000000000003,35,1.061553435529434
crossing_90_e_4,492,constant_velocity,3.2,35,1.2670189622016177
crossing_90_e_4,492,direct_mlp,0.4,35,0.14018502365897345
crossing_90_e_4,492,direct_mlp,0.8,35,0.2052012066469285
crossing_90_e_4,492,direct_mlp,1.2000000000000002,35,0.331560693466199
crossing_90_e_4,492,direct_mlp,1.6,35,0.43846487219089686
crossing_90_e_4,492,direct_mlp,2.0,35,0.5464910513859214
crossing_90_e_4,492,direct_mlp,2.4000000000000004,35,0.6792369024127628
crossing_90_e_4,492,direct_mlp,2.8000000000000003,35,0.8193056080093833
crossing_90_e_4,492,direct_mlp,3.2,35,0.9784593600382099
crossing_90_e_4,492,direct_routed_control,0.4,35,0.1403383896783583
crossing_90_e_4,492,direct_routed_control,0.8,35,0.20554011061824085
crossing_90_e_4,492,direct_routed_control,1.2000000000000002,35,0.3324510038744853
crossing_90_e_4,492,direct_routed_control,1.6,35,0.4396155261683404
crossing_90_e_4,492,direct_routed_control,2.0,35,0.5478183027245681
crossing_90_e_4,492,direct_routed_control,2.4000000000000004,35,0.6805392131131764
crossing_90_e_4,492,direct_routed_control,2.8000000000000003,35,0.8207922802620913
crossing_90_e_4,492,direct_routed_control,3.2,35,0.9799485170681761
crossing_90_e_4,492,tensor_prior,0.4,35,0.13721075245344794
crossing_90_e_4,492,tensor_prior,0.8,35,0.2166414701224514
crossing_90_e_4,492,tensor_prior,1.2000000000000002,35,0.35964782804679535
crossing_90_e_4,492,tensor_prior,1.6,35,0.4621655247008342
crossing_90_e_4,492,tensor_prior,2.0,35,0.5614369061458463
crossing_90_e_4,492,tensor_prior,2.4000000000000004,35,0.6683708311781509
crossing_90_e_4,492,tensor_prior,2.8000000000000003,35,0.7853761819202812
crossing_90_e_4,492,tensor_prior,3.2,35,0.9191437932467841
crossing_90_e_4,492,gel_ped,0.4,35,0.13960823590743918
crossing_90_e_4,492,gel_ped,0.8,35,0.2051311997243609
crossing_90_e_4,492,gel_ped,1.2000000000000002,35,0.3380696154563938
crossing_90_e_4,492,gel_ped,1.6,35,0.43165296200127545
crossing_90_e_4,492,gel_ped,2.0,35,0.5260262538966277
crossing_90_e_4,492,gel_ped,2.4000000000000004,35,0.6363472471059127
crossing_90_e_4,492,gel_ped,2.8000000000000003,35,0.7586586018707459
crossing_90_e_4,492,gel_ped,3.2,35,0.8957481218149786
crossing_90_e_4,532,constant_velocity,0.4,34,0.1644454312684166
crossing_90_e_4,532,constant_velocity,0.8,34,0.2320983614725749
crossing_90_e_4,532,constant_velocity,1.2000000000000002,34,0.3773637926714609
crossing_90_e_4,532,constant_velocity,1.6,34,0.5247859550885974
crossing_90_e_4,532,constant_velocity,2.0,34,0.6820082721011408
crossing_90_e_4,532,constant_velocity,2.4000000000000004,34,0.8592153012613181
crossing_90_e_4,532,constant_velocity,2.8000000000000003,34,1.041865818423757
crossing_90_e_4,532,constant_velocity,3.2,34,1.233182534821976
crossing_90_e_4,532,direct_mlp,0.4,34,0.13577991212661078
crossing_90_e_4,532,direct_mlp,0.8,34,0.1806598947786877
crossing_90_e_4,532,direct_mlp,1.2000000000000002,34,0.2759041746736754
crossing_90_e_4,532,direct_mlp,1.6,34,0.37788057408948417
crossing_90_e_4,532,direct_mlp,2.0,34,0.4847914543804259
crossing_90_e_4,532,direct_mlp,2.4000000000000004,34,0.6156620161319512
crossing_90_e_4,532,direct_mlp,2.8000000000000003,34,0.7525081671606965
crossing_90_e_4,532,direct_mlp,3.2,34,0.9174105070458554
crossing_90_e_4,532,direct_routed_control,0.4,34,0.13605628458626456
crossing_90_e_4,532,direct_routed_control,0.8,34,0.18084972684815245
crossing_90_e_4,532,direct_routed_control,1.2000000000000002,34,0.27605153551159733
crossing_90_e_4,532,direct_routed_control,1.6,34,0.37782960836181906
crossing_90_e_4,532,direct_routed_control,2.0,34,0.484542949015544
crossing_90_e_4,532,direct_routed_control,2.4000000000000004,34,0.6151978101180119
crossing_90_e_4,532,direct_routed_control,2.8000000000000003,34,0.7515209758917517
crossing_90_e_4,532,direct_routed_control,3.2,34,0.9157402661709345
crossing_90_e_4,532,tensor_prior,0.4,34,0.1306044683902947
crossing_90_e_4,532,tensor_prior,0.8,34,0.16612133103896934
crossing_90_e_4,532,tensor_prior,1.2000000000000002,34,0.2608248058050035
crossing_90_e_4,532,tensor_prior,1.6,34,0.3690826418590048
crossing_90_e_4,532,tensor_prior,2.0,34,0.46289320499363606
crossing_90_e_4,532,tensor_prior,2.4000000000000004,34,0.5930842139528419
crossing_90_e_4,532,tensor_prior,2.8000000000000003,34,0.7097062990321281
crossing_90_e_4,532,tensor_prior,3.2,34,0.8369085576165105
crossing_90_e_4,532,gel_ped,0.4,34,0.13283235833171744
crossing_90_e_4,532,gel_ped,0.8,34,0.17331309810298007
crossing_90_e_4,532,gel_ped,1.2000000000000002,34,0.26308286721864
crossing_90_e_4,532,gel_ped,1.6,34,0.35914372766535413
crossing_90_e_4,532,gel_ped,2.0,34,0.4584035029222815
crossing_90_e_4,532,gel_ped,2.4000000000000004,34,0.5827840173709196
crossing_90_e_4,532,gel_ped,2.8000000000000003,34,0.7081101141352121
crossing_90_e_4,532,gel_ped,3.2,34,0.8386406084981883
crossing_90_e_5,96,constant_velocity,0.4,4,0.09956927638488157
crossing_90_e_5,96,constant_velocity,0.8,4,0.1820742279001629
crossing_90_e_5,96,constant_velocity,1.2000000000000002,4,0.25686674659402
crossing_90_e_5,96,constant_velocity,1.6,4,0.43173925281974296
crossing_90_e_5,96,constant_velocity,2.0,4,0.5427421606429335
crossing_90_e_5,96,constant_velocity,2.4000000000000004,4,0.7418095042415797
crossing_90_e_5,96,constant_velocity,2.8000000000000003,4,0.880227443555785
crossing_90_e_5,96,constant_velocity,3.2,4,1.1027821879880337
crossing_90_e_5,96,direct_mlp,0.4,4,0.19110116504538488
crossing_90_e_5,96,direct_mlp,0.8,4,0.413826283285052
crossing_90_e_5,96,direct_mlp,1.2000000000000002,4,0.710108199962296
crossing_90_e_5,96,direct_mlp,1.6,4,1.0032847902770337
crossing_90_e_5,96,direct_mlp,2.0,4,1.3636148768283942
crossing_90_e_5,96,direct_mlp,2.4000000000000004,4,1.6516186374177257
crossing_90_e_5,96,direct_mlp,2.8000000000000003,4,1.949393213887342
crossing_90_e_5,96,direct_mlp,3.2,4,2.230913011514202
crossing_90_e_5,96,direct_routed_control,0.4,4,0.19338464181570794
crossing_90_e_5,96,direct_routed_control,0.8,4,0.41818646082173755
crossing_90_e_5,96,direct_routed_control,1.2000000000000002,4,0.7150282096013033
crossing_90_e_5,96,direct_routed_control,1.6,4,1.0075878864230658
crossing_90_e_5,96,direct_routed_control,2.0,4,1.3672441911320519
crossing_90_e_5,96,direct_routed_control,2.4000000000000004,4,1.654629370729582
crossing_90_e_5,96,direct_routed_control,2.8000000000000003,4,1.9519464953670016
crossing_90_e_5,96,direct_routed_control,3.2,4,2.2328919071339244
crossing_90_e_5,96,tensor_prior,0.4,4,0.07330517982260032
crossing_90_e_5,96,tensor_prior,0.8,4,0.10873241877813594
crossing_90_e_5,96,tensor_prior,1.2000000000000002,4,0.18241579858775633
crossing_90_e_5,96,tensor_prior,1.6,4,0.2890805297656115
crossing_90_e_5,96,tensor_prior,2.0,4,0.447594664209209
crossing_90_e_5,96,tensor_prior,2.4000000000000004,4,0.5536978667440534
crossing_90_e_5,96,tensor_prior,2.8000000000000003,4,0.6949912693885671
crossing_90_e_5,96,tensor_prior,3.2,4,0.8001904425649344
crossing_90_e_5,96,gel_ped,0.4,4,0.06431252271987233
crossing_90_e_5,96,gel_ped,0.8,4,0.09160135473685801
crossing_90_e_5,96,gel_ped,1.2000000000000002,4,0.16283243845200318
crossing_90_e_5,96,gel_ped,1.6,4,0.25841378614379984
crossing_90_e_5,96,gel_ped,2.0,4,0.4307054062546514
crossing_90_e_5,96,gel_ped,2.4000000000000004,4,0.53945244690915
crossing_90_e_5,96,gel_ped,2.8000000000000003,4,0.692464281080317
crossing_90_e_5,96,gel_ped,3.2,4,0.8260393700204742
crossing_90_e_5,136,constant_velocity,0.4,11,0.10808464961601422
crossing_90_e_5,136,constant_velocity,0.8,11,0.2146802395576931
crossing_90_e_5,136,constant_velocity,1.2000000000000002,11,0.42533203148399806
crossing_90_e_5,136,constant_velocity,1.6,11,0.5898250784507472
crossing_90_e_5,136,constant_velocity,2.0,11,0.6575276863428705
crossing_90_e_5,136,constant_velocity,2.4000000000000004,11,0.7036972568637392
crossing_90_e_5,136,constant_velocity,2.8000000000000003,11,0.8029962254185592
crossing_90_e_5,136,constant_velocity,3.2,11,0.8972691007552495
crossing_90_e_5,136,direct_mlp,0.4,11,0.16128254867741165
crossing_90_e_5,136,direct_mlp,0.8,11,0.29795251720532273
crossing_90_e_5,136,direct_mlp,1.2000000000000002,11,0.520259068476868
crossing_90_e_5,136,direct_mlp,1.6,11,0.7330929704625877
crossing_90_e_5,136,direct_mlp,2.0,11,0.9119012560784977
crossing_90_e_5,136,direct_mlp,2.4000000000000004,11,1.1322891614560122
crossing_90_e_5,136,direct_mlp,2.8000000000000003,11,1.3419572998601554
crossing_90_e_5,136,direct_mlp,3.2,11,1.6183855099663895
crossing_90_e_5,136,direct_routed_control,0.4,11,0.16203601306820348
crossing_90_e_5,136,direct_routed_control,0.8,11,0.2991152226902601
crossing_90_e_5,136,direct_routed_control,1.2000000000000002,11,0.520659177202274
crossing_90_e_5,136,direct_routed_control,1.6,11,0.7328811601831183
crossing_90_e_5,136,direct_routed_control,2.0,11,0.9105257281501523
crossing_90_e_5,136,direct_routed_control,2.4000000000000004,11,1.1299628126992747
crossing_90_e_5,136,direct_routed_control,2.8000000000000003,11,1.339215146007187
crossing_90_e_5,136,direct_routed_control,3.2,11,1.6159368827535843
crossing_90_e_5,136,tensor_prior,0.4,11,0.11611748943161752
crossing_90_e_5,136,tensor_prior,0.8,11,0.20940569379641608
crossing_90_e_5,136,tensor_prior,1.2000000000000002,11,0.38040311319810055
crossing_90_e_5,136,tensor_prior,1.6,11,0.5229102323998566
crossing_90_e_5,136,tensor_prior,2.0,11,0.5986478410223998
crossing_90_e_5,136,tensor_prior,2.4000000000000004,11,0.6720173146439166
crossing_90_e_5,136,tensor_prior,2.8000000000000003,11,0.6907003225733802
crossing_90_e_5,136,tensor_prior,3.2,11,0.8221921315493957
crossing_90_e_5,136,gel_ped,0.4,11,0.11993604402324504
crossing_90_e_5,136,gel_ped,0.8,11,0.22312406891060002
crossing_90_e_5,136,gel_ped,1.2000000000000002,11,0.4143676506905264
crossing_90_e_5,136,gel_ped,1.6,11,0.5905654792632252
crossing_90_e_5,136,gel_ped,2.0,11,0.7074062154161227
crossing_90_e_5,136,gel_ped,2.4000000000000004,11,0.7848436819219228
crossing_90_e_5,136,gel_ped,2.8000000000000003,11,0.8312400437304734
crossing_90_e_5,136,gel_ped,3.2,11,0.984812817540137
crossing_90_e_5,176,constant_velocity,0.4,19,0.14458383540911762
crossing_90_e_5,176,constant_velocity,0.8,19,0.300206874248488
crossing_90_e_5,176,constant_velocity,1.2000000000000002,19,0.553479019347511
crossing_90_e_5,176,constant_velocity,1.6,19,0.7813025070369733
crossing_90_e_5,176,constant_velocity,2.0,19,1.0259490007050753
crossing_90_e_5,176,constant_velocity,2.4000000000000004,19,1.2828350180507122
crossing_90_e_5,176,constant_velocity,2.8000000000000003,19,1.4924743100184756
crossing_90_e_5,176,constant_velocity,3.2,19,1.6886592391758286
crossing_90_e_5,176,direct_mlp,0.4,19,0.1390668573393877
crossing_90_e_5,176,direct_mlp,0.8,19,0.2715582198322836
crossing_90_e_5,176,direct_mlp,1.2000000000000002,19,0.4839873176606274
crossing_90_e_5,176,direct_mlp,1.6,19,0.6853267876059108
crossing_90_e_5,176,direct_mlp,2.0,19,0.9095372339757622
crossing_90_e_5,176,direct_mlp,2.4000000000000004,19,1.0906637312934115
crossing_90_e_5,176,direct_mlp,2.8000000000000003,19,1.2691418407040396
crossing_90_e_5,176,direct_mlp,3.2,19,1.4373444675962659
crossing_90_e_5,176,direct_routed_control,0.4,19,0.13929990495907124
crossing_90_e_5,176,direct_routed_control,0.8,19,0.27148741202397814
crossing_90_e_5,176,direct_routed_control,1.2000000000000002,19,0.48418077155764633
crossing_90_e_5,176,direct_routed_control,1.6,19,0.6853429259415798
crossing_90_e_5,176,direct_routed_control,2.0,19,0.9089379579309429
crossing_90_e_5,176,direct_routed_control,2.4000000000000004,19,1.0889049271115625
crossing_90_e_5,176,direct_routed_control,2.8000000000000003,19,1.2656993660175075
crossing_90_e_5,176,direct_routed_control,3.2,19,1.4321682941411127
crossing_90_e_5,176,tensor_prior,0.4,19,0.12332471162798679
crossing_90_e_5,176,tensor_prior,0.8,19,0.24627713930565412
crossing_90_e_5,176,tensor_prior,1.2000000000000002,19,0.44985342601132244
crossing_90_e_5,176,tensor_prior,1.6,19,0.6333577053571043
crossing_90_e_5,176,tensor_prior,2.0,19,0.8415143044233121
crossing_90_e_5,176,tensor_prior,2.4000000000000004,19,1.006101963872073
crossing_90_e_5,176,tensor_prior,2.8000000000000003,19,1.119404073433603
crossing_90_e_5,176,tensor_prior,3.2,19,1.1922573481845957
crossing_90_e_5,176,gel_ped,0.4,19,0.12796363928935242
crossing_90_e_5,176,gel_ped,0.8,19,0.2538143776052204
crossing_90_e_5,176,gel_ped,1.2000000000000002,19,0.4548850024169809
crossing_90_e_5,176,gel_ped,1.6,19,0.6288524620255592
crossing_90_e_5,176,gel_ped,2.0,19,0.8154250831893208
crossing_90_e_5,176,gel_ped,2.4000000000000004,19,0.9573451971537374
crossing_90_e_5,176,gel_ped,2.8000000000000003,19,1.0711203103653144
crossing_90_e_5,176,gel_ped,3.2,19,1.1542005284646475
crossing_90_e_5,216,constant_velocity,0.4,26,0.1408442783619466
crossing_90_e_5,216,constant_velocity,0.8,26,0.27435885492493584
crossing_90_e_5,216,constant_velocity,1.2000000000000002,26,0.4886120157253048
crossing_90_e_5,216,constant_velocity,1.6,26,0.7109255578977021
crossing_90_e_5,216,constant_velocity,2.0,26,0.9653606291180385
crossing_90_e_5,216,constant_velocity,2.4000000000000004,26,1.20745856659109
crossing_90_e_5,216,constant_velocity,2.8000000000000003,26,1.4891170190056795
crossing_90_e_5,216,constant_velocity,3.2,26,1.7417033231382164
crossing_90_e_5,216,direct_mlp,0.4,26,0.13433307605494013
crossing_90_e_5,216,direct_mlp,0.8,26,0.23678628812361205
crossing_90_e_5,216,direct_mlp,1.2000000000000002,26,0.3847791648249573
crossing_90_e_5,216,direct_mlp,1.6,26,0.5245259096123562
crossing_90_e_5,216,direct_mlp,2.0,26,0.701929598601536
crossing_90_e_5,216,direct_mlp,2.4000000000000004,26,0.8754300374717221
crossing_90_e_5,216,direct_mlp,2.8000000000000003,26,1.036893584254628
crossing_90_e_5,216,direct_mlp,3.2,26,1.2369737450465121
crossing_90_e_5,216,direct_routed_control,0.4,26,0.13425647964662787
crossing_90_e_5,216,direct_routed_control,0.8,26,0.2368300005063159
crossing_90_e_5,216,direct_routed_control,1.2000000000000002,26,0.38489040779226497
crossing_90_e_5,216,direct_routed_control,1.6,26,0.5243010405435926
crossing_90_e_5,216,direct_routed_control,2.0,26,0.7014066937532075
crossing_90_e_5,216,direct_routed_control,2.4000000000000004,26,0.8739472357633935
crossing_90_e_5,216,direct_routed_control,2.8000000000000003,26,1.03494388190504
crossing_90_e_5,216,direct_routed_control,3.2,26,1.2345496442507269
crossing_90_e_5,216,tensor_prior,0.4,26,0.1328046202606754
crossing_90_e_5,216,tensor_prior,0.8,26,0.24639211174896086
crossing_90_e_5,216,tensor_prior,1.2000000000000002,26,0.39694860196587584
crossing_90_e_5,216,tensor_prior,1.6,26,0.5462833275777638
crossing_90_e_5,216,tensor_prior,2.0,26,0.7235431257977685
crossing_90_e_5,216,tensor_prior,2.4000000000000004,26,0.8893818426610831
crossing_90_e_5,216,tensor_prior,2.8000000000000003,26,1.059107747010596
crossing_90_e_5,216,tensor_prior,3.2,26,1.2235496991693866
crossing_90_e_5,216,gel_ped,0.4,26,0.13650851920873086
crossing_90_e_5,216,gel_ped,0.8,26,0.25158026511153264
crossing_90_e_5,216,gel_ped,1.2000000000000002,26,0.40805849853765164
crossing_90_e_5,216,gel_ped,1.6,26,0.5464334049495474
crossing_90_e_5,216,gel_ped,2.0,26,0.7129016672009475
crossing_90_e_5,216,gel_ped,2.4000000000000004,26,0.8615308474857941
crossing_90_e_5,216,gel_ped,2.8000000000000003,26,1.0225908041203746
crossing_90_e_5,216,gel_ped,3.2,26,1.173866129432556
crossing_90_e_5,256,constant_velocity,0.4,36,0.1627580531527231
crossing_90_e_5,256,constant_velocity,0.8,36,0.30361424529122855
crossing_90_e_5,256,constant_velocity,1.2000000000000002,36,0.5315014293699375
crossing_90_e_5,256,constant_velocity,1.6,36,0.7544236964766884
crossing_90_e_5,256,constant_velocity,2.0,36,1.0111680191710128
crossing_90_e_5,256,constant_velocity,2.4000000000000004,36,1.2696151204932584
crossing_90_e_5,256,constant_velocity,2.8000000000000003,36,1.5477668831308866
crossing_90_e_5,256,constant_velocity,3.2,36,1.8231937276152033
crossing_90_e_5,256,direct_mlp,0.4,36,0.13663403746352915
crossing_90_e_5,256,direct_mlp,0.8,36,0.2577484214351996
crossing_90_e_5,256,direct_mlp,1.2000000000000002,36,0.4109408471659447
crossing_90_e_5,256,direct_mlp,1.6,36,0.5988669079673814
crossing_90_e_5,256,direct_mlp,2.0,36,0.7998732765844262
crossing_90_e_5,256,direct_mlp,2.4000000000000004,36,1.0238756410443597
crossing_90_e_5,256,direct_mlp,2.8000000000000003,36,1.2571306887453593
crossing_90_e_5,256,direct_mlp,3.2,36,1.4932548470330664
crossing_90_e_5,256,direct_routed_control,0.4,36,0.1367000608749057
crossing_90_e_5,256,direct_routed_control,0.8,36,0.2576879388757653
crossing_90_e_5,256,direct_routed_control,1.2000000000000002,36,0.41085422784801623
crossing_90_e_5,256,direct_routed_control,1.6,36,0.5986023619883922
crossing_90_e_5,256,direct_routed_control,2.0,36,0.7994951220377489
crossing_90_e_5,256,direct_routed_control,2.4000000000000004,36,1.022779125219186
crossing_90_e_5,256,direct_routed_control,2.8000000000000003,36,1.255361583165631
crossing_90_e_5,256,direct_routed_control,3.2,36,1.4907400009656901
crossing_90_e_5,256,tensor_prior,0.4,36,0.14423402010362713
crossing_90_e_5,256,tensor_prior,0.8,36,0.26844320210987005
crossing_90_e_5,256,tensor_prior,1.2000000000000002,36,0.448638052380421
crossing_90_e_5,256,tensor_prior,1.6,36,0.6426587011460732
crossing_90_e_5,256,tensor_prior,2.0,36,0.8641580887435771
crossing_90_e_5,256,tensor_prior,2.4000000000000004,36,1.0590261274713222
crossing_90_e_5,256,tensor_prior,2.8000000000000003,36,1.257632762148391
crossing_90_e_5,256,tensor_prior,3.2,36,1.432410983287605
crossing_90_e_5,256,gel_ped,0.4,36,0.1424714632350547
crossing_90_e_5,256,gel_ped,0.8,36,0.26814436260593477
crossing_90_e_5,256,gel_ped,1.2000000000000002,36,0.42537120704222803
crossing_90_e_5,256,gel_ped,1.6,36,0.6157570505918324
crossing_90_e_5,256,gel_ped,2.0,36,0.8168398672685125
crossing_90_e_5,256,gel_ped,2.4000000000000004,36,1.0281500054276078
crossing_90_e_5,256,gel_ped,2.8000000000000003,36,1.2293769157246408
crossing_90_e_5,256,gel_ped,3.2,36,1.4413979902432668
crossing_90_e_5,296,constant_velocity,0.4,37,0.1610747504589191
crossing_90_e_5,296,constant_velocity,0.8,37,0.2723809069769171
crossing_90_e_5,296,constant_velocity,1.2000000000000002,37,0.41373123347911844
crossing_90_e_5,296,constant_velocity,1.6,37,0.6322185047986911
crossing_90_e_5,296,constant_velocity,2.0,37,0.8380313965589907
crossing_90_e_5,296,constant_velocity,2.4000000000000004,37,1.1155889743132053
crossing_90_e_5,296,constant_velocity,2.8000000000000003,37,1.3689176175624618
crossing_90_e_5,296,constant_velocity,3.2,37,1.6381431059473142
crossing_90_e_5,296,direct_mlp,0.4,37,0.14189904309082316
crossing_90_e_5,296,direct_mlp,0.8,37,0.22709900260111449
crossing_90_e_5,296,direct_mlp,1.2000000000000002,37,0.3267573444803299
crossing_90_e_5,296,direct_mlp,1.6,37,0.47543791131234076
crossing_90_e_5,296,direct_mlp,2.0,37,0.6113975506566784
crossing_90_e_5,296,direct_mlp,2.4000000000000004,37,0.7839102477296952
crossing_90_e_5,296,direct_mlp,2.8000000000000003,37,0.98360211132673
crossing_90_e_5,296,direct_mlp,3.2,37,1.2080558466744593
crossing_90_e_5,296,direct_routed_control,0.4,37,0.14183520639085206
crossing_90_e_5,296,direct_routed_control,0.8,37,0.22648401046090336
crossing_90_e_5,296,direct_routed_control,1.2000000000000002,37,0.32559523710228994
crossing_90_e_5,296,direct_routed_control,1.6,37,0.47395724009556256
crossing_90_e_5,296,direct_routed_control,2.0,37,0.6092002572393329
crossing_90_e_5,296,direct_routed_control,2.4000000000000004,37,0.7815263612851473
crossing_90_e_5,296,direct_routed_control,2.8000000000000003,37,0.9809485804367715
crossing_90_e_5,296,direct_routed_control,3.2,37,1.2055683666249302
crossing_90_e_5,296,tensor_prior,0.4,37,0.13925880314763064
crossing_90_e_5,296,tensor_prior,0.8,37,0.22002169871260677
crossing_90_e_5,296,tensor_prior,1.2000000000000002,37,0.3212512662656315
crossing_90_e_5,296,tensor_prior,1.6,37,0.4718714736771927
crossing_90_e_5,296,tensor_prior,2.0,37,0.6068839577601818
crossing_90_e_5,296,tensor_prior,2.4000000000000004,37,0.7823519213808335
crossing_90_e_5,296,tensor_prior,2.8000000000000003,37,0.9526499237150856
crossing_90_e_5,296,tensor_prior,3.2,37,1.1412258349911202
crossing_90_e_5,296,gel_ped,0.4,37,0.13792320448492623
crossing_90_e_5,296,gel_ped,0.8,37,0.21344863650247267
crossing_90_e_5,296,gel_ped,1.2000000000000002,37,0.30135433418575724
crossing_90_e_5,296,gel_ped,1.6,37,0.43084343978777473
crossing_90_e_5,296,gel_ped,2.0,37,0.551840252238872
crossing_90_e_5,296,gel_ped,2.4000000000000004,37,0.7154681942789264
crossing_90_e_5,296,gel_ped,2.8000000000000003,37,0.886032304530865
crossing_90_e_5,296,gel_ped,3.2,37,1.0869586199136636
crossing_90_e_5,336,constant_velocity,0.4,40,0.1452378892445528
crossing_90_e_5,336,constant_velocity,0.8,40,0.23525485327639614
crossing_90_e_5,336,constant_velocity,1.2000000000000002,40,0.37677342365942507
crossing_90_e_5,336,constant_velocity,1.6,40,0.5439296426836133
crossing_90_e_5,336,constant_velocity,2.0,40,0.7474702368995739
crossing_90_e_5,336,constant_velocity,2.4000000000000004,40,0.9764592224325721
crossing_90_e_5,336,constant_velocity,2.8000000000000003,40,1.21207865214555
crossing_90_e_5,336,constant_velocity,3.2,40,1.4667709771134614
crossing_90_e_5,336,direct_mlp,0.4,40,0.12804995127867738
crossing_90_e_5,336,direct_mlp,0.8,40,0.21201870432382086
crossing_90_e_5,336,direct_mlp,1.2000000000000002,40,0.32853253008108396
crossing_90_e_5,336,direct_mlp,1.6,40,0.4563776266445063
crossing_90_e_5,336,direct_mlp,2.0,40,0.6336157498175966
crossing_90_e_5,336,direct_mlp,2.4000000000000004,40,0.8389981395031031
crossing_90_e_5,336,direct_mlp,2.8000000000000003,40,1.0667093831785495
crossing_90_e_5,336,direct_mlp,3.2,40,1.3174553894088532
crossing_90_e_5,336,direct_routed_control,0.4,40,0.12799618001718627
crossing_90_e_5,336,direct_routed_control,0.8,40,0.2116943648143564
crossing_90_e_5,336,direct_routed_control,1.2000000000000002,40,0.32810719414712036
crossing_90_e_5,336,direct_routed_control,1.6,40,0.45583218915766716
crossing_90_e_5,336,direct_routed_control,2.0,40,0.6327004139501657
crossing_90_e_5,336,direct_routed_control,2.4000000000000004,40,0.8380744928406854
crossing_90_e_5,336,direct_routed_control,2.8000000000000003,40,1.0657651008828979
crossing_90_e_5,336,direct_routed_control,3.2,40,1.316435920195508
crossing_90_e_5,336,tensor_prior,0.4,40,0.1276078811904407
crossing_90_e_5,336,tensor_prior,0.8,40,0.20924635239976305
crossing_90_e_5,336,tensor_prior,1.2000000000000002,40,0.3310997476856039
crossing_90_e_5,336,tensor_prior,1.6,40,0.4763612152500262
crossing_90_e_5,336,tensor_prior,2.0,40,0.656427690083916
crossing_90_e_5,336,tensor_prior,2.4000000000000004,40,0.8469257432009698
crossing_90_e_5,336,tensor_prior,2.8000000000000003,40,1.055049133053048
crossing_90_e_5,336,tensor_prior,3.2,40,1.2688496834442529
crossing_90_e_5,336,gel_ped,0.4,40,0.1241946231541489
crossing_90_e_5,336,gel_ped,0.8,40,0.2016633683929796
crossing_90_e_5,336,gel_ped,1.2000000000000002,40,0.3193859423954189
crossing_90_e_5,336,gel_ped,1.6,40,0.4428414842878497
crossing_90_e_5,336,gel_ped,2.0,40,0.6054982818452397
crossing_90_e_5,336,gel_ped,2.4000000000000004,40,0.7961061890900686
crossing_90_e_5,336,gel_ped,2.8000000000000003,40,1.0041002713410148
crossing_90_e_5,336,gel_ped,3.2,40,1.2304608866578022
crossing_90_e_5,376,constant_velocity,0.4,49,0.13970328364416565
crossing_90_e_5,376,constant_velocity,0.8,49,0.2614395184520919
crossing_90_e_5,376,constant_velocity,1.2000000000000002,49,0.3846046333699484
crossing_90_e_5,376,constant_velocity,1.6,49,0.5917874881473689
crossing_90_e_5,376,constant_velocity,2.0,49,0.7588447891014279
crossing_90_e_5,376,constant_velocity,2.4000000000000004,49,0.9737839250113165
crossing_90_e_5,376,constant_velocity,2.8000000000000003,49,1.210812460376814
crossing_90_e_5,376,constant_velocity,3.2,49,1.4480438211789695
crossing_90_e_5,376,direct_mlp,0.4,49,0.12586110845890422
crossing_90_e_5,376,direct_mlp,0.8,49,0.2234927696463452
crossing_90_e_5,376,direct_mlp,1.2000000000000002,49,0.3562430710751873
crossing_90_e_5,376,direct_mlp,1.6,49,0.5383670113133111
crossing_90_e_5,376,direct_mlp,2.0,49,0.7144754651706563
crossing_90_e_5,376,direct_mlp,2.4000000000000004,49,0.9186940399213294
crossing_90_e_5,376,direct_mlp,2.8000000000000003,49,1.1347525084191235
crossing_90_e_5,376,direct_mlp,3.2,49,1.3585170825980055
crossing_90_e_5,376,direct_routed_control,0.4,49,0.12585013170851425
crossing_90_e_5,376,direct_routed_control,0.8,49,0.22332927246346512
crossing_90_e_5,376,direct_routed_control,1.2000000000000002,49,0.35591773336944504
crossing_90_e_5,376,direct_routed_control,1.6,49,0.5380473094518988
crossing_90_e_5,376,direct_routed_control,2.0,49,0.7139124661832824
crossing_90_e_5,376,direct_routed_control,2.4000000000000004,49,0.91810288391412
crossing_90_e_5,376,direct_routed_control,2.8000000000000003,49,1.1338360535132483
crossing_90_e_5,376,direct_routed_control,3.2,49,1.3572744012996782
crossing_90_e_5,376,tensor_prior,0.4,49,0.13659929844226754
crossing_90_e_5,376,tensor_prior,0.8,49,0.2411475185586564
crossing_90_e_5,376,tensor_prior,1.2000000000000002,49,0.3717487551112982
crossing_90_e_5,376,tensor_prior,1.6,49,0.5584347568071217
crossing_90_e_5,376,tensor_prior,2.0,49,0.7183931646648352
crossing_90_e_5,376,tensor_prior,2.4000000000000004,49,0.9017700884887787
crossing_90_e_5,376,tensor_prior,2.8000000000000003,49,1.0839830102791492
crossing_90_e_5,376,tensor_prior,3.2,49,1.2507313977867127
crossing_90_e_5,376,gel_ped,0.4,49,0.1250810525922586
crossing_90_e_5,376,gel_ped,0.8,49,0.2173815473997384
crossing_90_e_5,376,gel_ped,1.2000000000000002,49,0.3427797007507839
crossing_90_e_5,376,gel_ped,1.6,49,0.5143875097792722
crossing_90_e_5,376,gel_ped,2.0,49,0.6716079207173341
crossing_90_e_5,376,gel_ped,2.4000000000000004,49,0.8545383116568729
crossing_90_e_5,376,gel_ped,2.8000000000000003,49,1.0487028092619124
crossing_90_e_5,376,gel_ped,3.2,49,1.2469994005663918
crossing_90_e_5,416,constant_velocity,0.4,52,0.1586193303669529
crossing_90_e_5,416,constant_velocity,0.8,52,0.31454269684098884
crossing_90_e_5,416,constant_velocity,1.2000000000000002,52,0.48265353055620097
crossing_90_e_5,416,constant_velocity,1.6,52,0.7003722877786255
crossing_90_e_5,416,constant_velocity,2.0,52,0.9253882569222805
crossing_90_e_5,416,constant_velocity,2.4000000000000004,52,1.136944388691007
crossing_90_e_5,416,constant_velocity,2.8000000000000003,52,1.3789127323876733
crossing_90_e_5,416,constant_velocity,3.2,52,1.6244387748939633
crossing_90_e_5,416,direct_mlp,0.4,52,0.13665746690059716
crossing_90_e_5,416,direct_mlp,0.8,52,0.27806178979674284
crossing_90_e_5,416,direct_mlp,1.2000000000000002,52,0.4064437387456088
crossing_90_e_5,416,direct_mlp,1.6,52,0.5784730809824852
crossing_90_e_5,416,direct_mlp,2.0,52,0.7289794411091294
crossing_90_e_5,416,direct_mlp,2.4000000000000004,52,0.8745269541735089
crossing_90_e_5,416,direct_mlp,2.8000000000000003,52,1.042200039235015
crossing_90_e_5,416,direct_mlp,3.2,52,1.1969251171815856
crossing_90_e_5,416,direct_routed_control,0.4,52,0.13676383888555388
crossing_90_e_5,416,direct_routed_control,0.8,52,0.2783072686016393
crossing_90_e_5,416,direct_routed_control,1.2000000000000002,52,0.40643580263920687
crossing_90_e_5,416,direct_routed_control,1.6,52,0.5783977200011494
crossing_90_e_5,416,direct_routed_control,2.0,52,0.72875931566695
crossing_90_e_5,416,direct_routed_control,2.4000000000000004,52,0.8739393925768711
crossing_90_e_5,416,direct_routed_control,2.8000000000000003,52,1.041230261605167
crossing_90_e_5,416,direct_routed_control,3.2,52,1.1956556527864268
crossing_90_e_5,416,tensor_prior,0.4,52,0.13528535282684087
crossing_90_e_5,416,tensor_prior,0.8,52,0.26143838020214283
crossing_90_e_5,416,tensor_prior,1.2000000000000002,52,0.37818264976847615
crossing_90_e_5,416,tensor_prior,1.6,52,0.5360253216039204
crossing_90_e_5,416,tensor_prior,2.0,52,0.673906403555418
crossing_90_e_5,416,tensor_prior,2.4000000000000004,52,0.8059852978212282
crossing_90_e_5,416,tensor_prior,2.8000000000000003,52,0.9473866085508447
crossing_90_e_5,416,tensor_prior,3.2,52,1.085998100323948
crossing_90_e_5,416,gel_ped,0.4,52,0.13030995804247575
crossing_90_e_5,416,gel_ped,0.8,52,0.26265679727538066
crossing_90_e_5,416,gel_ped,1.2000000000000002,52,0.3863871185910565
crossing_90_e_5,416,gel_ped,1.6,52,0.5484734109479754
crossing_90_e_5,416,gel_ped,2.0,52,0.6927814222184239
crossing_90_e_5,416,gel_ped,2.4000000000000004,52,0.821861282670118
crossing_90_e_5,416,gel_ped,2.8000000000000003,52,0.977098556719789
crossing_90_e_5,416,gel_ped,3.2,52,1.1109183183192513
crossing_90_e_5,456,constant_velocity,0.4,54,0.15545819485134427
crossing_90_e_5,456,constant_velocity,0.8,54,0.29805540345427
crossing_90_e_5,456,constant_velocity,1.2000000000000002,54,0.4701275520351473
crossing_90_e_5,456,constant_velocity,1.6,54,0.6841850254142775
crossing_90_e_5,456,constant_velocity,2.0,54,0.8788545622539566
crossing_90_e_5,456,constant_velocity,2.4000000000000004,54,1.0845168721637881
crossing_90_e_5,456,constant_velocity,2.8000000000000003,54,1.2857467567972836
crossing_90_e_5,456,constant_velocity,3.2,54,1.5056074063789069
crossing_90_e_5,456,direct_mlp,0.4,54,0.1363607727070859
crossing_90_e_5,456,direct_mlp,0.8,54,0.23317789291794064
crossing_90_e_5,456,direct_mlp,1.2000000000000002,54,0.363488205884958
crossing_90_e_5,456,direct_mlp,1.6,54,0.502497954048667
crossing_90_e_5,456,direct_mlp,2.0,54,0.6007398891772423
crossing_90_e_5,456,direct_mlp,2.4000000000000004,54,0.7212424808170743
crossing_90_e_5,456,direct_mlp,2.8000000000000003,54,0.8296672715900043
crossing_90_e_5,456,direct_mlp,3.2,54,0.9635174751515265
crossing_90_e_5,456,direct_routed_control,0.4,54,0.13649801092286837
crossing_90_e_5,456,direct_routed_control,0.8,54,0.2334532565521913
crossing_90_e_5,456,direct_routed_control,1.2000000000000002,54,0.3633859994173708
crossing_90_e_5,456,direct_routed_control,1.6,54,0.5020289940545396
crossing_90_e_5,456,direct_routed_control,2.0,54,0.5998127920427069
crossing_90_e_5,456,direct_routed_control,2.4000000000000004,54,0.7201989297476045
crossing_90_e_5,456,direct_routed_control,2.8000000000000003,54,0.8283545320075782
crossing_90_e_5,456,direct_routed_control,3.2,54,0.9621562651118588
crossing_90_e_5,456,tensor_prior,0.4,54,0.1322843790943709
crossing_90_e_5,456,tensor_prior,0.8,54,0.22796628100410465
crossing_90_e_5,456,tensor_prior,1.2000000000000002,54,0.357203851615543
crossing_90_e_5,456,tensor_prior,1.6,54,0.49728629816238645
crossing_90_e_5,456,tensor_prior,2.0,54,0.6067123835801601
crossing_90_e_5,456,tensor_prior,2.4000000000000004,54,0.7426261089259748
crossing_90_e_5,456,tensor_prior,2.8000000000000003,54,0.8520850834796863
crossing_90_e_5,456,tensor_prior,3.2,54,0.9917927851282691
crossing_90_e_5,456,gel_ped,0.4,54,0.1271054159578998
crossing_90_e_5,456,gel_ped,0.8,54,0.21456294667998124
crossing_90_e_5,456,gel_ped,1.2000000000000002,54,0.34012691478300927
crossing_90_e_5,456,gel_ped,1.6,54,0.4725596576014072
crossing_90_e_5,456,gel_ped,2.0,54,0.5691067633136618
crossing_90_e_5,456,gel_ped,2.4000000000000004,54,0.6940842772186265
crossing_90_e_5,456,gel_ped,2.8000000000000003,54,0.7928162066054897
crossing_90_e_5,456,gel_ped,3.2,54,0.9183871152512266
crossing_90_e_5,496,constant_velocity,0.4,56,0.1457938255888455
crossing_90_e_5,496,constant_velocity,0.8,56,0.2751413055986501
crossing_90_e_5,496,constant_velocity,1.2000000000000002,56,0.4053194478410891
crossing_90_e_5,496,constant_velocity,1.6,56,0.5622657139279296
crossing_90_e_5,496,constant_velocity,2.0,56,0.7224687323118612
crossing_90_e_5,496,constant_velocity,2.4000000000000004,56,0.8780039671990736
crossing_90_e_5,496,constant_velocity,2.8000000000000003,56,1.0773310618345202
crossing_90_e_5,496,constant_velocity,3.2,56,1.2956495380405888
crossing_90_e_5,496,direct_mlp,0.4,56,0.12564492903165222
crossing_90_e_5,496,direct_mlp,0.8,56,0.20645631958111976
crossing_90_e_5,496,direct_mlp,1.2000000000000002,56,0.2969282717955252
crossing_90_e_5,496,direct_mlp,1.6,56,0.4152593065713647
crossing_90_e_5,496,direct_mlp,2.0,56,0.5364966350151642
crossing_90_e_5,496,direct_mlp,2.4000000000000004,56,0.6557495679151095
crossing_90_e_5,496,direct_mlp,2.8000000000000003,56,0.7932936005937511
crossing_90_e_5,496,direct_mlp,3.2,56,0.9460249017444043
crossing_90_e_5,496,direct_routed_control,0.4,56,0.12562567757682044
crossing_90_e_5,496,direct_routed_control,0.8,56,0.20659981205073302
crossing_90_e_5,496,direct_routed_control,1.2000000000000002,56,0.29691081599875424
crossing_90_e_5,496,direct_routed_control,1.6,56,0.4154370793765515
crossing_90_e_5,496,direct_routed_control,2.0,56,0.5366668229245697
crossing_90_e_5,496,direct_routed_control,2.4000000000000004,56,0.6558169915962017
crossing_90_e_5,496,direct_routed_control,2.8000000000000003,56,0.793210192964196
crossing_90_e_5,496,direct_routed_control,3.2,56,0.9460507846906577
crossing_90_e_5,496,tensor_prior,0.4,56,0.12293758376777716
crossing_90_e_5,496,tensor_prior,0.8,56,0.20787909258689402
crossing_90_e_5,496,tensor_prior,1.2000000000000002,56,0.2917290884553413
crossing_90_e_5,496,tensor_prior,1.6,56,0.41254741156690944
crossing_90_e_5,496,tensor_prior,2.0,56,0.5277632259497189
crossing_90_e_5,496,tensor_prior,2.4000000000000004,56,0.6311018589091372
crossing_90_e_5,496,tensor_prior,2.8000000000000003,56,0.7685574224401476
crossing_90_e_5,496,tensor_prior,3.2,56,0.9080953081410408
crossing_90_e_5,496,gel_ped,0.4,56,0.1263564166710198
crossing_90_e_5,496,gel_ped,0.8,56,0.2102538149077787
crossing_90_e_5,496,gel_ped,1.2000000000000002,56,0.310591413331519
crossing_90_e_5,496,gel_ped,1.6,56,0.43369815318830235
crossing_90_e_5,496,gel_ped,2.0,56,0.5520195255853807
crossing_90_e_5,496,gel_ped,2.4000000000000004,56,0.6648769238754559
crossing_90_e_5,496,gel_ped,2.8000000000000003,56,0.7951235398686032
crossing_90_e_5,496,gel_ped,3.2,56,0.9421317295680071
crossing_90_e_5,536,constant_velocity,0.4,57,0.13821958958126654
crossing_90_e_5,536,constant_velocity,0.8,57,0.23276693844679583
crossing_90_e_5,536,constant_velocity,1.2000000000000002,57,0.3383592344984504
crossing_90_e_5,536,constant_velocity,1.6,57,0.4844313310714883
crossing_90_e_5,536,constant_velocity,2.0,57,0.6288738429894273
crossing_90_e_5,536,constant_velocity,2.4000000000000004,57,0.7932182238728464
crossing_90_e_5,536,constant_velocity,2.8000000000000003,57,0.9627236913742839
crossing_90_e_5,536,constant_velocity,3.2,57,1.134206017057734
crossing_90_e_5,536,direct_mlp,0.4,57,0.1211953196118126
crossing_90_e_5,536,direct_mlp,0.8,57,0.1771253277364764
crossing_90_e_5,536,direct_mlp,1.2000000000000002,57,0.26706455435191484
crossing_90_e_5,536,direct_mlp,1.6,57,0.37419431503627215
crossing_90_e_5,536,direct_mlp,2.0,57,0.4942422202578081
crossing_90_e_5,536,direct_mlp,2.4000000000000004,57,0.632692957537006
crossing_90_e_5,536,direct_mlp,2.8000000000000003,57,0.7613266147134299
crossing_90_e_5,536,direct_mlp,3.2,57,0.8946680656269193
crossing_90_e_5,536,direct_routed_control,0.4,57,0.12112545680585263
crossing_90_e_5,536,direct_routed_control,0.8,57,0.1768917570272105
crossing_90_e_5,536,direct_routed_control,1.2000000000000002,57,0.2666570925598537
crossing_90_e_5,536,direct_routed_control,1.6,57,0.3737932770002094
crossing_90_e_5,536,direct_routed_control,2.0,57,0.4938164393804818
crossing_90_e_5,536,direct_routed_control,2.4000000000000004,57,0.6325086968886847
crossing_90_e_5,536,direct_routed_control,2.8000000000000003,57,0.7612127006572109
crossing_90_e_5,536,direct_routed_control,3.2,57,0.8946504593417698
crossing_90_e_5,536,tensor_prior,0.4,57,0.12192954976909239
crossing_90_e_5,536,tensor_prior,0.8,57,0.17471118758163523
crossing_90_e_5,536,tensor_prior,1.2000000000000002,57,0.2576548373819952
crossing_90_e_5,536,tensor_prior,1.6,57,0.3608453212555036
crossing_90_e_5,536,tensor_prior,2.0,57,0.46383143636795054
crossing_90_e_5,536,tensor_prior,2.4000000000000004,57,0.5958492254256418
crossing_90_e_5,536,tensor_prior,2.8000000000000003,57,0.7099965584188499
crossing_90_e_5,536,tensor_prior,3.2,57,0.8341721928133462
crossing_90_e_5,536,gel_ped,0.4,57,0.12098040427498621
crossing_90_e_5,536,gel_ped,0.8,57,0.1720264852487009
crossing_90_e_5,536,gel_ped,1.2000000000000002,57,0.25813609050200614
crossing_90_e_5,536,gel_ped,1.6,57,0.37330194151024026
crossing_90_e_5,536,gel_ped,2.0,57,0.4849169429285214
crossing_90_e_5,536,gel_ped,2.4000000000000004,57,0.6206158492101739
crossing_90_e_5,536,gel_ped,2.8000000000000003,57,0.7432395606274556
crossing_90_e_5,536,gel_ped,3.2,57,0.867968170471424
crossing_90_e_6,66,constant_velocity,0.4,5,0.13587962397974085
crossing_90_e_6,66,constant_velocity,0.8,5,0.2717730201934988
crossing_90_e_6,66,constant_velocity,1.2000000000000002,5,0.4076278817902666
crossing_90_e_6,66,constant_velocity,1.6,5,0.6088680030980266
crossing_90_e_6,66,constant_velocity,2.0,5,0.8190364434975013
crossing_90_e_6,66,constant_velocity,2.4000000000000004,5,1.0732995640077958
crossing_90_e_6,66,constant_velocity,2.8000000000000003,5,1.3644167262438571
crossing_90_e_6,66,constant_velocity,3.2,5,1.7167907098981323
crossing_90_e_6,66,direct_mlp,0.4,5,0.4397540636741649
crossing_90_e_6,66,direct_mlp,0.8,5,0.997295375504337
crossing_90_e_6,66,direct_mlp,1.2000000000000002,5,1.575163536492211
crossing_90_e_6,66,direct_mlp,1.6,5,2.195649143724378
crossing_90_e_6,66,direct_mlp,2.0,5,2.8680526129884902
crossing_90_e_6,66,direct_mlp,2.4000000000000004,5,3.43129562385988
crossing_90_e_6,66,direct_mlp,2.8000000000000003,5,4.012978625295879
crossing_90_e_6,66,direct_mlp,3.2,5,4.5422751635534295
crossing_90_e_6,66,direct_routed_control,0.4,5,0.44179373176785763
crossing_90_e_6,66,direct_routed_control,0.8,5,1.0010652367940653
crossing_90_e_6,66,direct_routed_control,1.2000000000000002,5,1.5800995922677517
crossing_90_e_6,66,direct_routed_control,1.6,5,2.201085936935896
crossing_90_e_6,66,direct_routed_control,2.0,5,2.8734809053862547
crossing_90_e_6,66,direct_routed_control,2.4000000000000004,5,3.436575681351041
crossing_90_e_6,66,direct_routed_control,2.8000000000000003,5,4.018112528106899
crossing_90_e_6,66,direct_routed_control,3.2,5,4.5472430001996536
crossing_90_e_6,66,tensor_prior,0.4,5,0.08139930789243716
crossing_90_e_6,66,tensor_prior,0.8,5,0.256626087347128
crossing_90_e_6,66,tensor_prior,1.2000000000000002,5,0.33460995009089767
crossing_90_e_6,66,tensor_prior,1.6,5,0.43348948390088166
crossing_90_e_6,66,tensor_prior,2.0,5,0.552124567076969
crossing_90_e_6,66,tensor_prior,2.4000000000000004,5,0.6774149921242116
crossing_90_e_6,66,tensor_prior,2.8000000000000003,5,0.828004114423246
crossing_90_e_6,66,tensor_prior,3.2,5,0.9842038905540422
crossing_90_e_6,66,gel_ped,0.4,5,0.10589903634895662
crossing_90_e_6,66,gel_ped,0.8,5,0.26671628999896957
crossing_90_e_6,66,gel_ped,1.2000000000000002,5,0.3858992524250283
crossing_90_e_6,66,gel_ped,1.6,5,0.5448486464702192
crossing_90_e_6,66,gel_ped,2.0,5,0.7147633795936308
crossing_90_e_6,66,gel_ped,2.4000000000000004,5,0.8470846818262722
crossing_90_e_6,66,gel_ped,2.8000000000000003,5,1.0220230919034576
crossing_90_e_6,66,gel_ped,3.2,5,1.2181969561362043
crossing_90_e_6,106,constant_velocity,0.4,22,0.1388178595309454
crossing_90_e_6,106,constant_velocity,0.8,22,0.2675049575159067
crossing_90_e_6,106,constant_velocity,1.2000000000000002,22,0.4353997350913876
crossing_90_e_6,106,constant_velocity,1.6,22,0.6544893627590478
crossing_90_e_6,106,constant_velocity,2.0,22,0.822503443115886
crossing_90_e_6,106,constant_velocity,2.4000000000000004,22,0.9977194887682679
crossing_90_e_6,106,constant_velocity,2.8000000000000003,22,1.1622549577757626
crossing_90_e_6,106,constant_velocity,3.2,22,1.3156089722821622
crossing_90_e_6,106,direct_mlp,0.4,22,0.21403110014850552
crossing_90_e_6,106,direct_mlp,0.8,22,0.5259344621735761
crossing_90_e_6,106,direct_mlp,1.2000000000000002,22,0.8142949903945337
crossing_90_e_6,106,direct_mlp,1.6,22,1.1081807319598467
crossing_90_e_6,106,direct_mlp,2.0,22,1.4023431733662919
crossing_90_e_6,106,direct_mlp,2.4000000000000004,22,1.6849480787284747
crossing_90_e_6,106,direct_mlp,2.8000000000000003,22,1.9841147697025685
crossing_90_e_6,106,direct_mlp,3.2,22,2.262564892219848
crossing_90_e_6,106,direct_routed_control,0.4,22,0.2146672176071082
crossing_90_e_6,106,direct_routed_control,0.8,22,0.5270065982197365
crossing_90_e_6,106,direct_routed_control,1.2000000000000002,22,0.8154152748331264
crossing_90_e_6,106,direct_routed_control,1.6,22,1.10897167833975
crossing_90_e_6,106,direct_routed_control,2.0,22,1.4026795905481284
crossing_90_e_6,106,direct_routed_control,2.4000000000000004,22,1.6850117075463211
crossing_90_e_6,106,direct_routed_control,2.8000000000000003,22,1.983936330466195
crossing_90_e_6,106,direct_routed_control,3.2,22,2.262289645854438
crossing_90_e_6,106,tensor_prior,0.4,22,0.1287572250699728
crossing_90_e_6,106,tensor_prior,0.8,22,0.26057768177469803
crossing_90_e_6,106,tensor_prior,1.2000000000000002,22,0.4030186181299666
crossing_90_e_6,106,tensor_prior,1.6,22,0.5773583629849308
crossing_90_e_6,106,tensor_prior,2.0,22,0.7257981765818797
crossing_90_e_6,106,tensor_prior,2.4000000000000004,22,0.8574119707748845
crossing_90_e_6,106,tensor_prior,2.8000000000000003,22,0.9866465333321419
crossing_90_e_6,106,tensor_prior,3.2,22,1.0959021242788738
crossing_90_e_6,106,gel_ped,0.4,22,0.13760872439883184
crossing_90_e_6,106,gel_ped,0.8,22,0.2854120546638077
crossing_90_e_6,106,gel_ped,1.2000000000000002,22,0.46125001672693594
crossing_90_e_6,106,gel_ped,1.6,22,0.6720156375925611
crossing_90_e_6,106,gel_ped,2.0,22,0.8494489562911014
crossing_90_e_6,106,gel_ped,2.4000000000000004,22,1.0071940193790847
crossing_90_e_6,106,gel_ped,2.8000000000000003,22,1.147129417870345
crossing_90_e_6,106,gel_ped,3.2,22,1.2631004669641792
crossing_90_e_6,146,constant_velocity,0.4,41,0.14528853935200603
crossing_90_e_6,146,constant_velocity,0.8,41,0.2848913176529564
crossing_90_e_6,146,constant_velocity,1.2000000000000002,41,0.48761614038257806
crossing_90_e_6,146,constant_velocity,1.6,41,0.7201188979358214
crossing_90_e_6,146,constant_velocity,2.0,41,0.9610846782258433
crossing_90_e_6,146,constant_velocity,2.4000000000000004,41,1.2081772131044433
crossing_90_e_6,146,constant_velocity,2.8000000000000003,41,1.4695830905170035
crossing_90_e_6,146,constant_velocity,3.2,41,1.6944735355040959
crossing_90_e_6,146,direct_mlp,0.4,41,0.14257382153072085
crossing_90_e_6,146,direct_mlp,0.8,41,0.2916445309252539
crossing_90_e_6,146,direct_mlp,1.2000000000000002,41,0.4365334374143866
crossing_90_e_6,146,direct_mlp,1.6,41,0.5901551489100957
crossing_90_e_6,146,direct_mlp,2.0,41,0.7506317693691728
crossing_90_e_6,146,direct_mlp,2.4000000000000004,41,0.9830405230175921
crossing_90_e_6,146,direct_mlp,2.8000000000000003,41,1.2402463109133068
crossing_90_e_6,146,direct_mlp,3.2,41,1.5052176978957208
crossing_90_e_6,146,direct_routed_control,0.4,41,0.14259312315431527
crossing_90_e_6,146,direct_routed_control,0.8,41,0.29168749292613416
crossing_90_e_6,146,direct_routed_control,1.2000000000000002,41,0.43635110978201114
crossing_90_e_6,146,direct_routed_control,1.6,41,0.5896042117818132
crossing_90_e_6,146,direct_routed_control,2.0,41,0.7496802787326723
crossing_90_e_6,146,direct_routed_control,2.4000000000000004,41,0.9818472416339864
crossing_90_e_6,146,direct_routed_control,2.8000000000000003,41,1.2387759189226262
crossing_90_e_6,146,direct_routed_control,3.2,41,1.5034712250400863
crossing_90_e_6,146,tensor_prior,0.4,41,0.12473226311730808
crossing_90_e_6,146,tensor_prior,0.8,41,0.23658657362585717
crossing_90_e_6,146,tensor_prior,1.2000000000000002,41,0.3605042291388449
crossing_90_e_6,146,tensor_prior,1.6,41,0.5078285943808454
crossing_90_e_6,146,tensor_prior,2.0,41,0.6430786158479007
crossing_90_e_6,146,tensor_prior,2.4000000000000004,41,0.8016189696504338
crossing_90_e_6,146,tensor_prior,2.8000000000000003,41,0.9626314522144516
crossing_90_e_6,146,tensor_prior,3.2,41,1.1125394397109645
crossing_90_e_6,146,gel_ped,0.4,41,0.13312330470039346
crossing_90_e_6,146,gel_ped,0.8,41,0.2704940243707577
crossing_90_e_6,146,gel_ped,1.2000000000000002,41,0.39813823165922646
crossing_90_e_6,146,gel_ped,1.6,41,0.5525156493700019
crossing_90_e_6,146,gel_ped,2.0,41,0.6808112145259464
crossing_90_e_6,146,gel_ped,2.4000000000000004,41,0.8273640361614736
crossing_90_e_6,146,gel_ped,2.8000000000000003,41,0.9736020268800067
crossing_90_e_6,146,gel_ped,3.2,41,1.1228976027856754
crossing_90_e_6,186,constant_velocity,0.4,59,0.15455342676484066
crossing_90_e_6,186,constant_velocity,0.8,59,0.30360270113027843
crossing_90_e_6,186,constant_velocity,1.2000000000000002,59,0.5029693134789237
crossing_90_e_6,186,constant_velocity,1.6,59,0.6939137497135012
crossing_90_e_6,186,constant_velocity,2.0,59,0.907500832265345
crossing_90_e_6,186,constant_velocity,2.4000000000000004,59,1.172172012696019
crossing_90_e_6,186,constant_velocity,2.8000000000000003,59,1.4588111096473069
crossing_90_e_6,186,constant_velocity,3.2,59,1.7394748365363677
crossing_90_e_6,186,direct_mlp,0.4,59,0.1377654530729211
crossing_90_e_6,186,direct_mlp,0.8,59,0.28928669249518907
crossing_90_e_6,186,direct_mlp,1.2000000000000002,59,0.4479613833576439
crossing_90_e_6,186,direct_mlp,1.6,59,0.611197041165614
crossing_90_e_6,186,direct_mlp,2.0,59,0.8397074845279588
crossing_90_e_6,186,direct_mlp,2.4000000000000004,59,1.1076886902612744
crossing_90_e_6,186,direct_mlp,2.8000000000000003,59,1.3960807357030736
crossing_90_e_6,186,direct_mlp,3.2,59,1.7033235456747775
crossing_90_e_6,186,direct_routed_control,0.4,59,0.13772316155768669
crossing_90_e_6,186,direct_routed_control,0.8,59,0.2890592922519777
crossing_90_e_6,186,direct_routed_control,1.2000000000000002,59,0.44742200428589296
crossing_90_e_6,186,direct_routed_control,1.6,59,0.6102036670856039
crossing_90_e_6,186,direct_routed_control,2.0,59,0.8382909333001441
crossing_90_e_6,186,direct_routed_control,2.4000000000000004,59,1.1058613781164361
crossing_90_e_6,186,direct_routed_control,2.8000000000000003,59,1.3937113981010751
crossing_90_e_6,186,direct_routed_control,3.2,59,1.700470069318348
crossing_90_e_6,186,tensor_prior,0.4,59,0.13431161598204994
crossing_90_e_6,186,tensor_prior,0.8,59,0.2640587318787782
crossing_90_e_6,186,tensor_prior,1.2000000000000002,59,0.4200801427099722
crossing_90_e_6,186,tensor_prior,1.6,59,0.552425786580416
crossing_90_e_6,186,tensor_prior,2.0,59,0.7287279896647453
crossing_90_e_6,186,tensor_prior,2.4000000000000004,59,0.9350771503450629
crossing_90_e_6,186,tensor_prior,2.8000000000000003,59,1.14690070798657
crossing_90_e_6,186,tensor_prior,3.2,59,1.361245107426495
crossing_90_e_6,186,gel_ped,0.4,59,0.13893462464865028
crossing_90_e_6,186,gel_ped,0.8,59,0.2694284643946509
crossing_90_e_6,186,gel_ped,1.2000000000000002,59,0.41109415499361585
crossing_90_e_6,186,gel_ped,1.6,59,0.5287566204042579
crossing_90_e_6,186,gel_ped,2.0,59,0.6767820980909045
crossing_90_e_6,186,gel_ped,2.4000000000000004,59,0.8820222674693169
crossing_90_e_6,186,gel_ped,2.8000000000000003,59,1.0942842190133466
crossing_90_e_6,186,gel_ped,3.2,59,1.3247598105668372
crossing_90_e_6,226,constant_velocity,0.4,69,0.1432968542189999
crossing_90_e_6,226,constant_velocity,0.8,69,0.25761051814868574
crossing_90_e_6,226,constant_velocity,1.2000000000000002,69,0.42223704680281776
crossing_90_e_6,226,constant_velocity,1.6,69,0.6026983213104928
crossing_90_e_6,226,constant_velocity,2.0,69,0.8118690037541461
crossing_90_e_6,226,constant_velocity,2.4000000000000004,69,1.024711108462454
crossing_90_e_6,226,constant_velocity,2.8000000000000003,69,1.2606376940735564
crossing_90_e_6,226,constant_velocity,3.2,69,1.498058058519336
crossing_90_e_6,226,direct_mlp,0.4,69,0.13035757377550986
crossing_90_e_6,226,direct_mlp,0.8,69,0.26286685561471285
crossing_90_e_6,226,direct_mlp,1.2000000000000002,69,0.41716730248515127
crossing_90_e_6,226,direct_mlp,1.6,69,0.6026625621296658
crossing_90_e_6,226,direct_mlp,2.0,69,0.8031906776106407
crossing_90_e_6,226,direct_mlp,2.4000000000000004,69,1.023156682349136
crossing_90_e_6,226,direct_mlp,2.8000000000000003,69,1.2691842109432232
crossing_90_e_6,226,direct_mlp,3.2,69,1.5418143446500547
crossing_90_e_6,226,direct_routed_control,0.4,69,0.13027905020684466
crossing_90_e_6,226,direct_routed_control,0.8,69,0.26247804864696134
crossing_90_e_6,226,direct_routed_control,1.2000000000000002,69,0.41656979215000545
crossing_90_e_6,226,direct_routed_control,1.6,69,0.6018408647688265
crossing_90_e_6,226,direct_routed_control,2.0,69,0.8022605117906242
crossing_90_e_6,226,direct_routed_control,2.4000000000000004,69,1.0220985216975595
crossing_90_e_6,226,direct_routed_control,2.8000000000000003,69,1.2678545441996054
crossing_90_e_6,226,direct_routed_control,3.2,69,1.5404759836219604
crossing_90_e_6,226,tensor_prior,0.4,69,0.12951167565694385
crossing_90_e_6,226,tensor_prior,0.8,69,0.24053995908712061
crossing_90_e_6,226,tensor_prior,1.2000000000000002,69,0.3779935991418636
crossing_90_e_6,226,tensor_prior,1.6,69,0.5399455208179267
crossing_90_e_6,226,tensor_prior,2.0,69,0.7159559660316008
crossing_90_e_6,226,tensor_prior,2.4000000000000004,69,0.8932689808303714
crossing_90_e_6,226,tensor_prior,2.8000000000000003,69,1.0741832432962874
crossing_90_e_6,226,tensor_prior,3.2,69,1.236684578885473
crossing_90_e_6,226,gel_ped,0.4,69,0.11960752907973295
crossing_90_e_6,226,gel_ped,0.8,69,0.2383733661530901
crossing_90_e_6,226,gel_ped,1.2000000000000002,69,0.3646074178359239
crossing_90_e_6,226,gel_ped,1.6,69,0.5268831489040929
crossing_90_e_6,226,gel_ped,2.0,69,0.7085596988766473
crossing_90_e_6,226,gel_ped,2.4000000000000004,69,0.8890313180938828
crossing_90_e_6,226,gel_ped,2.8000000000000003,69,1.0882578040468343
crossing_90_e_6,226,gel_ped,3.2,69,1.2931301470984367
crossing_90_e_6,266,constant_velocity,0.4,79,0.14023748242109388
crossing_90_e_6,266,constant_velocity,0.8,79,0.2470220958402104
crossing_90_e_6,266,constant_velocity,1.2000000000000002,79,0.434618621253975
crossing_90_e_6,266,constant_velocity,1.6,79,0.6289244686538663
crossing_90_e_6,266,constant_velocity,2.0,79,0.8678663625343487
crossing_90_e_6,266,constant_velocity,2.4000000000000004,79,1.1228130334620685
crossing_90_e_6,266,constant_velocity,2.8000000000000003,79,1.3791479930722652
crossing_90_e_6,266,constant_velocity,3.2,79,1.6590609028575343
crossing_90_e_6,266,direct_mlp,0.4,79,0.12094557545033637
crossing_90_e_6,266,direct_mlp,0.8,79,0.21563415008638423
crossing_90_e_6,266,direct_mlp,1.2000000000000002,79,0.3586885695782813
crossing_90_e_6,266,direct_mlp,1.6,79,0.5183769765269436
crossing_90_e_6,266,direct_mlp,2.0,79,0.7019354477982165
crossing_90_e_6,266,direct_mlp,2.4000000000000004,79,0.9291432942040981
crossing_90_e_6,266,direct_mlp,2.8000000000000003,79,1.1584363836309601
crossing_90_e_6,266,direct_mlp,3.2,79,1.40333224127195
crossing_90_e_6,266,direct_routed_control,0.4,79,0.12096595888930221
crossing_90_e_6,266,direct_routed_control,0.8,79,0.2155409081152517
crossing_90_e_6,266,direct_routed_control,1.2000000000000002,79,0.3584760839223096
crossing_90_e_6,266,direct_routed_control,1.6,79,0.5179849623540467
crossing_90_e_6,266,direct_routed_control,2.0,79,0.7013451489337643
crossing_90_e_6,266,direct_routed_control,2.4000000000000004,79,0.9283017763118525
crossing_90_e_6,266,direct_routed_control,2.8000000000000003,79,1.1574970318938942
crossing_90_e_6,266,direct_routed_control,3.2,79,1.402175061375146
crossing_90_e_6,266,tensor_prior,0.4,79,0.12704125461824647
crossing_90_e_6,266,tensor_prior,0.8,79,0.21619480911646133
crossing_90_e_6,266,tensor_prior,1.2000000000000002,79,0.35943209530355497
crossing_90_e_6,266,tensor_prior,1.6,79,0.4986390543934645
crossing_90_e_6,266,tensor_prior,2.0,79,0.6500531977273631
crossing_90_e_6,266,tensor_prior,2.4000000000000004,79,0.8209063948708105
crossing_90_e_6,266,tensor_prior,2.8000000000000003,79,0.9885676404493786
crossing_90_e_6,266,tensor_prior,3.2,79,1.1825487669485348
crossing_90_e_6,266,gel_ped,0.4,79,0.12146239576040564
crossing_90_e_6,266,gel_ped,0.8,79,0.21350772643362378
crossing_90_e_6,266,gel_ped,1.2000000000000002,79,0.3482307110578627
crossing_90_e_6,266,gel_ped,1.6,79,0.48811451349587254
crossing_90_e_6,266,gel_ped,2.0,79,0.6474964935047609
crossing_90_e_6,266,gel_ped,2.4000000000000004,79,0.8363078988343315
crossing_90_e_6,266,gel_ped,2.8000000000000003,79,1.029724031717222
crossing_90_e_6,266,gel_ped,3.2,79,1.2415287030954747
crossing_90_e_6,306,constant_velocity,0.4,90,0.1550510166094241
crossing_90_e_6,306,constant_velocity,0.8,90,0.2790721819895075
crossing_90_e_6,306,constant_velocity,1.2000000000000002,90,0.46121791622136815
crossing_90_e_6,306,constant_velocity,1.6,90,0.6343700641680888
crossing_90_e_6,306,constant_velocity,2.0,90,0.8250884823455991
crossing_90_e_6,306,constant_velocity,2.4000000000000004,90,1.0444072631074544
crossing_90_e_6,306,constant_velocity,2.8000000000000003,90,1.2644156573237948
crossing_90_e_6,306,constant_velocity,3.2,90,1.4884556904093063
crossing_90_e_6,306,direct_mlp,0.4,90,0.12787063762154102
crossing_90_e_6,306,direct_mlp,0.8,90,0.22935016385399432
crossing_90_e_6,306,direct_mlp,1.2000000000000002,90,0.3699230925718702
crossing_90_e_6,306,direct_mlp,1.6,90,0.5238430170576136
crossing_90_e_6,306,direct_mlp,2.0,90,0.682763327763182
crossing_90_e_6,306,direct_mlp,2.4000000000000004,90,0.8641922236618967
crossing_90_e_6,306,direct_mlp,2.8000000000000003,90,1.0257310037084464
crossing_90_e_6,306,direct_mlp,3.2,90,1.2115721342946746
crossing_90_e_6,306,direct_routed_control,0.4,90,0.12787851652676824
crossing_90_e_6,306,direct_routed_control,0.8,90,0.22919231472803578
crossing_90_e_6,306,direct_routed_control,1.2000000000000002,90,0.36965011609870996
crossing_90_e_6,306,direct_routed_control,1.6,90,0.5234654485951368
crossing_90_e_6,306,direct_routed_control,2.0,90,0.6823281199839456
crossing_90_e_6,306,direct_routed_control,2.4000000000000004,90,0.8636661434816192
crossing_90_e_6,306,direct_routed_control,2.8000000000000003,90,1.0252248253617169
crossing_90_e_6,306,direct_routed_control,3.2,90,1.2111272844924972
crossing_90_e_6,306,tensor_prior,0.4,90,0.13263316705479633
crossing_90_e_6,306,tensor_prior,0.8,90,0.2187018950950506
crossing_90_e_6,306,tensor_prior,1.2000000000000002,90,0.351988002823307
crossing_90_e_6,306,tensor_prior,1.6,90,0.48574591075306894
crossing_90_e_6,306,tensor_prior,2.0,90,0.617572309587334
crossing_90_e_6,306,tensor_prior,2.4000000000000004,90,0.7655312222778857
crossing_90_e_6,306,tensor_prior,2.8000000000000003,90,0.9073262972263371
crossing_90_e_6,306,tensor_prior,3.2,90,1.0515594969187891
crossing_90_e_6,306,gel_ped,0.4,90,0.1266633610757096
crossing_90_e_6,306,gel_ped,0.8,90,0.21779475012411362
crossing_90_e_6,306,gel_ped,1.2000000000000002,90,0.34486039751333775
crossing_90_e_6,306,gel_ped,1.6,90,0.4817927163856745
crossing_90_e_6,306,gel_ped,2.0,90,0.6109656981259248
crossing_90_e_6,306,gel_ped,2.4000000000000004,90,0.7682142121178873
crossing_90_e_6,306,gel_ped,2.8000000000000003,90,0.9246142210016556
crossing_90_e_6,306,gel_ped,3.2,90,1.0968097309928986
crossing_90_e_6,346,constant_velocity,0.4,107,0.1419893036288844
crossing_90_e_6,346,constant_velocity,0.8,107,0.2413825267580821
crossing_90_e_6,346,constant_velocity,1.2000000000000002,107,0.3932803718413911
crossing_90_e_6,346,constant_velocity,1.6,107,0.547939538957624
crossing_90_e_6,346,constant_velocity,2.0,107,0.7159499679716709
crossing_90_e_6,346,constant_velocity,2.4000000000000004,107,0.8949008691790844
crossing_90_e_6,346,constant_velocity,2.8000000000000003,107,1.0762402626788543
crossing_90_e_6,346,constant_velocity,3.2,107,1.2666451449060363
crossing_90_e_6,346,direct_mlp,0.4,107,0.12084953414289577
crossing_90_e_6,346,direct_mlp,0.8,107,0.2168495471005619
crossing_90_e_6,346,direct_mlp,1.2000000000000002,107,0.32605288364765617
crossing_90_e_6,346,direct_mlp,1.6,107,0.45505960552346353
crossing_90_e_6,346,direct_mlp,2.0,107,0.5895815588134169
crossing_90_e_6,346,direct_mlp,2.4000000000000004,107,0.7353617074923822
crossing_90_e_6,346,direct_mlp,2.8000000000000003,107,0.8888810524420868
crossing_90_e_6,346,direct_mlp,3.2,107,1.0548894907729318
crossing_90_e_6,346,direct_routed_control,0.4,107,0.12083394365295236
crossing_90_e_6,346,direct_routed_control,0.8,107,0.21671740558034064
crossing_90_e_6,346,direct_routed_control,1.2000000000000002,107,0.3258903714893837
crossing_90_e_6,346,direct_routed_control,1.6,107,0.4547414899176438
crossing_90_e_6,346,direct_routed_control,2.0,107,0.589184885493427
crossing_90_e_6,346,direct_routed_control,2.4000000000000004,107,0.7348632288421859
crossing_90_e_6,346,direct_routed_control,2.8000000000000003,107,0.8882797841020734
crossing_90_e_6,346,direct_routed_control,3.2,107,1.0541427678510626
crossing_90_e_6,346,tensor_prior,0.4,107,0.12085863863991149
crossing_90_e_6,346,tensor_prior,0.8,107,0.19830970266075745
crossing_90_e_6,346,tensor_prior,1.2000000000000002,107,0.3074261279154294
crossing_90_e_6,346,tensor_prior,1.6,107,0.4221023011185846
crossing_90_e_6,346,tensor_prior,2.0,107,0.5445282669677485
crossing_90_e_6,346,tensor_prior,2.4000000000000004,107,0.668497049159396
crossing_90_e_6,346,tensor_prior,2.8000000000000003,107,0.7955439794926715
crossing_90_e_6,346,tensor_prior,3.2,107,0.9166777404418718
crossing_90_e_6,346,gel_ped,0.4,107,0.11734596473502396
crossing_90_e_6,346,gel_ped,0.8,107,0.20604632471723336
crossing_90_e_6,346,gel_ped,1.2000000000000002,107,0.3112166859750684
crossing_90_e_6,346,gel_ped,1.6,107,0.43075640543857024
crossing_90_e_6,346,gel_ped,2.0,107,0.5626050562132202
crossing_90_e_6,346,gel_ped,2.4000000000000004,107,0.6976960831356213
crossing_90_e_6,346,gel_ped,2.8000000000000003,107,0.8377178465966845
crossing_90_e_6,346,gel_ped,3.2,107,0.9855485159638555
crossing_90_e_6,386,constant_velocity,0.4,122,0.1363832130509733
crossing_90_e_6,386,constant_velocity,0.8,122,0.23228594134724478
crossing_90_e_6,386,constant_velocity,1.2000000000000002,122,0.3554000154371547
crossing_90_e_6,386,constant_velocity,1.6,122,0.501106063915743
crossing_90_e_6,386,constant_velocity,2.0,122,0.6479458308179636
crossing_90_e_6,386,constant_velocity,2.4000000000000004,122,0.8264530616690412
crossing_90_e_6,386,constant_velocity,2.8000000000000003,122,1.009592103381842
crossing_90_e_6,386,constant_velocity,3.2,122,1.1749297266491296
crossing_90_e_6,386,direct_mlp,0.4,122,0.11446207498210079
crossing_90_e_6,386,direct_mlp,0.8,122,0.19404520459736585
crossing_90_e_6,386,direct_mlp,1.2000000000000002,122,0.29024027232379407
crossing_90_e_6,386,direct_mlp,1.6,122,0.41311114115731007
crossing_90_e_6,386,direct_mlp,2.0,122,0.533002694160466
crossing_90_e_6,386,direct_mlp,2.4000000000000004,122,0.6696729408354541
crossing_90_e_6,386,direct_mlp,2.8000000000000003,122,0.8087303852157269
crossing_90_e_6,386,direct_mlp,3.2,122,0.9568371810093028
crossing_90_e_6,386,direct_routed_control,0.4,122,0.11443475628293547
crossing_90_e_6,386,direct_routed_control,0.8,122,0.19392163944627616
crossing_90_e_6,386,direct_routed_control,1.2000000000000002,122,0.2901115681202683
crossing_90_e_6,386,direct_routed_control,1.6,122,0.41288283585921715
crossing_90_e_6,386,direct_routed_control,2.0,122,0.5326601238353426
crossing_90_e_6,386,direct_routed_control,2.4000000000000004,122,0.6692504591972706
crossing_90_e_6,386,direct_routed_control,2.8000000000000003,122,0.8082293221566721
crossing_90_e_6,386,direct_routed_control,3.2,122,0.9561654194729514
crossing_90_e_6,386,tensor_prior,0.4,122,0.1178199796788815
crossing_90_e_6,386,tensor_prior,0.8,122,0.18657498229129743
crossing_90_e_6,386,tensor_prior,1.2000000000000002,122,0.2741483286705318
crossing_90_e_6,386,tensor_prior,1.6,122,0.3702105608386342
crossing_90_e_6,386,tensor_prior,2.0,122,0.4608580891267271
crossing_90_e_6,386,tensor_prior,2.4000000000000004,122,0.5771204928906439
crossing_90_e_6,386,tensor_prior,2.8000000000000003,122,0.6886480138223087
crossing_90_e_6,386,tensor_prior,3.2,122,0.8024474005991906
crossing_90_e_6,386,gel_ped,0.4,122,0.11340073022034981
crossing_90_e_6,386,gel_ped,0.8,122,0.19046077715707285
crossing_90_e_6,386,gel_ped,1.2000000000000002,122,0.28701722557119386
crossing_90_e_6,386,gel_ped,1.6,122,0.406602373587859
crossing_90_e_6,386,gel_ped,2.0,122,0.5220889183153724
crossing_90_e_6,386,gel_ped,2.4000000000000004,122,0.6539663921486925
crossing_90_e_6,386,gel_ped,2.8000000000000003,122,0.7859875935604064
crossing_90_e_6,386,gel_ped,3.2,122,0.9238374762947058
crossing_90_e_6,426,constant_velocity,0.4,124,0.15794847616379307
crossing_90_e_6,426,constant_velocity,0.8,124,0.2539275749044383
crossing_90_e_6,426,constant_velocity,1.2000000000000002,124,0.3602493497646003
crossing_90_e_6,426,constant_velocity,1.6,124,0.5031824124295357
crossing_90_e_6,426,constant_velocity,2.0,124,0.6486644152311568
crossing_90_e_6,426,constant_velocity,2.4000000000000004,124,0.810985423699751
crossing_90_e_6,426,constant_velocity,2.8000000000000003,124,0.9964002867250599
crossing_90_e_6,426,constant_velocity,3.2,124,1.1944960335551131
crossing_90_e_6,426,direct_mlp,0.4,124,0.11955158536608451
crossing_90_e_6,426,direct_mlp,0.8,124,0.18643238216989896
crossing_90_e_6,426,direct_mlp,1.2000000000000002,124,0.2564360023546041
crossing_90_e_6,426,direct_mlp,1.6,124,0.3626498047196204
crossing_90_e_6,426,direct_mlp,2.0,124,0.4723399787430564
crossing_90_e_6,426,direct_mlp,2.4000000000000004,124,0.58221546067404
crossing_90_e_6,426,direct_mlp,2.8000000000000003,124,0.7336421355445824
crossing_90_e_6,426,direct_mlp,3.2,124,0.8900871564351717
crossing_90_e_6,426,direct_routed_control,0.4,124,0.1196129112575218
crossing_90_e_6,426,direct_routed_control,0.8,124,0.18639943797546332
crossing_90_e_6,426,direct_routed_control,1.2000000000000002,124,0.2563336327021645
crossing_90_e_6,426,direct_routed_control,1.6,124,0.3625241388590836
crossing_90_e_6,426,direct_routed_control,2.0,124,0.4720868115148192
crossing_90_e_6,426,direct_routed_control,2.4000000000000004,124,0.5819027946207767
crossing_90_e_6,426,direct_routed_control,2.8000000000000003,124,0.7332842414622968
crossing_90_e_6,426,direct_routed_control,3.2,124,0.8896514979563872
crossing_90_e_6,426,tensor_prior,0.4,124,0.13046659445212233
crossing_90_e_6,426,tensor_prior,0.8,124,0.18931190580552107
crossing_90_e_6,426,tensor_prior,1.2000000000000002,124,0.24690235352608206
crossing_90_e_6,426,tensor_prior,1.6,124,0.3318831726073169
crossing_90_e_6,426,tensor_prior,2.0,124,0.42225537826503895
crossing_90_e_6,426,tensor_prior,2.4000000000000004,124,0.5197046727151391
crossing_90_e_6,426,tensor_prior,2.8000000000000003,124,0.6511752327762875
crossing_90_e_6,426,tensor_prior,3.2,124,0.7917823928286808
crossing_90_e_6,426,gel_ped,0.4,124,0.11739334554740068
crossing_90_e_6,426,gel_ped,0.8,124,0.1832450485530002
crossing_90_e_6,426,gel_ped,1.2000000000000002,124,0.2459428225494771
crossing_90_e_6,426,gel_ped,1.6,124,0.3423489269544028
crossing_90_e_6,426,gel_ped,2.0,124,0.44384957551811505
crossing_90_e_6,426,gel_ped,2.4000000000000004,124,0.5490988052170482
crossing_90_e_6,426,gel_ped,2.8000000000000003,124,0.6892622959268193
crossing_90_e_6,426,gel_ped,3.2,124,0.8347476086703565
crossing_90_e_6,466,constant_velocity,0.4,127,0.15434196052623228
crossing_90_e_6,466,constant_velocity,0.8,127,0.2578780035562239
crossing_90_e_6,466,constant_velocity,1.2000000000000002,127,0.37133567709182186
crossing_90_e_6,466,constant_velocity,1.6,127,0.5160824478167164
crossing_90_e_6,466,constant_velocity,2.0,127,0.6623010144595869
crossing_90_e_6,466,constant_velocity,2.4000000000000004,127,0.8174182670877169
crossing_90_e_6,466,constant_velocity,2.8000000000000003,127,0.9664962746519505
crossing_90_e_6,466,constant_velocity,3.2,127,1.1394378425721974
crossing_90_e_6,466,direct_mlp,0.4,127,0.12098738026652787
crossing_90_e_6,466,direct_mlp,0.8,127,0.18525945412679118
crossing_90_e_6,466,direct_mlp,1.2000000000000002,127,0.27203250095582265
crossing_90_e_6,466,direct_mlp,1.6,127,0.3824335246676579
crossing_90_e_6,466,direct_mlp,2.0,127,0.5056881922452323
crossing_90_e_6,466,direct_mlp,2.4000000000000004,127,0.6384655375188713
crossing_90_e_6,466,direct_mlp,2.8000000000000003,127,0.7973855734559894
crossing_90_e_6,466,direct_mlp,3.2,127,0.9682341313734195
crossing_90_e_6,466,direct_routed_control,0.4,127,0.12100060213951999
crossing_90_e_6,466,direct_routed_control,0.8,127,0.1852543702218247
crossing_90_e_6,466,direct_routed_control,1.2000000000000002,127,0.27199741999430216
crossing_90_e_6,466,direct_routed_control,1.6,127,0.3823824035931046
crossing_90_e_6,466,direct_routed_control,2.0,127,0.5056431363719488
crossing_90_e_6,466,direct_routed_control,2.4000000000000004,127,0.6384108652098333
crossing_90_e_6,466,direct_routed_control,2.8000000000000003,127,0.7973503085757245
crossing_90_e_6,466,direct_routed_control,3.2,127,0.9680353602754036
crossing_90_e_6,466,tensor_prior,0.4,127,0.12718070074345778
crossing_90_e_6,466,tensor_prior,0.8,127,0.18810008367423883
crossing_90_e_6,466,tensor_prior,1.2000000000000002,127,0.25800650360721095
crossing_90_e_6,466,tensor_prior,1.6,127,0.3550347173932612
crossing_90_e_6,466,tensor_prior,2.0,127,0.4495750344031624
crossing_90_e_6,466,tensor_prior,2.4000000000000004,127,0.5551942184468174
crossing_90_e_6,466,tensor_prior,2.8000000000000003,127,0.672071667534236
crossing_90_e_6,466,tensor_prior,3.2,127,0.8044033398084904
crossing_90_e_6,466,gel_ped,0.4,127,0.1185774836751988
crossing_90_e_6,466,gel_ped,0.8,127,0.177621186797289
crossing_90_e_6,466,gel_ped,1.2000000000000002,127,0.25989477334615263
crossing_90_e_6,466,gel_ped,1.6,127,0.3677778981016068
crossing_90_e_6,466,gel_ped,2.0,127,0.48154765894649343
crossing_90_e_6,466,gel_ped,2.4000000000000004,127,0.6065211480597782
crossing_90_e_6,466,gel_ped,2.8000000000000003,127,0.7570883800310276
crossing_90_e_6,466,gel_ped,3.2,127,0.920781209419062
crossing_90_e_6,506,constant_velocity,0.4,126,0.14056991772363586
crossing_90_e_6,506,constant_velocity,0.8,126,0.23325761871329156
crossing_90_e_6,506,constant_velocity,1.2000000000000002,126,0.3513503206865452
crossing_90_e_6,506,constant_velocity,1.6,126,0.4949133592714865
crossing_90_e_6,506,constant_velocity,2.0,126,0.6456692069587577
crossing_90_e_6,506,constant_velocity,2.4000000000000004,126,0.8008862626017322
crossing_90_e_6,506,constant_velocity,2.8000000000000003,126,0.9636723193284756
crossing_90_e_6,506,constant_velocity,3.2,126,1.1567868245564086
crossing_90_e_6,506,direct_mlp,0.4,126,0.12614805663233036
crossing_90_e_6,506,direct_mlp,0.8,126,0.1972844913521917
crossing_90_e_6,506,direct_mlp,1.2000000000000002,126,0.3045344843518205
crossing_90_e_6,506,direct_mlp,1.6,126,0.43511790765977815
crossing_90_e_6,506,direct_mlp,2.0,126,0.5683868859321948
crossing_90_e_6,506,direct_mlp,2.4000000000000004,126,0.7153294306374828
crossing_90_e_6,506,direct_mlp,2.8000000000000003,126,0.8757736558131667
crossing_90_e_6,506,direct_mlp,3.2,126,1.0505489043655072
crossing_90_e_6,506,direct_routed_control,0.4,126,0.12615454788273092
crossing_90_e_6,506,direct_routed_control,0.8,126,0.19728321100826626
crossing_90_e_6,506,direct_routed_control,1.2000000000000002,126,0.30448503007404365
crossing_90_e_6,506,direct_routed_control,1.6,126,0.4349660572396224
crossing_90_e_6,506,direct_routed_control,2.0,126,0.5681391210782822
crossing_90_e_6,506,direct_routed_control,2.4000000000000004,126,0.7150722051501555
crossing_90_e_6,506,direct_routed_control,2.8000000000000003,126,0.8755193795035133
crossing_90_e_6,506,direct_routed_control,3.2,126,1.05030026591105
crossing_90_e_6,506,tensor_prior,0.4,126,0.12477092451161602
crossing_90_e_6,506,tensor_prior,0.8,126,0.18788270605152615
crossing_90_e_6,506,tensor_prior,1.2000000000000002,126,0.2685768508041828
crossing_90_e_6,506,tensor_prior,1.6,126,0.3765666069214019
crossing_90_e_6,506,tensor_prior,2.0,126,0.47855046170578464
crossing_90_e_6,506,tensor_prior,2.4000000000000004,126,0.5892616208830553
crossing_90_e_6,506,tensor_prior,2.8000000000000003,126,0.7093832655117959
crossing_90_e_6,506,tensor_prior,3.2,126,0.8540700978567867
crossing_90_e_6,506,gel_ped,0.4,126,0.12405504125298118
crossing_90_e_6,506,gel_ped,0.8,126,0.19652540569418647
crossing_90_e_6,506,gel_ped,1.2000000000000002,126,0.2994920578648135
crossing_90_e_6,506,gel_ped,1.6,126,0.4279140065544082
crossing_90_e_6,506,gel_ped,2.0,126,0.5567108843497307
crossing_90_e_6,506,gel_ped,2.4000000000000004,126,0.6997958646028766
crossing_90_e_6,506,gel_ped,2.8000000000000003,126,0.8532263150076714
crossing_90_e_6,506,gel_ped,3.2,126,1.0241519192447675
