seed,dataset,run,model,samples,vector_rmse_mps,displacement_mae_m,speed_mae_mps,median_angle_deg,vector_r2
20260722,familiar corridor,bi_corr_400_a_03,constant velocity,6000.0,0.24217453303901043,0.08445521244335233,0.07944432388059236,27.766052748808992,0.7031151266642521
20260722,familiar corridor,bi_corr_400_a_03,direct MLP,6000.0,0.16406769885200873,0.05481276539565168,0.07184640702858944,12.503066107364601,0.8637372021087788
20260722,familiar corridor,bi_corr_400_a_03,graph interaction network,6000.0,0.15156485487087945,0.05127103491952853,0.07351784416831304,11.226622671851613,0.8837138092652146
20260722,familiar corridor,bi_corr_400_a_03,anchored coarse MLP,6000.0,0.16105102440136385,0.05393503041354208,0.07691818226097853,12.211665277918437,0.8687019997760858
20260722,familiar corridor,bi_corr_400_a_03,matched direct control,6000.0,0.1524986494053492,0.051218932531147204,0.0719074184535125,11.489520695087432,0.8822765114933735
20260722,familiar corridor,bi_corr_400_a_03,GEL-Ped,6000.0,0.14977641922374857,0.05053325254200021,0.07298697306207778,10.975636937211506,0.8864419267316952
20260722,familiar corridor,bi_corr_400_b_02,constant velocity,3989.0,0.20200101938875034,0.06818954265658131,0.06703854189258192,5.715251672938875,0.9738716533159921
20260722,familiar corridor,bi_corr_400_b_02,direct MLP,3989.0,0.19191788020369244,0.06392134128215472,0.06643414982530214,5.052876331594754,0.9764150106870315
20260722,familiar corridor,bi_corr_400_b_02,graph interaction network,3989.0,0.17275053581383543,0.05819424702426145,0.06464741897545613,4.6284753805820325,0.9808907512478626
20260722,familiar corridor,bi_corr_400_b_02,anchored coarse MLP,3989.0,0.19418299093537675,0.06545712961171422,0.0742365171591994,5.161661270518393,0.975855001661015
20260722,familiar corridor,bi_corr_400_b_02,matched direct control,3989.0,0.17388857857032086,0.058220975747933834,0.06537987756555216,4.443285020774516,0.9806381468234535
20260722,familiar corridor,bi_corr_400_b_02,GEL-Ped,3989.0,0.17290148296404284,0.058143975173324994,0.06492366024508935,4.547766041425649,0.9808573418365236
20260722,familiar corridor,bi_corr_400_b_04,constant velocity,6000.0,0.24691608702471524,0.08549370003286452,0.08247253974370529,21.45462330034071,0.7991760351806156
20260722,familiar corridor,bi_corr_400_b_04,direct MLP,6000.0,0.18934109518782613,0.06287744648996797,0.07844640008298458,11.720540546876713,0.8819117912800565
20260722,familiar corridor,bi_corr_400_b_04,graph interaction network,6000.0,0.1750279348549831,0.058052394760708476,0.07900332470288612,10.303047128384565,0.899090628237497
20260722,familiar corridor,bi_corr_400_b_04,anchored coarse MLP,6000.0,0.19032279400293256,0.06343564907195323,0.08451076605640112,11.862044959729625,0.8806840854329991
20260722,familiar corridor,bi_corr_400_b_04,matched direct control,6000.0,0.17567668580691895,0.05798632419993487,0.07805750534571525,10.331444531882234,0.8983411892864653
20260722,familiar corridor,bi_corr_400_b_04,GEL-Ped,6000.0,0.1729792848693931,0.05746519802617113,0.07822906756387833,10.252311320892384,0.9014390320892713
20260722,familiar corridor,bi_corr_400_b_06,constant velocity,6000.0,0.24043969425897518,0.0828475246207808,0.08300338558588707,28.750992740098447,0.6498621674432152
20260722,familiar corridor,bi_corr_400_b_06,direct MLP,6000.0,0.18065369288881242,0.06034116885552994,0.07631963515739922,15.336431910312033,0.80233927114977
20260722,familiar corridor,bi_corr_400_b_06,graph interaction network,6000.0,0.16856667226960556,0.05620040095018563,0.07824995792543162,12.981070894118702,0.8279042554294151
20260722,familiar corridor,bi_corr_400_b_06,anchored coarse MLP,6000.0,0.18037659152917473,0.06019845281763079,0.08046249770747003,15.130809465062141,0.8029451823704443
20260722,familiar corridor,bi_corr_400_b_06,matched direct control,6000.0,0.169285445992163,0.05643998765510028,0.07632559198627124,13.671621745202787,0.8264334827884665
20260722,familiar corridor,bi_corr_400_b_06,GEL-Ped,6000.0,0.16690246530559044,0.05555905597690719,0.07706480690139444,12.99859187774799,0.8312855780675865
20260722,familiar corridor,bi_corr_400_b_10,constant velocity,6000.0,0.2413845605907725,0.08367923363463499,0.07314882161574661,24.79935929954083,0.7315965912339923
20260722,familiar corridor,bi_corr_400_b_10,direct MLP,6000.0,0.15004128843741132,0.0501854619701977,0.0656700084636272,10.529918446682892,0.8962971671495833
20260722,familiar corridor,bi_corr_400_b_10,graph interaction network,6000.0,0.14392539484556433,0.04867556560699571,0.06750460409535038,9.911681251158546,0.9045790118708988
20260722,familiar corridor,bi_corr_400_b_10,anchored coarse MLP,6000.0,0.14950560777326136,0.050237999253392646,0.0711762699397431,10.29470593515126,0.8970363295119551
20260722,familiar corridor,bi_corr_400_b_10,matched direct control,6000.0,0.14205688304882025,0.0476778093484152,0.06640979443016971,9.645504305276324,0.9070405355367529
20260722,familiar corridor,bi_corr_400_b_10,GEL-Ped,6000.0,0.14175790610214323,0.04781570133714855,0.06689611131672052,9.73893403942122,0.9074314140294077
20260722,altered geometry,bi_corr_400_a_04,constant velocity,6000.0,0.23224655835413516,0.08015688038305871,0.07711836731669927,31.297778709325655,0.6166025777487971
20260722,altered geometry,bi_corr_400_a_04,direct MLP,6000.0,0.16968023013299732,0.056135902543233696,0.07049659800448829,14.825627136747206,0.7953493615774718
20260722,altered geometry,bi_corr_400_a_04,graph interaction network,6000.0,0.15666531571713774,0.0521820613670925,0.07266661135639288,12.914109610235169,0.8255398139766514
20260722,altered geometry,bi_corr_400_a_04,anchored coarse MLP,6000.0,0.16603775477232652,0.05493595178488786,0.07331402931606797,14.326178617363809,0.8040414041562989
20260722,altered geometry,bi_corr_400_a_04,matched direct control,6000.0,0.15945255906151246,0.05241449486512904,0.07134026737449627,13.083381775111347,0.8192769272722193
20260722,altered geometry,bi_corr_400_a_04,GEL-Ped,6000.0,0.15518587081536886,0.051455836776196966,0.07158530123673025,12.62162276892487,0.8288192322411561
20260722,altered geometry,bi_corr_400_a_05,constant velocity,6000.0,0.23276356402620538,0.08059935718996895,0.0737396714992956,30.50074392759699,0.5835486638110252
20260722,altered geometry,bi_corr_400_a_05,direct MLP,6000.0,0.16264778450704703,0.05481258446025442,0.06934936902453494,14.376153797285173,0.7966563724106175
20260722,altered geometry,bi_corr_400_a_05,graph interaction network,6000.0,0.15131167982267954,0.05146087717251096,0.07111940327985602,12.993095556858956,0.8240135752362961
20260722,altered geometry,bi_corr_400_a_05,anchored coarse MLP,6000.0,0.16005631224688374,0.05402150185522836,0.07261178012570749,14.320624902759224,0.8030845121072441
20260722,altered geometry,bi_corr_400_a_05,matched direct control,6000.0,0.15252833780390826,0.05148455758742864,0.06965613227224378,13.32942110179909,0.8211720746821516
20260722,altered geometry,bi_corr_400_a_05,GEL-Ped,6000.0,0.1496115530520293,0.050782660583411354,0.07021425689449144,12.896125971409205,0.8279460983860149
20260722,altered geometry,bi_corr_400_b_08,constant velocity,6000.0,0.22545157593818366,0.07631024604162079,0.07685683148791325,33.84217644323421,0.5434028619208883
20260722,altered geometry,bi_corr_400_b_08,direct MLP,6000.0,0.17181180765276854,0.05763527903518578,0.07283970131722856,16.395298036530495,0.7348249567167147
20260722,altered geometry,bi_corr_400_b_08,graph interaction network,6000.0,0.16003684490050665,0.053743574611913696,0.07339329862715699,14.595868351285432,0.7699265019028304
20260722,altered geometry,bi_corr_400_b_08,anchored coarse MLP,6000.0,0.17067232002166569,0.057196946168094766,0.07481425964989073,16.292408259704917,0.7383306724570753
20260722,altered geometry,bi_corr_400_b_08,matched direct control,6000.0,0.15971455328303347,0.05325603473540422,0.07102394005569279,14.761057928159818,0.7708522399140152
20260722,altered geometry,bi_corr_400_b_08,GEL-Ped,6000.0,0.15724503593607123,0.052639265967520214,0.07172361790197496,14.316336816113633,0.7778836529643836
20260722,crossing topology,crossing_90_d_1,constant velocity,6000.0,0.35683039381184534,0.1224721366123736,0.17401622502070313,8.72070159670955,0.8957039557285599
20260722,crossing topology,crossing_90_d_1,direct MLP,6000.0,0.36530442060005597,0.12472732839540589,0.20881276290915443,8.104927096771348,0.8906914801012916
20260722,crossing topology,crossing_90_d_1,graph interaction network,6000.0,0.3910861198771116,0.12203353938306682,0.1874423221822102,8.887125851955242,0.8747179175927853
20260722,crossing topology,crossing_90_d_1,anchored coarse MLP,6000.0,0.3514056950275224,0.12005067710883013,0.19039587246226128,8.414077230072841,0.8988509636743672
20260722,crossing topology,crossing_90_d_1,matched direct control,6000.0,0.4119262088598944,0.13796940931113444,0.24882292226522426,8.316209524332292,0.8610101750042779
20260722,crossing topology,crossing_90_d_1,GEL-Ped,6000.0,0.3390923767721839,0.11570053121198004,0.18148822311871,8.266688438865975,0.9058153320228071
20260722,crossing topology,crossing_90_d_2,constant velocity,6000.0,0.3716476917334928,0.12581251622496464,0.19118020736181263,6.563610274460795,0.9113385400982763
20260722,crossing topology,crossing_90_d_2,direct MLP,6000.0,0.390614770329299,0.13308856376810893,0.23359851454196376,6.440859874909803,0.902057920417721
20260722,crossing topology,crossing_90_d_2,graph interaction network,6000.0,0.37377187968333553,0.1253201558888611,0.1882632713752169,7.167273040024108,0.9103221375842249
20260722,crossing topology,crossing_90_d_2,anchored coarse MLP,6000.0,0.3689676167242949,0.12410883801965954,0.19495061250019474,6.779489578364988,0.91261266391033
20260722,crossing topology,crossing_90_d_2,matched direct control,6000.0,0.4599487671724424,0.15677552277743168,0.3005317140375857,6.92369184166178,0.8642027682674746
20260722,crossing topology,crossing_90_d_2,GEL-Ped,6000.0,0.3583139840864641,0.12013734756040798,0.18887082057589585,6.560330422798151,0.9175862806543609
20260722,crossing topology,crossing_90_d_3,constant velocity,6000.0,0.3513820018127232,0.11759818904518907,0.18059168020043193,5.3232179851629144,0.9222378506103605
20260722,crossing topology,crossing_90_d_3,direct MLP,6000.0,0.37383629700152693,0.12555758608412543,0.2128381173084486,5.39252438952101,0.9119818647764688
20260722,crossing topology,crossing_90_d_3,graph interaction network,6000.0,0.3705885556893787,0.12400797969858318,0.1798990112187497,6.204115869823588,0.913504554876904
20260722,crossing topology,crossing_90_d_3,anchored coarse MLP,6000.0,0.3628147823533852,0.12106280665922126,0.18833488374850565,5.609951687262477,0.9170952951005237
20260722,crossing topology,crossing_90_d_3,matched direct control,6000.0,0.41587522951740974,0.14044744196659806,0.253005025567491,5.708512158396578,0.8910730513463669
20260722,crossing topology,crossing_90_d_3,GEL-Ped,6000.0,0.35440241513349025,0.11850849790020584,0.17925359237162183,5.6319196336917265,0.9208952474252248
20260722,crossing topology,crossing_90_d_5,constant velocity,6000.0,0.3648707337451854,0.12500232820894883,0.18142599642727206,8.567974707482186,0.8717028599760731
20260722,crossing topology,crossing_90_d_5,direct MLP,6000.0,0.3540363463207355,0.12083228270987818,0.18636647188253008,8.284271588913617,0.8792089892075595
20260722,crossing topology,crossing_90_d_5,graph interaction network,6000.0,0.3745670810659682,0.12185997782941041,0.18412428983186113,8.624551080007773,0.8647933263418552
20260722,crossing topology,crossing_90_d_5,anchored coarse MLP,6000.0,0.3586938048844777,0.1222597125824704,0.18881071877623704,8.592413321910197,0.8760099979996077
20260722,crossing topology,crossing_90_d_5,matched direct control,6000.0,0.3647907407994162,0.12471943038762168,0.20086747016388365,8.256545553121107,0.871759108615486
20260722,crossing topology,crossing_90_d_5,GEL-Ped,6000.0,0.3473638010448189,0.11891117545664182,0.18154362740900074,8.31404419358952,0.8837191943658473
20260722,crossing topology,crossing_90_d_6,constant velocity,6000.0,0.3721668805511402,0.12716418505834937,0.1635153453002269,13.269894489342114,0.8212159530293817
20260722,crossing topology,crossing_90_d_6,direct MLP,6000.0,0.33523820246895475,0.11292503039021468,0.17141658775614163,11.267260414919955,0.8549357737566964
20260722,crossing topology,crossing_90_d_6,graph interaction network,6000.0,0.3363659716694228,0.11357209702350833,0.17349858388672829,11.537758639053497,0.853958115807774
20260722,crossing topology,crossing_90_d_6,anchored coarse MLP,6000.0,0.3419442062592925,0.1151586422292988,0.17884032578352205,11.654767062398209,0.8490740846350071
20260722,crossing topology,crossing_90_d_6,matched direct control,6000.0,0.33949933508364794,0.11427071722806795,0.18161462883441057,11.13449347984975,0.8512245833098409
20260722,crossing topology,crossing_90_d_6,GEL-Ped,6000.0,0.33158791206793725,0.11198081912161068,0.17283068463119336,11.259597373150084,0.8580776808239162
20260722,crossing topology,crossing_90_d_7,constant velocity,6000.0,0.3713272681936605,0.12735056374890086,0.16149738690449966,17.12574503734647,0.788736895874658
20260722,crossing topology,crossing_90_d_7,direct MLP,6000.0,0.325425792152401,0.10912547188172167,0.16717761782720583,12.79698954727016,0.83773908788938
20260722,crossing topology,crossing_90_d_7,graph interaction network,6000.0,0.3224979756702824,0.10874458074125869,0.1714652282814941,12.628193665652969,0.840645637461356
20260722,crossing topology,crossing_90_d_7,anchored coarse MLP,6000.0,0.32968450645386066,0.11102123153142705,0.17365721193363043,13.102988505403076,0.8334644148264296
20260722,crossing topology,crossing_90_d_7,matched direct control,6000.0,0.33072747580947537,0.11074587500803323,0.18019246795361724,12.483657424707513,0.8324090649487712
20260722,crossing topology,crossing_90_d_7,GEL-Ped,6000.0,0.3202075955431407,0.10800512951407491,0.17166799109863212,12.6086208164362,0.8429010687603797
20260722,crossing topology,crossing_90_d_8,constant velocity,6000.0,0.3742853356732,0.1264467669056309,0.16161875726497257,18.547956358017906,0.7763881589824588
20260722,crossing topology,crossing_90_d_8,direct MLP,6000.0,0.33322526871800906,0.1090742535622885,0.16891650541157632,13.590758533205928,0.8227586591156411
20260722,crossing topology,crossing_90_d_8,graph interaction network,6000.0,0.3305456386538112,0.10907743179756531,0.17278009476355707,13.613681521577352,0.8255977691759617
20260722,crossing topology,crossing_90_d_8,anchored coarse MLP,6000.0,0.33590798027097096,0.11107503587827622,0.17485237197526157,13.875841208505488,0.8198933217510155
20260722,crossing topology,crossing_90_d_8,matched direct control,6000.0,0.33440031603829345,0.10982461823935488,0.18109653085196897,13.271061190186474,0.8215064481545553
20260722,crossing topology,crossing_90_d_8,GEL-Ped,6000.0,0.32551035071520457,0.10763651935541317,0.17232860279322842,13.294137728905152,0.830870728100491
20260722,crossing topology,crossing_90_e_1,constant velocity,6000.0,0.35939232639391916,0.12234492939133912,0.1573804389608507,11.267423367569096,0.8651895159033379
20260722,crossing topology,crossing_90_e_1,direct MLP,6000.0,0.339614599667065,0.11454667010875047,0.17201492978999666,9.818776750460628,0.8796187712534111
20260722,crossing topology,crossing_90_e_1,graph interaction network,6000.0,0.3389548685682869,0.11473593414653137,0.1648303994719954,10.534880488053751,0.880086019133665
20260722,crossing topology,crossing_90_e_1,anchored coarse MLP,6000.0,0.3393011896820829,0.11424579314501536,0.16956261011334361,10.045781432466363,0.8798408539928505
20260722,crossing topology,crossing_90_e_1,matched direct control,6000.0,0.35608216722489555,0.12038006396520502,0.18974420080734478,10.000894948751416,0.8676614056810688
20260722,crossing topology,crossing_90_e_1,GEL-Ped,6000.0,0.32981065048209296,0.11169819445752178,0.16390017019012967,9.994214111495438,0.8864687497694211
20260722,crossing topology,crossing_90_e_2,constant velocity,6000.0,0.39239198321268404,0.1327905253401304,0.17145671437485585,13.384136991457645,0.8345495480714679
20260722,crossing topology,crossing_90_e_2,direct MLP,6000.0,0.3803304562627841,0.12658982380960393,0.18358022660835213,12.297209661113232,0.8445646072901755
20260722,crossing topology,crossing_90_e_2,graph interaction network,6000.0,0.376408332960855,0.12526697299953174,0.17813104355409815,12.745742882801613,0.8477539041437565
20260722,crossing topology,crossing_90_e_2,anchored coarse MLP,6000.0,0.38040565879850674,0.12625472234569837,0.18191610869777117,12.447480206876406,0.8445031329006094
20260722,crossing topology,crossing_90_e_2,matched direct control,6000.0,0.3932922181164388,0.13056860548033936,0.20111839419328692,12.27003711483035,0.8337895166041055
20260722,crossing topology,crossing_90_e_2,GEL-Ped,6000.0,0.36951552080493777,0.12311937274658419,0.1782227933373737,12.160422148532078,0.8532787306514686
20260722,crossing topology,crossing_90_e_3,constant velocity,6000.0,0.39957679467625495,0.13607070488082046,0.18458057527112165,12.190465709481275,0.8116284719853581
20260722,crossing topology,crossing_90_e_3,direct MLP,6000.0,0.39210265191633675,0.13274441479026186,0.19072681323456553,11.754733738307733,0.8186095983957874
20260722,crossing topology,crossing_90_e_3,graph interaction network,6000.0,0.3878677580316745,0.13134947048868378,0.19116328650579445,11.571887273773148,0.8225066432341568
20260722,crossing topology,crossing_90_e_3,anchored coarse MLP,6000.0,0.4000106575996229,0.135399112010063,0.19769354321889837,11.986516066324128,0.8112191799895264
20260722,crossing topology,crossing_90_e_3,matched direct control,6000.0,0.39327800892866593,0.13334940702776565,0.20124611699630707,11.52874844892526,0.8175205059418441
20260722,crossing topology,crossing_90_e_3,GEL-Ped,6000.0,0.3847888535392166,0.1303141010151998,0.19060124554971775,11.357949000472026,0.8253133528701813
20260722,crossing topology,crossing_90_e_4,constant velocity,6000.0,0.3968828257102466,0.13565822380348355,0.16099521181939205,18.661137170390514,0.7708363057252939
20260722,crossing topology,crossing_90_e_4,direct MLP,6000.0,0.36948472965394374,0.12294741976822557,0.1724788111724744,15.230728510777627,0.8013840183829488
20260722,crossing topology,crossing_90_e_4,graph interaction network,6000.0,0.36349838851096433,0.12160033394797579,0.17492808108235502,14.620590699789844,0.8077677796453705
20260722,crossing topology,crossing_90_e_4,anchored coarse MLP,6000.0,0.3736089390115644,0.12470505645812967,0.18076738269739842,15.265871397958843,0.7969253469784141
20260722,crossing topology,crossing_90_e_4,matched direct control,6000.0,0.37415522277422464,0.12407393016082831,0.1854382274211505,14.551828525180717,0.7963310491526413
20260722,crossing topology,crossing_90_e_4,GEL-Ped,6000.0,0.3594668721106765,0.12033172958125633,0.174049556410145,14.60325469588113,0.8120081819590239
20260722,crossing topology,crossing_90_e_5,constant velocity,6000.0,0.3887050131392485,0.1327919107425057,0.15472858811706852,21.93781186591007,0.7320265103555992
20260722,crossing topology,crossing_90_e_5,direct MLP,6000.0,0.3506824059594852,0.11704954972513093,0.1624599521167426,16.397651618126503,0.7818880285310957
20260722,crossing topology,crossing_90_e_5,graph interaction network,6000.0,0.34423565323358246,0.11611252793185117,0.169891739346978,15.928860703245377,0.7898336186703558
20260722,crossing topology,crossing_90_e_5,anchored coarse MLP,6000.0,0.3550991859019315,0.11911659410617864,0.1718661350725231,16.739812192027884,0.7763592698139856
20260722,crossing topology,crossing_90_e_5,matched direct control,6000.0,0.35602035938616633,0.11871361200883446,0.17830866175447901,15.803470851537536,0.7751974585247436
20260722,crossing topology,crossing_90_e_5,GEL-Ped,6000.0,0.34249298474398887,0.11542892224148296,0.16902356931263238,15.732527649887174,0.7919561371763317
20260722,crossing topology,crossing_90_e_6,constant velocity,6000.0,0.36952248254222186,0.12473434654544874,0.15499084428921012,18.447499685565695,0.8002207625116945
20260722,crossing topology,crossing_90_e_6,direct MLP,6000.0,0.35281367834595007,0.11692854398996176,0.1701142047321058,14.843982220721488,0.8178792435628035
20260722,crossing topology,crossing_90_e_6,graph interaction network,6000.0,0.3440893507270581,0.11461710529906932,0.16772666080733598,14.738875884712064,0.8267747962330525
20260722,crossing topology,crossing_90_e_6,anchored coarse MLP,6000.0,0.3509235057659629,0.11661331143605252,0.1708095639671603,15.268003314833546,0.819825412672293
20260722,crossing topology,crossing_90_e_6,matched direct control,6000.0,0.3671665629853249,0.11967361721883917,0.18736662587552197,14.449116953826735,0.8027600582666636
20260722,crossing topology,crossing_90_e_6,GEL-Ped,6000.0,0.33915061125846346,0.11296573197516771,0.16739365009628318,14.284961083306172,0.8317117378768459
20261719,familiar corridor,bi_corr_400_a_03,constant velocity,6000.0,0.24217453303901043,0.08445521244335233,0.07944432388059236,27.766052748808992,0.7031151266642521
20261719,familiar corridor,bi_corr_400_a_03,direct MLP,6000.0,0.1627980673963889,0.05485730171691039,0.07681650584947948,12.67974373530751,0.8658379708171207
20261719,familiar corridor,bi_corr_400_a_03,graph interaction network,6000.0,0.15080172184224408,0.051015973274799856,0.07362227146842328,11.427848289383146,0.8848818692916436
20261719,familiar corridor,bi_corr_400_a_03,anchored coarse MLP,6000.0,0.16239264040999934,0.05457494591950503,0.07860401477018962,12.26881374287181,0.866505364219133
20261719,familiar corridor,bi_corr_400_a_03,matched direct control,6000.0,0.15252348478277597,0.05129486361646085,0.07315623803553498,11.310868173709071,0.8822381643296099
20261719,familiar corridor,bi_corr_400_a_03,GEL-Ped,6000.0,0.14930539797446243,0.05034109546825643,0.07292961426931095,11.134890828007453,0.8871550451262435
20261719,familiar corridor,bi_corr_400_b_02,constant velocity,3989.0,0.20200101938875034,0.06818954265658131,0.06703854189258192,5.715251672938875,0.9738716533159921
20261719,familiar corridor,bi_corr_400_b_02,direct MLP,3989.0,0.19615670331001847,0.06602686338679083,0.07152178667126101,5.395772536956996,0.9753616786321229
20261719,familiar corridor,bi_corr_400_b_02,graph interaction network,3989.0,0.17233670924647806,0.057835109491486326,0.06556418892638712,4.491249450286732,0.9809821945885485
20261719,familiar corridor,bi_corr_400_b_02,anchored coarse MLP,3989.0,0.1917921674498509,0.06387873307621585,0.06613954007445733,5.146605745997623,0.9764458985114104
20261719,familiar corridor,bi_corr_400_b_02,matched direct control,3989.0,0.1759436567901687,0.058995850884515234,0.06785723961514599,4.524067823016961,0.9801777916910891
20261719,familiar corridor,bi_corr_400_b_02,GEL-Ped,3989.0,0.17255699816898928,0.057876836815769266,0.06538991225882276,4.492153896610575,0.9809335446005916
20261719,familiar corridor,bi_corr_400_b_04,constant velocity,6000.0,0.24691608702471524,0.08549370003286452,0.08247253974370529,21.45462330034071,0.7991760351806156
20261719,familiar corridor,bi_corr_400_b_04,direct MLP,6000.0,0.19123773018799037,0.063859975835333,0.0850393097277297,11.900884171199724,0.8795341564877539
20261719,familiar corridor,bi_corr_400_b_04,graph interaction network,6000.0,0.17463848140235042,0.057865671516292266,0.07853542278590071,10.265907536099089,0.8995391941277523
20261719,familiar corridor,bi_corr_400_b_04,anchored coarse MLP,6000.0,0.1909966751805584,0.06365887662289024,0.08537053257162378,11.784184726136775,0.8798376592852685
20261719,familiar corridor,bi_corr_400_b_04,matched direct control,6000.0,0.17567662771871329,0.058080742715633044,0.07846561217834215,10.453596896609898,0.8983412565142469
20261719,familiar corridor,bi_corr_400_b_04,GEL-Ped,6000.0,0.17254898625212742,0.05730689313164941,0.07777167117807107,10.16181204831424,0.9019287774185616
20261719,familiar corridor,bi_corr_400_b_06,constant velocity,6000.0,0.24043969425897518,0.0828475246207808,0.08300338558588707,28.750992740098447,0.6498621674432152
20261719,familiar corridor,bi_corr_400_b_06,direct MLP,6000.0,0.18183131242021802,0.06108547376535017,0.08320374660093048,15.424888931989198,0.7997539068289747
20261719,familiar corridor,bi_corr_400_b_06,graph interaction network,6000.0,0.16783567621886908,0.0562605985432543,0.07688832457440872,13.332909683999306,0.829393619094944
20261719,familiar corridor,bi_corr_400_b_06,anchored coarse MLP,6000.0,0.1809329927104164,0.060535943959187793,0.08299931531936774,14.942559197084208,0.8017276115535913
20261719,familiar corridor,bi_corr_400_b_06,matched direct control,6000.0,0.1691776500299818,0.056516056809553655,0.07632445483514629,13.930142953097988,0.8266544564545937
20261719,familiar corridor,bi_corr_400_b_06,GEL-Ped,6000.0,0.16611489939240437,0.05550091217293407,0.07590020740854374,13.026159093486351,0.832874053475793
20261719,familiar corridor,bi_corr_400_b_10,constant velocity,6000.0,0.2413845605907725,0.08367923363463499,0.07314882161574661,24.79935929954083,0.7315965912339923
20261719,familiar corridor,bi_corr_400_b_10,direct MLP,6000.0,0.15356541899060977,0.052025140319604736,0.06970442753136347,11.269795393151027,0.8913684669593684
20261719,familiar corridor,bi_corr_400_b_10,graph interaction network,6000.0,0.14292629630846052,0.048329459343436035,0.06709129881803244,10.000843594094379,0.9058991968531473
20261719,familiar corridor,bi_corr_400_b_10,anchored coarse MLP,6000.0,0.15013559736259424,0.05065332651205874,0.07089811114009723,10.679122379067689,0.8961667606932853
20261719,familiar corridor,bi_corr_400_b_10,matched direct control,6000.0,0.14299578586944292,0.04812689475886463,0.0671065845608757,9.88368466375442,0.9058076725741762
20261719,familiar corridor,bi_corr_400_b_10,GEL-Ped,6000.0,0.14086813505650506,0.04754956223553327,0.06649744103246863,9.808538107465475,0.9085898165524717
20261719,altered geometry,bi_corr_400_a_04,constant velocity,6000.0,0.23224655835413516,0.08015688038305871,0.07711836731669927,31.297778709325655,0.6166025777487971
20261719,altered geometry,bi_corr_400_a_04,direct MLP,6000.0,0.1681132063384171,0.0560655668313913,0.07516305606405989,14.671763431318483,0.7991118694087427
20261719,altered geometry,bi_corr_400_a_04,graph interaction network,6000.0,0.15624919889312675,0.05191599406938329,0.07182601837424324,12.685200550238523,0.826465346316223
20261719,altered geometry,bi_corr_400_a_04,anchored coarse MLP,6000.0,0.16623573636529143,0.05517358331210695,0.07614223317854643,14.046922878664796,0.803573807794355
20261719,altered geometry,bi_corr_400_a_04,matched direct control,6000.0,0.15879052951037098,0.05242693819775607,0.07177739500957311,13.180885705763135,0.8207744967186155
20261719,altered geometry,bi_corr_400_a_04,GEL-Ped,6000.0,0.15490266928754773,0.051287506506754656,0.07106930270394607,12.705253348158084,0.8294434439676145
20261719,altered geometry,bi_corr_400_a_05,constant velocity,6000.0,0.23276356402620538,0.08059935718996895,0.0737396714992956,30.50074392759699,0.5835486638110252
20261719,altered geometry,bi_corr_400_a_05,direct MLP,6000.0,0.16321292498385517,0.05554264055911974,0.07437343549989749,15.24244668822915,0.7952408306849104
20261719,altered geometry,bi_corr_400_a_05,graph interaction network,6000.0,0.1505614509270049,0.05102004509494841,0.06964308331097213,13.487838041087242,0.8257543897917176
20261719,altered geometry,bi_corr_400_a_05,anchored coarse MLP,6000.0,0.16083360410578013,0.05450521658024853,0.07526442542656733,14.444218948584442,0.8011672810647598
20261719,altered geometry,bi_corr_400_a_05,matched direct control,6000.0,0.15193705134827012,0.051408482455555606,0.07004125872472816,13.478186833876723,0.8225558644795729
20261719,altered geometry,bi_corr_400_a_05,GEL-Ped,6000.0,0.1489151866180835,0.05046393126679144,0.06914901094654051,13.055745932794737,0.8295440194810952
20261719,altered geometry,bi_corr_400_b_08,constant velocity,6000.0,0.22545157593818366,0.07631024604162079,0.07685683148791325,33.84217644323421,0.5434028619208883
20261719,altered geometry,bi_corr_400_b_08,direct MLP,6000.0,0.17233012236561576,0.058005726809033986,0.07721904573544126,16.822852065550425,0.7332226053282371
20261719,altered geometry,bi_corr_400_b_08,graph interaction network,6000.0,0.16194653343576507,0.05470087503573895,0.07192555814007383,15.419302075786868,0.7644028967280873
20261719,altered geometry,bi_corr_400_b_08,anchored coarse MLP,6000.0,0.1698847153358509,0.05707676968087826,0.07751976571388447,16.4406233299286,0.7407401605362305
20261719,altered geometry,bi_corr_400_b_08,matched direct control,6000.0,0.16048879739859165,0.0536724930813362,0.07068529128091164,15.4545111491852,0.7686251875959402
20261719,altered geometry,bi_corr_400_b_08,GEL-Ped,6000.0,0.15834020329749024,0.05317847858747232,0.07049790750451906,15.075917275802926,0.7747789231770863
20261719,crossing topology,crossing_90_d_1,constant velocity,6000.0,0.35683039381184534,0.1224721366123736,0.17401622502070313,8.72070159670955,0.8957039557285599
20261719,crossing topology,crossing_90_d_1,direct MLP,6000.0,0.3908483970310885,0.13375324823429532,0.23752803282344867,8.443331535393764,0.874870177466039
20261719,crossing topology,crossing_90_d_1,graph interaction network,6000.0,0.359998541590398,0.11971487299521065,0.18393742294899712,8.674946075950157,0.8938437322686726
20261719,crossing topology,crossing_90_d_1,anchored coarse MLP,6000.0,0.34321718918748334,0.11703031586212183,0.18494685840312824,8.186796825784366,0.9035100194369345
20261719,crossing topology,crossing_90_d_1,matched direct control,6000.0,0.4131321279452099,0.13847854236022725,0.25108475073709763,8.308283841251276,0.8601951949428008
20261719,crossing topology,crossing_90_d_1,GEL-Ped,6000.0,0.33897647911331086,0.11557643544530574,0.18214465847640263,8.20222133999038,0.9058797033730757
20261719,crossing topology,crossing_90_d_2,constant velocity,6000.0,0.3716476917334928,0.12581251622496464,0.19118020736181263,6.563610274460795,0.9113385400982763
20261719,crossing topology,crossing_90_d_2,direct MLP,6000.0,0.4194228267941521,0.1441548538103857,0.26311609379613027,7.004834471774051,0.8870786336587322
20261719,crossing topology,crossing_90_d_2,graph interaction network,6000.0,0.37148902431448644,0.12430637197312072,0.18697326741170361,7.117159474671196,0.9114142283501604
20261719,crossing topology,crossing_90_d_2,anchored coarse MLP,6000.0,0.3614084401769717,0.12133066306407486,0.1907970450987463,6.608196202893508,0.916156658211721
20261719,crossing topology,crossing_90_d_2,matched direct control,6000.0,0.46075661656254707,0.15701149227584954,0.302810928945311,6.863333218636435,0.8637253235609461
20261719,crossing topology,crossing_90_d_2,GEL-Ped,6000.0,0.3574538367131822,0.11975933299808555,0.18864535439311428,6.6129833744449815,0.9179814807451048
20261719,crossing topology,crossing_90_d_3,constant velocity,6000.0,0.3513820018127232,0.11759818904518907,0.18059168020043193,5.3232179851629144,0.9222378506103605
20261719,crossing topology,crossing_90_d_3,direct MLP,6000.0,0.4012167580472079,0.13622426286174638,0.23909018267793786,5.759124005548578,0.8986164814187653
20261719,crossing topology,crossing_90_d_3,graph interaction network,6000.0,0.36796465460667516,0.12283270205093762,0.17901936679952402,5.957283010150012,0.9147250568332009
20261719,crossing topology,crossing_90_d_3,anchored coarse MLP,6000.0,0.3547715013321089,0.11835579694623782,0.1819736395224836,5.482151239520932,0.9207303971067676
20261719,crossing topology,crossing_90_d_3,matched direct control,6000.0,0.41643347289904203,0.14062706997070706,0.2549335009611262,5.646274769928091,0.8907804224230907
20261719,crossing topology,crossing_90_d_3,GEL-Ped,6000.0,0.3538562321966085,0.11820997176757897,0.17925211314098793,5.662773398738028,0.9211388821822004
20261719,crossing topology,crossing_90_d_5,constant velocity,6000.0,0.3648707337451854,0.12500232820894883,0.18142599642727206,8.567974707482186,0.8717028599760731
20261719,crossing topology,crossing_90_d_5,direct MLP,6000.0,0.3706711689330609,0.12684349509455556,0.2065423848552881,8.591782291694493,0.867591297322911
20261719,crossing topology,crossing_90_d_5,graph interaction network,6000.0,0.36031318750083363,0.12099705425064287,0.1844015001289851,8.39976631990046,0.8748879239923927
20261719,crossing topology,crossing_90_d_5,anchored coarse MLP,6000.0,0.35115914401640264,0.11979873438056915,0.18341371829441372,8.298366087087846,0.8811643137032774
20261719,crossing topology,crossing_90_d_5,matched direct control,6000.0,0.364189417854722,0.12447784338969024,0.20198891554852658,8.230009855123022,0.872181546052102
20261719,crossing topology,crossing_90_d_5,GEL-Ped,6000.0,0.34782033046512373,0.1188801950258992,0.18208480651903508,8.189048243213701,0.8834133450343411
20261719,crossing topology,crossing_90_d_6,constant velocity,6000.0,0.3721668805511402,0.12716418505834937,0.1635153453002269,13.269894489342114,0.8212159530293817
20261719,crossing topology,crossing_90_d_6,direct MLP,6000.0,0.3518638529654643,0.119203084269941,0.1958329783056789,11.742693229800704,0.840190487317712
20261719,crossing topology,crossing_90_d_6,graph interaction network,6000.0,0.335237848687467,0.1128928362236825,0.17451653843162046,11.378943583096444,0.8549360799330827
20261719,crossing topology,crossing_90_d_6,anchored coarse MLP,6000.0,0.33656724314767367,0.11334821456514187,0.17766095327758274,11.230264535868187,0.8537832892042202
20261719,crossing topology,crossing_90_d_6,matched direct control,6000.0,0.34062551537175323,0.11461126588094171,0.1842117994034157,11.122429646113634,0.8502359166610441
20261719,crossing topology,crossing_90_d_6,GEL-Ped,6000.0,0.33128887405127627,0.11168855847858411,0.17352466565733862,11.252226334422092,0.8583335467964681
20261719,crossing topology,crossing_90_d_7,constant velocity,6000.0,0.3713272681936605,0.12735056374890086,0.16149738690449966,17.12574503734647,0.788736895874658
20261719,crossing topology,crossing_90_d_7,direct MLP,6000.0,0.33933014640938086,0.11428028747485378,0.18977847524575736,13.040887176191633,0.8235771390355585
20261719,crossing topology,crossing_90_d_7,graph interaction network,6000.0,0.3193367294861266,0.10777593435607627,0.17089894163664845,12.365571052344396,0.8437544281764806
20261719,crossing topology,crossing_90_d_7,anchored coarse MLP,6000.0,0.3260154916256509,0.1098384636927678,0.17561885214584624,12.61515729077048,0.8371504936747509
20261719,crossing topology,crossing_90_d_7,matched direct control,6000.0,0.3300888071635662,0.11048623219497758,0.1803321631437746,12.592642482438013,0.8330557105136408
20261719,crossing topology,crossing_90_d_7,GEL-Ped,6000.0,0.318182637091676,0.10741036388038089,0.17122395735013332,12.427924180086315,0.8448817396648192
20261719,crossing topology,crossing_90_d_8,constant velocity,6000.0,0.3742853356732,0.1264467669056309,0.16161875726497257,18.547956358017906,0.7763881589824588
20261719,crossing topology,crossing_90_d_8,direct MLP,6000.0,0.34845800219746975,0.11533762773567956,0.19613288915883936,13.778553282998292,0.8061838073560949
20261719,crossing topology,crossing_90_d_8,graph interaction network,6000.0,0.3289127636258769,0.10814142695445739,0.17197196520845978,13.634877047369667,0.8273165857253342
20261719,crossing topology,crossing_90_d_8,anchored coarse MLP,6000.0,0.33330697147712807,0.11026380692584586,0.17802951575754786,13.57908396918906,0.8226717336436862
20261719,crossing topology,crossing_90_d_8,matched direct control,6000.0,0.3349163688780626,0.11006221560795225,0.18111986664510904,13.158637116709308,0.8209551138737392
20261719,crossing topology,crossing_90_d_8,GEL-Ped,6000.0,0.32451403119760747,0.10716576997954917,0.17175085460027503,13.203550343520574,0.8319044827082076
20261719,crossing topology,crossing_90_e_1,constant velocity,6000.0,0.35939232639391916,0.12234492939133912,0.1573804389608507,11.267423367569096,0.8651895159033379
20261719,crossing topology,crossing_90_e_1,direct MLP,6000.0,0.3543019968129519,0.11998540105097107,0.1922016137769865,10.088525176983115,0.8689813053447001
20261719,crossing topology,crossing_90_e_1,graph interaction network,6000.0,0.3342892745274572,0.11290429806460658,0.16536394338937405,10.193362024978763,0.8833644467528602
20261719,crossing topology,crossing_90_e_1,anchored coarse MLP,6000.0,0.3321762082288008,0.11197243615635225,0.1678028257667693,9.640147431248344,0.8848343097377426
20261719,crossing topology,crossing_90_e_1,matched direct control,6000.0,0.35551048348192926,0.1202072878243208,0.19134242264410986,9.842905583975028,0.8680859992038087
20261719,crossing topology,crossing_90_e_1,GEL-Ped,6000.0,0.3290647530446454,0.11129591222377398,0.16471560570441615,9.770244185749966,0.8869816920266282
20261719,crossing topology,crossing_90_e_2,constant velocity,6000.0,0.39239198321268404,0.1327905253401304,0.17145671437485585,13.384136991457645,0.8345495480714679
20261719,crossing topology,crossing_90_e_2,direct MLP,6000.0,0.39272792138582585,0.13111038036279316,0.20487246328554495,12.616650228125396,0.8342661329292025
20261719,crossing topology,crossing_90_e_2,graph interaction network,6000.0,0.3724763858742189,0.12374203206108757,0.17878424984482016,12.49585802104326,0.8509180051548116
20261719,crossing topology,crossing_90_e_2,anchored coarse MLP,6000.0,0.37317675803912814,0.1242613558017802,0.18239265087955955,12.14790799736094,0.8503568364585617
20261719,crossing topology,crossing_90_e_2,matched direct control,6000.0,0.391915801559819,0.13016036962056582,0.20167167233274255,12.201237290614353,0.8349508644548527
20261719,crossing topology,crossing_90_e_2,GEL-Ped,6000.0,0.3682856474146918,0.12258134445268948,0.17845776029703828,12.066512825999533,0.8542537819154372
20261719,crossing topology,crossing_90_e_3,constant velocity,6000.0,0.39957679467625495,0.13607070488082046,0.18458057527112165,12.190465709481275,0.8116284719853581
20261719,crossing topology,crossing_90_e_3,direct MLP,6000.0,0.4035175153405976,0.13702905041473426,0.2102291118065714,12.158517268713894,0.8078946213294518
20261719,crossing topology,crossing_90_e_3,graph interaction network,6000.0,0.3851463684897989,0.13046352023025087,0.19246984344537515,11.44784563751511,0.8249885924170535
20261719,crossing topology,crossing_90_e_3,anchored coarse MLP,6000.0,0.390783274033301,0.1321256574317026,0.1946047469473862,11.712020876241489,0.8198282580367403
20261719,crossing topology,crossing_90_e_3,matched direct control,6000.0,0.39252860122676997,0.13310022940906072,0.20206512152125447,11.405126442778476,0.8182152879652189
20261719,crossing topology,crossing_90_e_3,GEL-Ped,6000.0,0.3835818166578786,0.12987578052583887,0.19082346856354032,11.322179796953385,0.8264075764324154
20261719,crossing topology,crossing_90_e_4,constant velocity,6000.0,0.3968828257102466,0.13565822380348355,0.16099521181939205,18.661137170390514,0.7708363057252939
20261719,crossing topology,crossing_90_e_4,direct MLP,6000.0,0.37985295999461627,0.12720060020878626,0.1969857476005916,15.036207651499154,0.7900807662173631
20261719,crossing topology,crossing_90_e_4,graph interaction network,6000.0,0.3618470295995123,0.12084251352246339,0.17700757439544815,14.268858682846043,0.8095104191258148
20261719,crossing topology,crossing_90_e_4,anchored coarse MLP,6000.0,0.36571932288765924,0.12227618043359623,0.18037165027927346,14.490403984235513,0.8054115688727502
20261719,crossing topology,crossing_90_e_4,matched direct control,6000.0,0.37454496893014927,0.12422050853363636,0.1867255725888737,14.68545633337722,0.7959065166095237
20261719,crossing topology,crossing_90_e_4,GEL-Ped,6000.0,0.3590480170720524,0.12015076577711588,0.17493731943973687,14.502619654924864,0.8124460272858383
20261719,crossing topology,crossing_90_e_5,constant velocity,6000.0,0.3887050131392485,0.1327919107425057,0.15472858811706852,21.93781186591007,0.7320265103555992
20261719,crossing topology,crossing_90_e_5,direct MLP,6000.0,0.35877888301582905,0.12070926640160351,0.18541989418656082,16.17809836264039,0.7717003239869931
20261719,crossing topology,crossing_90_e_5,graph interaction network,6000.0,0.34180246724059815,0.11514518970139648,0.1712157027900289,15.363360932767375,0.7927941871050708
20261719,crossing topology,crossing_90_e_5,anchored coarse MLP,6000.0,0.3493073274367602,0.11732260206221877,0.174085071591817,15.70751247800595,0.7835951747383462
20261719,crossing topology,crossing_90_e_5,matched direct control,6000.0,0.3561675817729398,0.11880649400828586,0.17934497351491366,15.88911229097435,0.7750114983188314
20261719,crossing topology,crossing_90_e_5,GEL-Ped,6000.0,0.34124433936035026,0.1148899385121972,0.16978178139572234,15.543227373955784,0.7934703257065198
20261719,crossing topology,crossing_90_e_6,constant velocity,6000.0,0.36952248254222186,0.12473434654544874,0.15499084428921012,18.447499685565695,0.8002207625116945
20261719,crossing topology,crossing_90_e_6,direct MLP,6000.0,0.3627049389473597,0.12065171299085252,0.19142853318054306,14.909379287529145,0.8075244558475874
20261719,crossing topology,crossing_90_e_6,graph interaction network,6000.0,0.34297316623458746,0.11403163464870254,0.1693614906184024,14.6025806660772,0.8278968169034197
20261719,crossing topology,crossing_90_e_6,anchored coarse MLP,6000.0,0.34639295093008343,0.115487648125593,0.17371954343402096,14.487789781764883,0.8244476253380688
20261719,crossing topology,crossing_90_e_6,matched direct control,6000.0,0.3671334006714616,0.1196753766404015,0.187985851488753,14.378517862260516,0.8027956858979705
20261719,crossing topology,crossing_90_e_6,GEL-Ped,6000.0,0.33852022177119084,0.11265665634906757,0.1681011398350519,14.265147756228766,0.8323367614154089
20262716,familiar corridor,bi_corr_400_a_03,constant velocity,6000.0,0.24217453303901043,0.08445521244335233,0.07944432388059236,27.766052748808992,0.7031151266642521
20262716,familiar corridor,bi_corr_400_a_03,direct MLP,6000.0,0.16562797096327447,0.05586870202213871,0.07835744483278317,12.98720690750521,0.8611331796990697
20262716,familiar corridor,bi_corr_400_a_03,graph interaction network,6000.0,0.1543447609362899,0.05218177616915999,0.07533346690488814,11.524905251613943,0.8794089953984863
20262716,familiar corridor,bi_corr_400_a_03,anchored coarse MLP,6000.0,0.16176549807309315,0.054095140894942544,0.07192034212155692,12.508971798057193,0.8675344561619844
20262716,familiar corridor,bi_corr_400_a_03,matched direct control,6000.0,0.1533401143260195,0.051655843191418395,0.07591048675253297,11.353046606755026,0.8809737657181342
20262716,familiar corridor,bi_corr_400_a_03,GEL-Ped,6000.0,0.15192665419892462,0.051230611091281124,0.0740443555417535,11.208423464616718,0.8831579748549281
20262716,familiar corridor,bi_corr_400_b_02,constant velocity,3989.0,0.20200101938875034,0.06818954265658131,0.06703854189258192,5.715251672938875,0.9738716533159921
20262716,familiar corridor,bi_corr_400_b_02,direct MLP,3989.0,0.19118775277137412,0.06370735523147329,0.06814042078768989,5.012980926415615,0.9765941215850624
20262716,familiar corridor,bi_corr_400_b_02,graph interaction network,3989.0,0.17334952026631012,0.05831129298905555,0.0655580318236473,4.580458826439743,0.9807580050694659
20262716,familiar corridor,bi_corr_400_b_02,anchored coarse MLP,3989.0,0.1918082373509648,0.0638870440942401,0.06864078829413942,4.990289183859684,0.9764419512392752
20262716,familiar corridor,bi_corr_400_b_02,matched direct control,3989.0,0.17440126377546625,0.05872289908047978,0.06831263363632065,4.489310322519984,0.9805238072938132
20262716,familiar corridor,bi_corr_400_b_02,GEL-Ped,3989.0,0.17264434144681146,0.05798696731760559,0.06523454296581606,4.497867676282089,0.9809142379575877
20262716,familiar corridor,bi_corr_400_b_04,constant velocity,6000.0,0.24691608702471524,0.08549370003286452,0.08247253974370529,21.45462330034071,0.7991760351806156
20262716,familiar corridor,bi_corr_400_b_04,direct MLP,6000.0,0.18823124133426486,0.06249772877330149,0.08224145836692745,11.552328597613513,0.8832921206441676
20262716,familiar corridor,bi_corr_400_b_04,graph interaction network,6000.0,0.17530368188411358,0.05807282620950382,0.08007848964932186,10.398920746367036,0.8987724232806714
20262716,familiar corridor,bi_corr_400_b_04,anchored coarse MLP,6000.0,0.1882434883227644,0.06237072333381082,0.07861911004159623,11.68266856840679,0.8832769332975354
20262716,familiar corridor,bi_corr_400_b_04,matched direct control,6000.0,0.1758129809628067,0.05804672146252049,0.08112388847490402,10.284466627481498,0.8981833882876262
20262716,familiar corridor,bi_corr_400_b_04,GEL-Ped,6000.0,0.17296648467237685,0.057465743199550216,0.07868652979531579,10.245840925991034,0.9014536182650683
20262716,familiar corridor,bi_corr_400_b_06,constant velocity,6000.0,0.24043969425897518,0.0828475246207808,0.08300338558588707,28.750992740098447,0.6498621674432152
20262716,familiar corridor,bi_corr_400_b_06,direct MLP,6000.0,0.1785718767630996,0.059571418508353936,0.08013641966646984,15.10834060924072,0.8068686256735592
20262716,familiar corridor,bi_corr_400_b_06,graph interaction network,6000.0,0.16846935258723644,0.05638849097990378,0.07829372427907597,13.422760744233479,0.8281029123557266
20262716,familiar corridor,bi_corr_400_b_06,anchored coarse MLP,6000.0,0.17936947033745468,0.05980325643361193,0.07689227336873136,15.140899935562903,0.8051395252401617
20262716,familiar corridor,bi_corr_400_b_06,matched direct control,6000.0,0.1683903944834841,0.05616089432777496,0.07780487363174804,13.503633716675449,0.828264003821421
20262716,familiar corridor,bi_corr_400_b_06,GEL-Ped,6000.0,0.1667990182945932,0.05571699404246162,0.07704355424361795,13.297197060732932,0.8314946533966829
20262716,familiar corridor,bi_corr_400_b_10,constant velocity,6000.0,0.2413845605907725,0.08367923363463499,0.07314882161574661,24.79935929954083,0.7315965912339923
20262716,familiar corridor,bi_corr_400_b_10,direct MLP,6000.0,0.15011552198966438,0.05044829059543215,0.06982043562213865,10.353063241924618,0.8961945269482496
20262716,familiar corridor,bi_corr_400_b_10,graph interaction network,6000.0,0.14167305826344703,0.047694877576269286,0.06818909591165005,9.645186953595692,0.9075421929499663
20262716,familiar corridor,bi_corr_400_b_10,anchored coarse MLP,6000.0,0.15281519177751574,0.05128979485560392,0.06582861051321906,11.145460869684232,0.8924272894102333
20262716,familiar corridor,bi_corr_400_b_10,matched direct control,6000.0,0.1419698808970587,0.047676955244442445,0.06860409768802149,9.517397105033229,0.9071543659493351
20262716,familiar corridor,bi_corr_400_b_10,GEL-Ped,6000.0,0.1401629917493938,0.04712632436537148,0.06730437148067375,9.53210850151079,0.9095026695863473
20262716,altered geometry,bi_corr_400_a_04,constant velocity,6000.0,0.23224655835413516,0.08015688038305871,0.07711836731669927,31.297778709325655,0.6166025777487971
20262716,altered geometry,bi_corr_400_a_04,direct MLP,6000.0,0.17044544514664284,0.05671733394185013,0.07615239931066507,15.322089046377615,0.793499353970641
20262716,altered geometry,bi_corr_400_a_04,graph interaction network,6000.0,0.15930311163361952,0.05307281339629712,0.07363355121796071,13.633997920278851,0.8196155350887483
20262716,altered geometry,bi_corr_400_a_04,anchored coarse MLP,6000.0,0.170008726585195,0.05633538663583568,0.07262169166121771,14.941695373858131,0.7945561980667051
20262716,altered geometry,bi_corr_400_a_04,matched direct control,6000.0,0.15894935948245237,0.05247257076191913,0.07366209293811352,13.235042708566588,0.820415777360521
20262716,altered geometry,bi_corr_400_a_04,GEL-Ped,6000.0,0.15711378581626814,0.05213756786351227,0.07203702152984044,13.289602760782179,0.8245395649844814
20262716,altered geometry,bi_corr_400_a_05,constant velocity,6000.0,0.23276356402620538,0.08059935718996895,0.0737396714992956,30.50074392759699,0.5835486638110252
20262716,altered geometry,bi_corr_400_a_05,direct MLP,6000.0,0.16216736797373,0.054879799587619606,0.07447061667425575,14.784226009048883,0.7978558399208038
20262716,altered geometry,bi_corr_400_a_05,graph interaction network,6000.0,0.15205278497758376,0.05152718115016777,0.07216806534061193,13.140781044217883,0.8222854357056973
20262716,altered geometry,bi_corr_400_a_05,anchored coarse MLP,6000.0,0.16315946195287295,0.05498277157149992,0.07026220158083901,15.029479916474667,0.7953749530636767
20262716,altered geometry,bi_corr_400_a_05,matched direct control,6000.0,0.15168820626196797,0.051335874549707596,0.07207833908622185,13.352140390116734,0.8231366305405061
20262716,altered geometry,bi_corr_400_a_05,GEL-Ped,6000.0,0.15019633973530264,0.05084720500785608,0.07074583207254923,13.150955676960763,0.8265984555735654
20262716,altered geometry,bi_corr_400_b_08,constant velocity,6000.0,0.22545157593818366,0.07631024604162079,0.07685683148791325,33.84217644323421,0.5434028619208883
20262716,altered geometry,bi_corr_400_b_08,direct MLP,6000.0,0.1683971558697492,0.05632183125469843,0.07506532886487294,16.41252831261012,0.7452605899726765
20262716,altered geometry,bi_corr_400_b_08,graph interaction network,6000.0,0.15718239541337117,0.05266075142116873,0.07204509986087428,14.894829896481859,0.7780605833544683
20262716,altered geometry,bi_corr_400_b_08,anchored coarse MLP,6000.0,0.17128028191010233,0.05729366248190229,0.07200686962920982,16.54112418111387,0.7364631368019872
20262716,altered geometry,bi_corr_400_b_08,matched direct control,6000.0,0.15870407373206033,0.05298714433715292,0.07140244029972756,14.987156087984882,0.7737426045084801
20262716,altered geometry,bi_corr_400_b_08,GEL-Ped,6000.0,0.15585019507283815,0.05214476859732351,0.07102762078329565,14.687540610251519,0.7818067382427377
20262716,crossing topology,crossing_90_d_1,constant velocity,6000.0,0.35683039381184534,0.1224721366123736,0.17401622502070313,8.72070159670955,0.8957039557285599
20262716,crossing topology,crossing_90_d_1,direct MLP,6000.0,0.37225444916635425,0.12697585136491135,0.22143134627917926,8.092761039897082,0.8864926583519938
20262716,crossing topology,crossing_90_d_1,graph interaction network,6000.0,0.8395633649563231,0.13289876775075196,0.21725711832207867,8.831722358838741,0.42263411715814403
20262716,crossing topology,crossing_90_d_1,anchored coarse MLP,6000.0,0.3412346666398643,0.11626837882217343,0.18340245886410167,8.103029897049074,0.9046215085138343
20262716,crossing topology,crossing_90_d_1,matched direct control,6000.0,0.41135586113056255,0.13805464856432476,0.24945676013988463,8.296177409352492,0.8613947955966041
20262716,crossing topology,crossing_90_d_1,GEL-Ped,6000.0,0.33896625525264035,0.11567816159636309,0.18214588746281762,8.11936943290818,0.9058853808070378
20262716,crossing topology,crossing_90_d_2,constant velocity,6000.0,0.3716476917334928,0.12581251622496464,0.19118020736181263,6.563610274460795,0.9113385400982763
20262716,crossing topology,crossing_90_d_2,direct MLP,6000.0,0.3977909501575192,0.1355305812551618,0.24510323021502797,6.522125369820853,0.8984261776655602
20262716,crossing topology,crossing_90_d_2,graph interaction network,6000.0,0.37299858876239084,0.12475193795979028,0.18926924562970932,7.076786214525214,0.9106928200514112
20262716,crossing topology,crossing_90_d_2,anchored coarse MLP,6000.0,0.35983677269267567,0.12069300649041864,0.19050213918922632,6.587353176077612,0.9168842966121239
20262716,crossing topology,crossing_90_d_2,matched direct control,6000.0,0.4576208809019578,0.1559590903828381,0.2983117112730041,6.931477713918124,0.8655738798410617
20262716,crossing topology,crossing_90_d_2,GEL-Ped,6000.0,0.3578787065953945,0.12001355028551933,0.18848750306124748,6.620565660950135,0.9177863903320989
20262716,crossing topology,crossing_90_d_3,constant velocity,6000.0,0.3513820018127232,0.11759818904518907,0.18059168020043193,5.3232179851629144,0.9222378506103605
20262716,crossing topology,crossing_90_d_3,direct MLP,6000.0,0.38227747316484745,0.1286309753117689,0.22365994645116455,5.360072522669411,0.9079621120155156
20262716,crossing topology,crossing_90_d_3,graph interaction network,6000.0,0.373807050781057,0.12433028563497016,0.1818842138933516,5.98385229741699,0.9119956360293703
20262716,crossing topology,crossing_90_d_3,anchored coarse MLP,6000.0,0.35536918640892745,0.11834362073591512,0.18469719620140176,5.415658683478247,0.9204630804384624
20262716,crossing topology,crossing_90_d_3,matched direct control,6000.0,0.4140644682677004,0.13973229694955608,0.25054816459337403,5.759383878180987,0.8920195433761827
20262716,crossing topology,crossing_90_d_3,GEL-Ped,6000.0,0.3540291629590648,0.11830858416991477,0.17902292318806182,5.6746515337045915,0.921061783946583
20262716,crossing topology,crossing_90_d_5,constant velocity,6000.0,0.3648707337451854,0.12500232820894883,0.18142599642727206,8.567974707482186,0.8717028599760731
20262716,crossing topology,crossing_90_d_5,direct MLP,6000.0,0.35733559968769235,0.12188048922157094,0.19446168736928432,8.322941302326566,0.8769472042159023
20262716,crossing topology,crossing_90_d_5,graph interaction network,6000.0,0.3666230728359217,0.12247156581688592,0.18660939779668567,8.458640381205296,0.8704675734118097
20262716,crossing topology,crossing_90_d_5,anchored coarse MLP,6000.0,0.3482555473130308,0.11867614716840338,0.1809557828297991,8.233143750119849,0.8831213999291736
20262716,crossing topology,crossing_90_d_5,matched direct control,6000.0,0.3646774287435682,0.12471926979297442,0.20139524143439538,8.247019735388474,0.8718387651448865
20262716,crossing topology,crossing_90_d_5,GEL-Ped,6000.0,0.3473265838545291,0.1188766213425115,0.18171473155405146,8.250517903326841,0.8837441101056075
20262716,crossing topology,crossing_90_d_6,constant velocity,6000.0,0.3721668805511402,0.12716418505834937,0.1635153453002269,13.269894489342114,0.8212159530293817
20262716,crossing topology,crossing_90_d_6,direct MLP,6000.0,0.33909486277125167,0.11437480881648864,0.18376868512877748,11.102431479722913,0.8515788678970079
20262716,crossing topology,crossing_90_d_6,graph interaction network,6000.0,0.33801845745796444,0.1140463530473072,0.17663830678755676,11.280763612588574,0.8525196531679604
20262716,crossing topology,crossing_90_d_6,anchored coarse MLP,6000.0,0.33176772412076294,0.11180465191385043,0.17032451037601382,11.212285990331354,0.8579237170521186
20262716,crossing topology,crossing_90_d_6,matched direct control,6000.0,0.34180628640242094,0.11528122985501515,0.18530521528009375,11.185633469546023,0.8491958090705356
20262716,crossing topology,crossing_90_d_6,GEL-Ped,6000.0,0.3315201340196824,0.11181314858896517,0.17397370598390444,11.125622862377847,0.858135694004385
20262716,crossing topology,crossing_90_d_7,constant velocity,6000.0,0.3713272681936605,0.12735056374890086,0.16149738690449966,17.12574503734647,0.788736895874658
20262716,crossing topology,crossing_90_d_7,direct MLP,6000.0,0.3278123225073965,0.10999683408434441,0.17999606233651377,12.425185089573345,0.8353504602631866
20262716,crossing topology,crossing_90_d_7,graph interaction network,6000.0,0.3244142729361312,0.10871782752553982,0.1740276845347556,12.236297907940116,0.8387462296240629
20262716,crossing topology,crossing_90_d_7,anchored coarse MLP,6000.0,0.320369093143403,0.10763752719837527,0.1666376680510737,12.6524361757111,0.8427425622243383
20262716,crossing topology,crossing_90_d_7,matched direct control,6000.0,0.33156699616531615,0.11114666882542408,0.18245141519909142,12.445721053624402,0.8315571576627596
20262716,crossing topology,crossing_90_d_7,GEL-Ped,6000.0,0.3195578435840682,0.1076919635143085,0.17193305653494592,12.232720480080973,0.8435379791662605
20262716,crossing topology,crossing_90_d_8,constant velocity,6000.0,0.3742853356732,0.1264467669056309,0.16161875726497257,18.547956358017906,0.7763881589824588
20262716,crossing topology,crossing_90_d_8,direct MLP,6000.0,0.33592807620828263,0.11034330845561097,0.18377313562970524,13.153580635768522,0.8198717710824093
20262716,crossing topology,crossing_90_d_8,graph interaction network,6000.0,0.32883949264957746,0.1084059007544872,0.17474242738135964,13.463573604022482,0.8273935135581968
20262716,crossing topology,crossing_90_d_8,anchored coarse MLP,6000.0,0.3282645178345908,0.10797798796435883,0.16755631919623498,13.50710786453106,0.8279965896520294
20262716,crossing topology,crossing_90_d_8,matched direct control,6000.0,0.3362156417794176,0.11061178856385652,0.18336787059154305,13.225829264957708,0.8195632476133168
20262716,crossing topology,crossing_90_d_8,GEL-Ped,6000.0,0.32484034385798755,0.10723510424860538,0.17296720582047426,13.321660290530993,0.8315662583602541
20262716,crossing topology,crossing_90_e_1,constant velocity,6000.0,0.35939232639391916,0.12234492939133912,0.1573804389608507,11.267423367569096,0.8651895159033379
20262716,crossing topology,crossing_90_e_1,direct MLP,6000.0,0.34472187835860724,0.11640047527841345,0.18187877027090535,9.78876156224587,0.8759708511700285
20262716,crossing topology,crossing_90_e_1,graph interaction network,6000.0,0.34188602001076307,0.11569088809755675,0.16784566319221308,10.479308992232745,0.87800311176862
20262716,crossing topology,crossing_90_e_1,anchored coarse MLP,6000.0,0.3297635018784367,0.11073799023727982,0.16274815605841714,9.688919908325008,0.8865012075284416
20262716,crossing topology,crossing_90_e_1,matched direct control,6000.0,0.3559763416644604,0.12045549491108815,0.19064252242071147,10.003558364042034,0.8677400545218488
20262716,crossing topology,crossing_90_e_1,GEL-Ped,6000.0,0.33063922300492754,0.1119773600004626,0.16420001639324908,9.728864840531973,0.8858975915162446
20262716,crossing topology,crossing_90_e_2,constant velocity,6000.0,0.39239198321268404,0.1327905253401304,0.17145671437485585,13.384136991457645,0.8345495480714679
20262716,crossing topology,crossing_90_e_2,direct MLP,6000.0,0.3833749915236915,0.12814782201297156,0.19500264140083043,12.38112311151595,0.8420661346223458
20262716,crossing topology,crossing_90_e_2,graph interaction network,6000.0,0.3790821692866449,0.12642123050209153,0.18088873138437747,12.778702375182835,0.8455832454898344
20262716,crossing topology,crossing_90_e_2,anchored coarse MLP,6000.0,0.3683986911088779,0.12228684931049404,0.17566606263311402,11.979307685066669,0.8541642958353098
20262716,crossing topology,crossing_90_e_2,matched direct control,6000.0,0.39277894035057226,0.13044799656994796,0.20158570391140093,12.401890230796607,0.8342230694285496
20262716,crossing topology,crossing_90_e_2,GEL-Ped,6000.0,0.36978864516713345,0.12327710494531059,0.17814543991540904,12.283588287336771,0.8530617548508581
20262716,crossing topology,crossing_90_e_3,constant velocity,6000.0,0.39957679467625495,0.13607070488082046,0.18458057527112165,12.190465709481275,0.8116284719853581
20262716,crossing topology,crossing_90_e_3,direct MLP,6000.0,0.3930200612855552,0.13314706634250448,0.2001057333663588,11.67718735764393,0.8177598008827573
20262716,crossing topology,crossing_90_e_3,graph interaction network,6000.0,0.3919945286806313,0.13276652697309363,0.19424627005402326,11.79054237523049,0.8187096222693954
20262716,crossing topology,crossing_90_e_3,anchored coarse MLP,6000.0,0.3859480451417422,0.13030945667882368,0.1889745795111907,11.638309417340533,0.8242592666871087
20262716,crossing topology,crossing_90_e_3,matched direct control,6000.0,0.3931871044764877,0.13344762147763825,0.20171909435786217,11.63423144525623,0.8176048548295045
20262716,crossing topology,crossing_90_e_3,GEL-Ped,6000.0,0.3843179823915935,0.13017147229017545,0.19020862234164443,11.450147552494082,0.8257406239465298
20262716,crossing topology,crossing_90_e_4,constant velocity,6000.0,0.3968828257102466,0.13565822380348355,0.16099521181939205,18.661137170390514,0.7708363057252939
20262716,crossing topology,crossing_90_e_4,direct MLP,6000.0,0.37224815874460326,0.1244002084925598,0.18551157559539605,14.935351864851935,0.7984019536703456
20262716,crossing topology,crossing_90_e_4,graph interaction network,6000.0,0.3674376110972609,0.1230652985438615,0.17798346231738085,14.924218105146661,0.8035787727434406
20262716,crossing topology,crossing_90_e_4,anchored coarse MLP,6000.0,0.36029053190108296,0.11987311124644084,0.1708823595327872,14.622584785999866,0.8111456896945934
20262716,crossing topology,crossing_90_e_4,matched direct control,6000.0,0.3755276751907789,0.1246473561844881,0.186367007772799,14.836946435909583,0.7948341377299175
20262716,crossing topology,crossing_90_e_4,GEL-Ped,6000.0,0.3604497295786585,0.12069843217734218,0.17391847685061965,14.540813235477732,0.8109787588028646
20262716,crossing topology,crossing_90_e_5,constant velocity,6000.0,0.3887050131392485,0.1327919107425057,0.15472858811706852,21.93781186591007,0.7320265103555992
20262716,crossing topology,crossing_90_e_5,direct MLP,6000.0,0.35327561151659725,0.11861432285434453,0.1771745479972531,16.261418936054024,0.7786503386241291
20262716,crossing topology,crossing_90_e_5,graph interaction network,6000.0,0.3474659956171373,0.11741117998547185,0.17369061893164903,16.095661548174128,0.7858706657333903
20262716,crossing topology,crossing_90_e_5,anchored coarse MLP,6000.0,0.34348521786201314,0.1148429661668578,0.16386954106474994,15.972695646978867,0.7907489473055795
20262716,crossing topology,crossing_90_e_5,matched direct control,6000.0,0.35786871774035606,0.11940712091358355,0.1795145986384758,16.011761546347106,0.7728571750816186
20262716,crossing topology,crossing_90_e_5,GEL-Ped,6000.0,0.34303897183093557,0.11562623197839986,0.1693954586801011,15.795304711824834,0.791292299917411
20262716,crossing topology,crossing_90_e_6,constant velocity,6000.0,0.36952248254222186,0.12473434654544874,0.15499084428921012,18.447499685565695,0.8002207625116945
20262716,crossing topology,crossing_90_e_6,direct MLP,6000.0,0.35445864368541236,0.11811957457318752,0.18271052840735394,14.834385290200963,0.8161770378967297
20262716,crossing topology,crossing_90_e_6,graph interaction network,6000.0,0.3463452771749376,0.1156861688950503,0.17104340698384385,14.657053921464229,0.8244959442485825
20262716,crossing topology,crossing_90_e_6,anchored coarse MLP,6000.0,0.33929901894515757,0.11262049229104398,0.1640462995176907,14.316702103446435,0.8315644243514121
20262716,crossing topology,crossing_90_e_6,matched direct control,6000.0,0.3678613381955756,0.1198328219674254,0.1875317214352201,14.377740900991048,0.8020128928592136
20262716,crossing topology,crossing_90_e_6,GEL-Ped,6000.0,0.3391184163018531,0.11298451415854767,0.1676376431390145,14.182555417814138,0.8317436869635064
20263713,familiar corridor,bi_corr_400_a_03,constant velocity,6000.0,0.24217453303901043,0.08445521244335233,0.07944432388059236,27.766052748808992,0.7031151266642521
20263713,familiar corridor,bi_corr_400_a_03,direct MLP,6000.0,0.16878089378790428,0.056675749101827225,0.07418482735124138,13.168914131887465,0.8557958718843353
20263713,familiar corridor,bi_corr_400_a_03,graph interaction network,6000.0,0.14927763364397353,0.05020044865882522,0.07131608331457509,10.900654428492649,0.8871970097619034
20263713,familiar corridor,bi_corr_400_a_03,anchored coarse MLP,6000.0,0.1619850394111288,0.05423165607090158,0.0720136480748238,12.619902655027273,0.8671746588344958
20263713,familiar corridor,bi_corr_400_a_03,matched direct control,6000.0,0.15091834362100906,0.05078082267589001,0.07355520378665811,11.056734294264041,0.8847037483498504
20263713,familiar corridor,bi_corr_400_a_03,GEL-Ped,6000.0,0.14877971426233175,0.050011247393806885,0.07134224782160144,10.904692412343234,0.887948269289321
20263713,familiar corridor,bi_corr_400_b_02,constant velocity,3989.0,0.20200101938875034,0.06818954265658131,0.06703854189258192,5.715251672938875,0.9738716533159921
20263713,familiar corridor,bi_corr_400_b_02,direct MLP,3989.0,0.1912928623596205,0.06386853355621673,0.06759108514325676,5.03505766225456,0.9765683787382935
20263713,familiar corridor,bi_corr_400_b_02,graph interaction network,3989.0,0.1772980955580132,0.059190021225651514,0.06513967742158148,4.552320898088944,0.9798714287612149
20263713,familiar corridor,bi_corr_400_b_02,anchored coarse MLP,3989.0,0.1947008381756554,0.06541228243199142,0.07228557364138795,5.129844059748566,0.9757260501729511
20263713,familiar corridor,bi_corr_400_b_02,matched direct control,3989.0,0.17646342304091647,0.05903275488522189,0.06697596498198699,4.5391293800229535,0.980060502630173
20263713,familiar corridor,bi_corr_400_b_02,GEL-Ped,3989.0,0.17543730044779404,0.058641602294767184,0.06523740297737601,4.4466520986569495,0.9802917220022214
20263713,familiar corridor,bi_corr_400_b_04,constant velocity,6000.0,0.24691608702471524,0.08549370003286452,0.08247253974370529,21.45462330034071,0.7991760351806156
20263713,familiar corridor,bi_corr_400_b_04,direct MLP,6000.0,0.18991193443703117,0.0630843488948018,0.08175783197261789,11.869169708308807,0.8811986761511276
20263713,familiar corridor,bi_corr_400_b_04,graph interaction network,6000.0,0.1753982491974533,0.05780276487607431,0.07713923808610415,10.258304072448778,0.8986631796882363
20263713,familiar corridor,bi_corr_400_b_04,anchored coarse MLP,6000.0,0.18826016246357744,0.062360748955736504,0.07819597512031184,11.64116676786284,0.8832562543028465
20263713,familiar corridor,bi_corr_400_b_04,matched direct control,6000.0,0.17566670041581062,0.05787798611444131,0.07888994042768688,10.193055388057168,0.898352745448638
20263713,familiar corridor,bi_corr_400_b_04,GEL-Ped,6000.0,0.17289315221645438,0.05733701313511448,0.07691424879047987,10.35644786414251,0.9015371618055477
20263713,familiar corridor,bi_corr_400_b_06,constant velocity,6000.0,0.24043969425897518,0.0828475246207808,0.08300338558588707,28.750992740098447,0.6498621674432152
20263713,familiar corridor,bi_corr_400_b_06,direct MLP,6000.0,0.18267783585165112,0.06120720975708967,0.08035900209696797,15.613061479476494,0.7978850582221528
20263713,familiar corridor,bi_corr_400_b_06,graph interaction network,6000.0,0.1680810923518078,0.05600048947159769,0.07544997681287097,13.19630521096181,0.8288943191739323
20263713,familiar corridor,bi_corr_400_b_06,anchored coarse MLP,6000.0,0.17923473322763156,0.05988989437526282,0.07587273697920567,15.608246308240357,0.8054321622889009
20263713,familiar corridor,bi_corr_400_b_06,matched direct control,6000.0,0.16793615017923497,0.05585414475184697,0.07663717444149307,13.24447804664405,0.8291892926969535
20263713,familiar corridor,bi_corr_400_b_06,GEL-Ped,6000.0,0.1667288899449946,0.0555269395343644,0.07492123455206329,13.114331384815728,0.8316363151142254
20263713,familiar corridor,bi_corr_400_b_10,constant velocity,6000.0,0.2413845605907725,0.08367923363463499,0.07314882161574661,24.79935929954083,0.7315965912339923
20263713,familiar corridor,bi_corr_400_b_10,direct MLP,6000.0,0.15459902027864636,0.05190321527901696,0.06811554613805901,10.795218148339563,0.8899012152842675
20263713,familiar corridor,bi_corr_400_b_10,graph interaction network,6000.0,0.14130016293078884,0.04736544889938632,0.06538630710555533,9.65286253778843,0.9080282657693755
20263713,familiar corridor,bi_corr_400_b_10,anchored coarse MLP,6000.0,0.15093647311989022,0.050409832065469444,0.06566138403071076,10.7715876021615,0.8950560405006319
20263713,familiar corridor,bi_corr_400_b_10,matched direct control,6000.0,0.1409253650088764,0.04732795213901206,0.06687326837935414,9.491921874287751,0.9085155277416875
20263713,familiar corridor,bi_corr_400_b_10,GEL-Ped,6000.0,0.14029444008580294,0.047101298149380064,0.0654104422774548,9.603263601378224,0.9093328487022986
20263713,altered geometry,bi_corr_400_a_04,constant velocity,6000.0,0.23224655835413516,0.08015688038305871,0.07711836731669927,31.297778709325655,0.6166025777487971
20263713,altered geometry,bi_corr_400_a_04,direct MLP,6000.0,0.175526377098712,0.05819152515573173,0.07405543181370648,15.698074073140674,0.7810043982252858
20263713,altered geometry,bi_corr_400_a_04,graph interaction network,6000.0,0.156318565548066,0.051632398042631124,0.07127978942747472,12.876744736193759,0.8263112310881294
20263713,altered geometry,bi_corr_400_a_04,anchored coarse MLP,6000.0,0.16864895690155426,0.05584420223916595,0.07124265461076766,14.673485099287937,0.7978294309262111
20263713,altered geometry,bi_corr_400_a_04,matched direct control,6000.0,0.15794429540095548,0.052084951506987734,0.07283825492129167,12.707739753708477,0.8226796808602845
20263713,altered geometry,bi_corr_400_a_04,GEL-Ped,6000.0,0.15528835378153816,0.051244231632452286,0.070464293707979,12.868176088994625,0.8285930659623069
20263713,altered geometry,bi_corr_400_a_05,constant velocity,6000.0,0.23276356402620538,0.08059935718996895,0.0737396714992956,30.50074392759699,0.5835486638110252
20263713,altered geometry,bi_corr_400_a_05,direct MLP,6000.0,0.16728405226021154,0.056553522459672746,0.07310752928656075,15.235542109255679,0.7848985472692567
20263713,altered geometry,bi_corr_400_a_05,graph interaction network,6000.0,0.15008177876084006,0.05078557124510748,0.06917988201871114,12.992322046753554,0.8268628757849938
20263713,altered geometry,bi_corr_400_a_05,anchored coarse MLP,6000.0,0.1625605773456499,0.054705873795460394,0.0696259022468217,14.778793081056683,0.7968743682060215
20263713,altered geometry,bi_corr_400_a_05,matched direct control,6000.0,0.15136914095204643,0.051156998740879624,0.07070376076688041,13.169840103123386,0.8238798869600539
20263713,altered geometry,bi_corr_400_a_05,GEL-Ped,6000.0,0.14929410124566111,0.05052307351310514,0.06877172129034398,12.989992672771647,0.8286754655310153
20263713,altered geometry,bi_corr_400_b_08,constant velocity,6000.0,0.22545157593818366,0.07631024604162079,0.07685683148791325,33.84217644323421,0.5434028619208883
20263713,altered geometry,bi_corr_400_b_08,direct MLP,6000.0,0.17505089964876253,0.058652440736698244,0.07517898982839182,16.398388791616842,0.7247322529449414
20263713,altered geometry,bi_corr_400_b_08,graph interaction network,6000.0,0.16125835512472772,0.054172698294698424,0.07069677996178059,14.934429009581965,0.7664009429749515
20263713,altered geometry,bi_corr_400_b_08,anchored coarse MLP,6000.0,0.1713285738855499,0.05734342654065816,0.07255034517717086,17.01209850772723,0.7363145089539325
20263713,altered geometry,bi_corr_400_b_08,matched direct control,6000.0,0.15915241692433998,0.053186202769901436,0.07110091368350385,14.701344878858755,0.772462432584974
20263713,altered geometry,bi_corr_400_b_08,GEL-Ped,6000.0,0.1586405934255968,0.05313213429416674,0.06964000541498373,14.410585810595592,0.77392357045283
20263713,crossing topology,crossing_90_d_1,constant velocity,6000.0,0.35683039381184534,0.1224721366123736,0.17401622502070313,8.72070159670955,0.8957039557285599
20263713,crossing topology,crossing_90_d_1,direct MLP,6000.0,0.36822573512703427,0.12567874675355925,0.21266104957650364,8.292581393606632,0.888936224170012
20263713,crossing topology,crossing_90_d_1,graph interaction network,6000.0,0.3519127908445386,0.11873994056437663,0.18429632573257299,8.647001334465326,0.8985588269072472
20263713,crossing topology,crossing_90_d_1,anchored coarse MLP,6000.0,0.3505442889828647,0.11943791339905807,0.1891411178211098,8.339514949124828,0.8993462521714909
20263713,crossing topology,crossing_90_d_1,matched direct control,6000.0,0.4094328243805389,0.13727256035849364,0.24768763472144073,8.305632062164586,0.8626876901422819
20263713,crossing topology,crossing_90_d_1,GEL-Ped,6000.0,0.33748563643456647,0.1150087162436928,0.18013601387977035,8.191766071316888,0.9067057783268189
20263713,crossing topology,crossing_90_d_2,constant velocity,6000.0,0.3716476917334928,0.12581251622496464,0.19118020736181263,6.563610274460795,0.9113385400982763
20263713,crossing topology,crossing_90_d_2,direct MLP,6000.0,0.3897257028855393,0.13244573596799142,0.230221564289402,6.679820142072152,0.9025032595294762
20263713,crossing topology,crossing_90_d_2,graph interaction network,6000.0,0.36770822360736943,0.12283613743018423,0.18911969785866517,6.888025476199427,0.9132082022709861
20263713,crossing topology,crossing_90_d_2,anchored coarse MLP,6000.0,0.36709036257578964,0.12293889146431128,0.19475675488281627,6.691721046801339,0.9134996301635454
20263713,crossing topology,crossing_90_d_2,matched direct control,6000.0,0.4567966814123587,0.1556626152489858,0.29834410203185036,6.862313217427498,0.866057660941799
20263713,crossing topology,crossing_90_d_2,GEL-Ped,6000.0,0.3570915490071714,0.11965679503842795,0.18823233362951367,6.523910733359765,0.9181476518143519
20263713,crossing topology,crossing_90_d_3,constant velocity,6000.0,0.3513820018127232,0.11759818904518907,0.18059168020043193,5.3232179851629144,0.9222378506103605
20263713,crossing topology,crossing_90_d_3,direct MLP,6000.0,0.3729527133288291,0.12472630073946389,0.20758133181565167,5.467278540213343,0.912397444960768
20263713,crossing topology,crossing_90_d_3,graph interaction network,6000.0,0.36690452030022985,0.12232714817692161,0.18172181366575102,6.016440334899148,0.9152157162635447
20263713,crossing topology,crossing_90_d_3,anchored coarse MLP,6000.0,0.3665708311361529,0.12226225214356641,0.19105131769805334,5.566949047558101,0.9153698638959851
20263713,crossing topology,crossing_90_d_3,matched direct control,6000.0,0.4138019947490581,0.13971190059991787,0.2515253035606345,5.671640754796178,0.8921563965941353
20263713,crossing topology,crossing_90_d_3,GEL-Ped,6000.0,0.3535581748150284,0.11816417040393182,0.17908004324401108,5.649420766602363,0.9212716775765805
20263713,crossing topology,crossing_90_d_5,constant velocity,6000.0,0.3648707337451854,0.12500232820894883,0.18142599642727206,8.567974707482186,0.8717028599760731
20263713,crossing topology,crossing_90_d_5,direct MLP,6000.0,0.3570255100934474,0.12169031748224413,0.1913065565374155,8.3379921088314,0.8771606776867218
20263713,crossing topology,crossing_90_d_5,graph interaction network,6000.0,0.3517499613664862,0.12017056702835982,0.18248650523973803,8.456843087989146,0.8807641005805484
20263713,crossing topology,crossing_90_d_5,anchored coarse MLP,6000.0,0.35591504337786417,0.12112603377479861,0.18538606616890332,8.454894544211985,0.8779236306777977
20263713,crossing topology,crossing_90_d_5,matched direct control,6000.0,0.36354134885244666,0.124318962399421,0.20094131004002286,8.215239125901665,0.8726360429262852
20263713,crossing topology,crossing_90_d_5,GEL-Ped,6000.0,0.346729533313092,0.1186607272043146,0.1812602091165806,8.182550010879925,0.884143451746409
20263713,crossing topology,crossing_90_d_6,constant velocity,6000.0,0.3721668805511402,0.12716418505834937,0.1635153453002269,13.269894489342114,0.8212159530293817
20263713,crossing topology,crossing_90_d_6,direct MLP,6000.0,0.34092370073089634,0.11501288638146992,0.18101302803844022,11.326387122882206,0.8499735933667119
20263713,crossing topology,crossing_90_d_6,graph interaction network,6000.0,0.3324912024197559,0.11188809010208,0.17023278887907844,11.288314957008982,0.8573033964183578
20263713,crossing topology,crossing_90_d_6,anchored coarse MLP,6000.0,0.3373744072570981,0.11351229515492677,0.17285374219822422,11.482861746608583,0.8530811269831764
20263713,crossing topology,crossing_90_d_6,matched direct control,6000.0,0.3387035725346083,0.11398222682848583,0.18212601739070827,11.16605359071686,0.8519212041499852
20263713,crossing topology,crossing_90_d_6,GEL-Ped,6000.0,0.3293322213398465,0.11092827972700287,0.17018449617969347,11.128515794506741,0.860002021037184
20263713,crossing topology,crossing_90_d_7,constant velocity,6000.0,0.3713272681936605,0.12735056374890086,0.16149738690449966,17.12574503734647,0.788736895874658
20263713,crossing topology,crossing_90_d_7,direct MLP,6000.0,0.3310090399147662,0.11103672834136342,0.17772301365504575,12.677932024051334,0.8321235871360014
20263713,crossing topology,crossing_90_d_7,graph interaction network,6000.0,0.3181669350074247,0.10700714909822094,0.16759356054531138,12.28019241981126,0.8448970492361737
20263713,crossing topology,crossing_90_d_7,anchored coarse MLP,6000.0,0.3257556382648056,0.10920187406952145,0.1688584638245063,12.908017892368964,0.8374099913247832
20263713,crossing topology,crossing_90_d_7,matched direct control,6000.0,0.3290671646594871,0.1100802705774771,0.17947001085114697,12.492615948668254,0.8340875142958317
20263713,crossing topology,crossing_90_d_7,GEL-Ped,6000.0,0.3171014805730204,0.10676403991975272,0.16835475332526936,12.383147467438544,0.8459341050161213
20263713,crossing topology,crossing_90_d_8,constant velocity,6000.0,0.3742853356732,0.1264467669056309,0.16161875726497257,18.547956358017906,0.7763881589824588
20263713,crossing topology,crossing_90_d_8,direct MLP,6000.0,0.3387133726819963,0.11132438194869686,0.17999685727925502,13.660128182636573,0.8168723763626401
20263713,crossing topology,crossing_90_d_8,graph interaction network,6000.0,0.3279691953196552,0.10755501705146692,0.16844495106657706,13.500153222871866,0.8283059354843529
20263713,crossing topology,crossing_90_d_8,anchored coarse MLP,6000.0,0.3333858674603748,0.10936606630673339,0.16969212537335646,13.705837831749044,0.8225877741411862
20263713,crossing topology,crossing_90_d_8,matched direct control,6000.0,0.33347249067526563,0.10952003814756484,0.1801209315398958,13.259990762941314,0.8224955685896559
20263713,crossing topology,crossing_90_d_8,GEL-Ped,6000.0,0.3229457976330772,0.10643826775261125,0.16873633603575547,13.1342133767414,0.8335252204518457
20263713,crossing topology,crossing_90_e_1,constant velocity,6000.0,0.35939232639391916,0.12234492939133912,0.1573804389608507,11.267423367569096,0.8651895159033379
20263713,crossing topology,crossing_90_e_1,direct MLP,6000.0,0.3444639206159346,0.11612028424790784,0.17511234994611777,9.937067183236705,0.8761564054414365
20263713,crossing topology,crossing_90_e_1,graph interaction network,6000.0,0.33577782524127336,0.11360674167170655,0.1644241466546664,10.176390914546534,0.8823234053590865
20263713,crossing topology,crossing_90_e_1,anchored coarse MLP,6000.0,0.33983763467005795,0.11406000134009182,0.16512742796658714,10.07446676820776,0.8794606034709712
20263713,crossing topology,crossing_90_e_1,matched direct control,6000.0,0.35364860602419057,0.11961239229370738,0.1889323741615889,9.911833053869746,0.869464099531064
20263713,crossing topology,crossing_90_e_1,GEL-Ped,6000.0,0.3282355964575584,0.11106808513609182,0.16284329156485644,9.736448114605672,0.8875505272576227
20263713,crossing topology,crossing_90_e_2,constant velocity,6000.0,0.39239198321268404,0.1327905253401304,0.17145671437485585,13.384136991457645,0.8345495480714679
20263713,crossing topology,crossing_90_e_2,direct MLP,6000.0,0.38550449562958183,0.1286359984885506,0.18968232221714645,12.614303569957261,0.8403067351302046
20263713,crossing topology,crossing_90_e_2,graph interaction network,6000.0,0.37449208940967776,0.12435177723661245,0.17703486062546547,12.839709168350755,0.8493000866698511
20263713,crossing topology,crossing_90_e_2,anchored coarse MLP,6000.0,0.38028138507665443,0.12605660223942783,0.17766168121270695,12.647410110142518,0.8446047140284509
20263713,crossing topology,crossing_90_e_2,matched direct control,6000.0,0.3915241997550472,0.12990591481820415,0.20095551747363005,12.311308837904543,0.835280533471618
20263713,crossing topology,crossing_90_e_2,GEL-Ped,6000.0,0.36785041670460633,0.12252622145483999,0.17727205564633133,12.139124962629902,0.8545980567930317
20263713,crossing topology,crossing_90_e_3,constant velocity,6000.0,0.39957679467625495,0.13607070488082046,0.18458057527112165,12.190465709481275,0.8116284719853581
20263713,crossing topology,crossing_90_e_3,direct MLP,6000.0,0.3957695138187548,0.13415144661991552,0.19749430321410266,11.896770549857163,0.8152010846063371
20263713,crossing topology,crossing_90_e_3,graph interaction network,6000.0,0.3861546879380384,0.13047722351213376,0.19041234090371556,11.360792622397653,0.8240710274721212
20263713,crossing topology,crossing_90_e_3,anchored coarse MLP,6000.0,0.398003392151188,0.1344392034055937,0.19143897257348325,12.135451203572355,0.8131090419771602
20263713,crossing topology,crossing_90_e_3,matched direct control,6000.0,0.3914696536211763,0.13279783717970692,0.20140814242161237,11.574033311852991,0.8191947876754246
20263713,crossing topology,crossing_90_e_3,GEL-Ped,6000.0,0.38301927850275114,0.12958965958599503,0.18944926412635785,11.400049028407741,0.826916363616286
20263713,crossing topology,crossing_90_e_4,constant velocity,6000.0,0.3968828257102466,0.13565822380348355,0.16099521181939205,18.661137170390514,0.7708363057252939
20263713,crossing topology,crossing_90_e_4,direct MLP,6000.0,0.37571764644854366,0.12542962352751935,0.18179009371186786,15.51128790809217,0.7946265073583708
20263713,crossing topology,crossing_90_e_4,graph interaction network,6000.0,0.361846877297622,0.1205269557479352,0.17298880281479914,14.32922559129813,0.8095105794804109
20263713,crossing topology,crossing_90_e_4,anchored coarse MLP,6000.0,0.3705283022469511,0.12316200326027754,0.1720233479062338,15.398989301280668,0.8002604921030356
20263713,crossing topology,crossing_90_e_4,matched direct control,6000.0,0.3731712540573098,0.12364764564044801,0.1856480787844334,14.439368835154319,0.7974008744492075
20263713,crossing topology,crossing_90_e_4,GEL-Ped,6000.0,0.35802610145843095,0.1196860531452636,0.17277804041809108,14.180916600276738,0.813512133033981
20263713,crossing topology,crossing_90_e_5,constant velocity,6000.0,0.3887050131392485,0.1327919107425057,0.15472858811706852,21.93781186591007,0.7320265103555992
20263713,crossing topology,crossing_90_e_5,direct MLP,6000.0,0.35733476329546265,0.11992928012693223,0.173775645362558,16.73555107416401,0.7735344817851759
20263713,crossing topology,crossing_90_e_5,graph interaction network,6000.0,0.34228906169470963,0.1151848117292787,0.16758094034688967,15.57867028610441,0.7922038053663788
20263713,crossing topology,crossing_90_e_5,anchored coarse MLP,6000.0,0.35176286700912957,0.1174488284018612,0.1635030578587346,16.461792673528393,0.7805419414447621
20263713,crossing topology,crossing_90_e_5,matched direct control,6000.0,0.356254402460834,0.11869341426226326,0.17839829264070842,15.969705055787404,0.7749017969407099
20263713,crossing topology,crossing_90_e_5,GEL-Ped,6000.0,0.3410482756552777,0.1147839057349443,0.1676304438701323,15.74938335420602,0.7937075829193511
20263713,crossing topology,crossing_90_e_6,constant velocity,6000.0,0.36952248254222186,0.12473434654544874,0.15499084428921012,18.447499685565695,0.8002207625116945
20263713,crossing topology,crossing_90_e_6,direct MLP,6000.0,0.35761754954442737,0.118737722772352,0.17854258104562423,14.898586464394729,0.8128860084594431
20263713,crossing topology,crossing_90_e_6,graph interaction network,6000.0,0.3410234207158476,0.11328970527519618,0.16553634422690972,14.422826208301185,0.8298480110425366
20263713,crossing topology,crossing_90_e_6,anchored coarse MLP,6000.0,0.3473285946211269,0.11523069494367644,0.16563206940976724,14.836334247665325,0.8234979737609429
20263713,crossing topology,crossing_90_e_6,matched direct control,6000.0,0.3669449157073028,0.11948418265886561,0.18734629520769294,14.358320813803093,0.8029981218873039
20263713,crossing topology,crossing_90_e_6,GEL-Ped,6000.0,0.3376280981721958,0.11225256265285587,0.1658154793558255,14.16804894291016,0.8332193038945167
20264710,familiar corridor,bi_corr_400_a_03,constant velocity,6000.0,0.24217453303901043,0.08445521244335233,0.07944432388059236,27.766052748808992,0.7031151266642521
20264710,familiar corridor,bi_corr_400_a_03,direct MLP,6000.0,0.1647206126334894,0.05533720401374329,0.07443021894555309,12.354955501145465,0.8626505179558961
20264710,familiar corridor,bi_corr_400_a_03,graph interaction network,6000.0,0.14988882686316277,0.05053322490242627,0.07120332695525428,11.31925435499392,0.8862714114392798
20264710,familiar corridor,bi_corr_400_a_03,anchored coarse MLP,6000.0,0.16391114832138265,0.05467380639644903,0.07049672096788492,12.554158644006492,0.8639971172065893
20264710,familiar corridor,bi_corr_400_a_03,matched direct control,6000.0,0.15167596844435624,0.05099772853026216,0.07317632357168843,11.28612262593828,0.8835432458393939
20264710,familiar corridor,bi_corr_400_a_03,GEL-Ped,6000.0,0.14866678682914988,0.05000872990218665,0.07131413276314176,11.240365539503193,0.8881183047293875
20264710,familiar corridor,bi_corr_400_b_02,constant velocity,3989.0,0.20200101938875034,0.06818954265658131,0.06703854189258192,5.715251672938875,0.9738716533159921
20264710,familiar corridor,bi_corr_400_b_02,direct MLP,3989.0,0.19206779387880274,0.06419417775047148,0.06695007720300139,5.053886813757802,0.9763781501990452
20264710,familiar corridor,bi_corr_400_b_02,graph interaction network,3989.0,0.17481528134252236,0.058904888081495424,0.06514418845383782,4.604390083672911,0.9804312270355319
20264710,familiar corridor,bi_corr_400_b_02,anchored coarse MLP,3989.0,0.19504807878298966,0.06567295694646141,0.07811926259716724,5.000724457063472,0.9756393898642287
20264710,familiar corridor,bi_corr_400_b_02,matched direct control,3989.0,0.17352679585501707,0.05815087887138573,0.06581900389745557,4.400400137183963,0.9807186293599729
20264710,familiar corridor,bi_corr_400_b_02,GEL-Ped,3989.0,0.17391230123522924,0.058521903822398906,0.06519383264833836,4.527262764036361,0.9806328636002587
20264710,familiar corridor,bi_corr_400_b_04,constant velocity,6000.0,0.24691608702471524,0.08549370003286452,0.08247253974370529,21.45462330034071,0.7991760351806156
20264710,familiar corridor,bi_corr_400_b_04,direct MLP,6000.0,0.19185904647627675,0.0640602041952573,0.08003532725082269,11.769279916557698,0.8787501168809826
20264710,familiar corridor,bi_corr_400_b_04,graph interaction network,6000.0,0.17483942413646342,0.05794831274271938,0.07797353034747592,10.450161713994454,0.899307876464424
20264710,familiar corridor,bi_corr_400_b_04,anchored coarse MLP,6000.0,0.18904080011143606,0.06251271680825068,0.07783750931594939,11.774544787081478,0.8822860701633268
20264710,familiar corridor,bi_corr_400_b_04,matched direct control,6000.0,0.17562186220131162,0.05801528097256934,0.07932692693368015,10.277822651850093,0.8984046289271476
20264710,familiar corridor,bi_corr_400_b_04,GEL-Ped,6000.0,0.17259550279324323,0.05734902583205005,0.07746260520867394,10.201195022554487,0.9018758933179932
20264710,familiar corridor,bi_corr_400_b_06,constant velocity,6000.0,0.24043969425897518,0.0828475246207808,0.08300338558588707,28.750992740098447,0.6498621674432152
20264710,familiar corridor,bi_corr_400_b_06,direct MLP,6000.0,0.18494084668800861,0.06221261579960479,0.0785983978483962,15.366863757806573,0.7928464462669362
20264710,familiar corridor,bi_corr_400_b_06,graph interaction network,6000.0,0.1682884472464299,0.056173135590980416,0.07596661840133188,13.414333703828865,0.8284718863494022
20264710,familiar corridor,bi_corr_400_b_06,anchored coarse MLP,6000.0,0.18226345349190406,0.0608709487782248,0.07671026586206751,15.549858688797958,0.7988009643532897
20264710,familiar corridor,bi_corr_400_b_06,matched direct control,6000.0,0.16850151503713395,0.05622690985577035,0.07725835482396765,13.628285873389707,0.8280372724144681
20264710,familiar corridor,bi_corr_400_b_06,GEL-Ped,6000.0,0.1665745131287705,0.05551111808376274,0.0753379933758736,13.41505114558732,0.8319479517683126
20264710,familiar corridor,bi_corr_400_b_10,constant velocity,6000.0,0.2413845605907725,0.08367923363463499,0.07314882161574661,24.79935929954083,0.7315965912339923
20264710,familiar corridor,bi_corr_400_b_10,direct MLP,6000.0,0.15291077016976204,0.05140844643391799,0.0670567507817016,11.033612007796954,0.8922926844415228
20264710,familiar corridor,bi_corr_400_b_10,graph interaction network,6000.0,0.14307659283435398,0.048291180084858304,0.06606471556467805,10.090847454948072,0.9057011862654769
20264710,familiar corridor,bi_corr_400_b_10,anchored coarse MLP,6000.0,0.15260089656187795,0.05103847524155483,0.06595594375235563,10.600557462768938,0.8927287797741944
20264710,familiar corridor,bi_corr_400_b_10,matched direct control,6000.0,0.14288421781832666,0.048026407896289064,0.06730508832095797,9.733961907045092,0.9059545965514443
20264710,familiar corridor,bi_corr_400_b_10,GEL-Ped,6000.0,0.14126358623790802,0.047607558295435184,0.06593426252406513,9.908845017099878,0.9080758748648603
20264710,altered geometry,bi_corr_400_a_04,constant velocity,6000.0,0.23224655835413516,0.08015688038305871,0.07711836731669927,31.297778709325655,0.6166025777487971
20264710,altered geometry,bi_corr_400_a_04,direct MLP,6000.0,0.17102136536375803,0.05685127702924299,0.07303064811120366,14.742296661777624,0.7921015011824706
20264710,altered geometry,bi_corr_400_a_04,graph interaction network,6000.0,0.15562900058339246,0.051549647235159514,0.07039541440338434,12.658277737368465,0.8278402308017618
20264710,altered geometry,bi_corr_400_a_04,anchored coarse MLP,6000.0,0.17313882460903096,0.057269166373119906,0.07206175997025022,15.090075238326556,0.7869215423559308
20264710,altered geometry,bi_corr_400_a_04,matched direct control,6000.0,0.15772259031617047,0.05203913204252745,0.07165369576304874,12.854709121444472,0.8231771375712555
20264710,altered geometry,bi_corr_400_a_04,GEL-Ped,6000.0,0.15453463922468488,0.05104197595342598,0.0700026693226028,12.502540064296618,0.8302529248296616
20264710,altered geometry,bi_corr_400_a_05,constant velocity,6000.0,0.23276356402620538,0.08059935718996895,0.0737396714992956,30.50074392759699,0.5835486638110252
20264710,altered geometry,bi_corr_400_a_05,direct MLP,6000.0,0.16573168115771558,0.056077356275963566,0.07239375894810386,14.670996337620917,0.78887224259181
20264710,altered geometry,bi_corr_400_a_05,graph interaction network,6000.0,0.14994611742979483,0.050825913462541485,0.06859500685655628,13.24720709339686,0.8271757371772583
20264710,altered geometry,bi_corr_400_a_05,anchored coarse MLP,6000.0,0.16555569355530472,0.05560015158432385,0.07028869602659193,14.404346065693613,0.7893203903446464
20264710,altered geometry,bi_corr_400_a_05,matched direct control,6000.0,0.15192600277183718,0.051474597054110505,0.07045357543091817,13.161189023213051,0.8225816703484423
20264710,altered geometry,bi_corr_400_a_05,GEL-Ped,6000.0,0.1486764684177111,0.050357680745292704,0.0684611799772191,12.981118929171522,0.8300900797059184
20264710,altered geometry,bi_corr_400_b_08,constant velocity,6000.0,0.22545157593818366,0.07631024604162079,0.07685683148791325,33.84217644323421,0.5434028619208883
20264710,altered geometry,bi_corr_400_b_08,direct MLP,6000.0,0.17820802767404484,0.06056978494400997,0.076863061397867,17.290270235438683,0.7147135390771184
20264710,altered geometry,bi_corr_400_b_08,graph interaction network,6000.0,0.16302787016948936,0.05485252787016379,0.07128813372206921,15.588682087592515,0.761246171754453
20264710,altered geometry,bi_corr_400_b_08,anchored coarse MLP,6000.0,0.1739226763011627,0.058040344946034085,0.07278492879712921,16.58395097047197,0.7282690835560061
20264710,altered geometry,bi_corr_400_b_08,matched direct control,6000.0,0.16000391678039907,0.05348357782200071,0.07142901205693217,14.75055482021413,0.7700211689578
20264710,altered geometry,bi_corr_400_b_08,GEL-Ped,6000.0,0.15899328002448282,0.0532622108443938,0.07012809124961439,14.91812001950748,0.772917235857617
20264710,crossing topology,crossing_90_d_1,constant velocity,6000.0,0.35683039381184534,0.1224721366123736,0.17401622502070313,8.72070159670955,0.8957039557285599
20264710,crossing topology,crossing_90_d_1,direct MLP,6000.0,0.3688440578834578,0.12566162651538465,0.2106634864077777,8.181206184936201,0.8885629155642003
20264710,crossing topology,crossing_90_d_1,graph interaction network,6000.0,0.41757402093729873,0.12123652093048042,0.18700334196567814,8.717000308080845,0.857172741113264
20264710,crossing topology,crossing_90_d_1,anchored coarse MLP,6000.0,0.3448325165503391,0.11760948590475906,0.1909360154710484,8.020465727844531,0.9025996356355187
20264710,crossing topology,crossing_90_d_1,matched direct control,6000.0,0.41099135379243723,0.1378139731387292,0.2491623066812843,8.288620993797112,0.8616403262163597
20264710,crossing topology,crossing_90_d_1,GEL-Ped,6000.0,0.3384339774753192,0.1154521571328589,0.18072643413522124,8.265128133165454,0.9061807245908335
20264710,crossing topology,crossing_90_d_2,constant velocity,6000.0,0.3716476917334928,0.12581251622496464,0.19118020736181263,6.563610274460795,0.9113385400982763
20264710,crossing topology,crossing_90_d_2,direct MLP,6000.0,0.39350684017822474,0.13399758521577643,0.23528741114733218,6.541597299713969,0.9006022461680411
20264710,crossing topology,crossing_90_d_2,graph interaction network,6000.0,0.37295241817508906,0.12465191395632505,0.18846870504691976,7.0546064228838645,0.9107149279621278
20264710,crossing topology,crossing_90_d_2,anchored coarse MLP,6000.0,0.36145677645145696,0.12125200847960503,0.19756256308147,6.527221523164091,0.9161342295944408
20264710,crossing topology,crossing_90_d_2,matched direct control,6000.0,0.4567034199491577,0.15558992953836226,0.29809511924716586,6.901052091889227,0.8661123477810847
20264710,crossing topology,crossing_90_d_2,GEL-Ped,6000.0,0.3583084216688722,0.12005269622472066,0.1882943714778769,6.613960621718348,0.9175888393932572
20264710,crossing topology,crossing_90_d_3,constant velocity,6000.0,0.3513820018127232,0.11759818904518907,0.18059168020043193,5.3232179851629144,0.9222378506103605
20264710,crossing topology,crossing_90_d_3,direct MLP,6000.0,0.3790752825247229,0.1273710532444696,0.21634708156173138,5.490989554000892,0.9094975855617518
20264710,crossing topology,crossing_90_d_3,graph interaction network,6000.0,0.37188913960847,0.1242447911519625,0.17962780448159182,6.130198311929487,0.912896376433948
20264710,crossing topology,crossing_90_d_3,anchored coarse MLP,6000.0,0.3590458507765854,0.12013204786560044,0.19468026064293387,5.301778863379297,0.918808782211948
20264710,crossing topology,crossing_90_d_3,matched direct control,6000.0,0.4128298695429418,0.13927663933623208,0.24994455506441463,5.742256885996408,0.8926625050309083
20264710,crossing topology,crossing_90_d_3,GEL-Ped,6000.0,0.3554206825913682,0.11879778732330365,0.1788667305780178,5.699455658790558,0.9204400275422647
20264710,crossing topology,crossing_90_d_5,constant velocity,6000.0,0.3648707337451854,0.12500232820894883,0.18142599642727206,8.567974707482186,0.8717028599760731
20264710,crossing topology,crossing_90_d_5,direct MLP,6000.0,0.3564231523167132,0.12158640821673916,0.18870734247294618,8.340277037372012,0.8775748262555827
20264710,crossing topology,crossing_90_d_5,graph interaction network,6000.0,0.40663770980173575,0.12226858080188481,0.18570709327587914,8.587799581994176,0.8406492115399645
20264710,crossing topology,crossing_90_d_5,anchored coarse MLP,6000.0,0.35080167709875365,0.11960308901697546,0.18638727357233187,8.245237640469679,0.8814061311571059
20264710,crossing topology,crossing_90_d_5,matched direct control,6000.0,0.3626921442333004,0.12396264697610904,0.20047986771634602,8.28059354211363,0.8732303727682516
20264710,crossing topology,crossing_90_d_5,GEL-Ped,6000.0,0.3470923200582658,0.11872312540845363,0.18125359350506923,8.294124786755177,0.8839008810689174
20264710,crossing topology,crossing_90_d_6,constant velocity,6000.0,0.3721668805511402,0.12716418505834937,0.1635153453002269,13.269894489342114,0.8212159530293817
20264710,crossing topology,crossing_90_d_6,direct MLP,6000.0,0.3379003779953955,0.11370500150450547,0.17214275572294446,11.522268563590401,0.8526226733317213
20264710,crossing topology,crossing_90_d_6,graph interaction network,6000.0,0.3360195955874063,0.11311126697113683,0.17222806079971406,11.51780647258749,0.8542587370031801
20264710,crossing topology,crossing_90_d_6,anchored coarse MLP,6000.0,0.3329893805492764,0.1120394093530366,0.17257575755753146,11.219126561646375,0.856875465796043
20264710,crossing topology,crossing_90_d_6,matched direct control,6000.0,0.33978366003137245,0.1145430567818253,0.18392475086650834,11.152290486942455,0.850975285174601
20264710,crossing topology,crossing_90_d_6,GEL-Ped,6000.0,0.33137500897435745,0.11172054125846238,0.1718036091534938,11.293680340122547,0.8582598708217032
20264710,crossing topology,crossing_90_d_7,constant velocity,6000.0,0.3713272681936605,0.12735056374890086,0.16149738690449966,17.12574503734647,0.788736895874658
20264710,crossing topology,crossing_90_d_7,direct MLP,6000.0,0.3280590691203161,0.10995152608820863,0.16862836934946057,13.044403470958489,0.8351025012728487
20264710,crossing topology,crossing_90_d_7,graph interaction network,6000.0,0.32032139733558584,0.10804637175493043,0.16931674638793667,12.626508851285468,0.8427893829842708
20264710,crossing topology,crossing_90_d_7,anchored coarse MLP,6000.0,0.3211108478697897,0.10772259699240608,0.16667690497326074,12.568059579160732,0.8420135188381478
20264710,crossing topology,crossing_90_d_7,matched direct control,6000.0,0.33124745071461487,0.1111055938099501,0.1817613173393065,12.627653114617658,0.8318816725136644
20264710,crossing topology,crossing_90_d_7,GEL-Ped,6000.0,0.31859413227806355,0.10746649787827683,0.16978724151632635,12.740905307515785,0.8444802614890959
20264710,crossing topology,crossing_90_d_8,constant velocity,6000.0,0.3742853356732,0.1264467669056309,0.16161875726497257,18.547956358017906,0.7763881589824588
20264710,crossing topology,crossing_90_d_8,direct MLP,6000.0,0.3363645728442445,0.1102508021296193,0.1702574655632389,13.857233828182295,0.8194033586247157
20264710,crossing topology,crossing_90_d_8,graph interaction network,6000.0,0.3282415913967352,0.10768345512670406,0.16878212378374205,13.546347038321146,0.8280206147146052
20264710,crossing topology,crossing_90_d_8,anchored coarse MLP,6000.0,0.32727159076243467,0.10722725454693355,0.1668973994081287,13.25707002990138,0.8290355599780186
20264710,crossing topology,crossing_90_d_8,matched direct control,6000.0,0.3357877898408638,0.11057961764797311,0.18313738272186658,13.308901386665614,0.820022185771204
20264710,crossing topology,crossing_90_d_8,GEL-Ped,6000.0,0.32357540142575036,0.10674182245985481,0.16938008201865085,13.193110551888287,0.8328754809390313
20264710,crossing topology,crossing_90_e_1,constant velocity,6000.0,0.35939232639391916,0.12234492939133912,0.1573804389608507,11.267423367569096,0.8651895159033379
20264710,crossing topology,crossing_90_e_1,direct MLP,6000.0,0.3419169372344174,0.11501822130164308,0.17235269716662235,9.82986601256095,0.8779810460777022
20264710,crossing topology,crossing_90_e_1,graph interaction network,6000.0,0.3366081248601171,0.11373697536617325,0.16464020131627688,10.265345562697314,0.8817407127133253
20264710,crossing topology,crossing_90_e_1,anchored coarse MLP,6000.0,0.333314968768041,0.11220047781978104,0.1667199670710753,9.539796167085672,0.8840433383392912
20264710,crossing topology,crossing_90_e_1,matched direct control,6000.0,0.3545509309257981,0.11985185583621805,0.1905735717765238,9.914949476563265,0.8687971320657369
20264710,crossing topology,crossing_90_e_1,GEL-Ped,6000.0,0.32924852259377463,0.11139589868576621,0.1635911957007548,9.813720720271224,0.8868554243378097
20264710,crossing topology,crossing_90_e_2,constant velocity,6000.0,0.39239198321268404,0.1327905253401304,0.17145671437485585,13.384136991457645,0.8345495480714679
20264710,crossing topology,crossing_90_e_2,direct MLP,6000.0,0.38279833871225244,0.12722201149415302,0.18530432599539742,12.545046541042492,0.8425408891882535
20264710,crossing topology,crossing_90_e_2,graph interaction network,6000.0,0.37541324370155077,0.1243641002311715,0.17639194580055595,12.809264137972763,0.8485578087738787
20264710,crossing topology,crossing_90_e_2,anchored coarse MLP,6000.0,0.3720003949225808,0.12352085971430121,0.17862962053725218,12.094495470203318,0.8512987881628105
20264710,crossing topology,crossing_90_e_2,matched direct control,6000.0,0.39129406759295904,0.1299552684073499,0.20131934720265895,12.313296054569076,0.8354741159185419
20264710,crossing topology,crossing_90_e_2,GEL-Ped,6000.0,0.3686228961123819,0.12262515704537601,0.17735724873021194,12.149216008319005,0.8539867325324523
20264710,crossing topology,crossing_90_e_3,constant velocity,6000.0,0.39957679467625495,0.13607070488082046,0.18458057527112165,12.190465709481275,0.8116284719853581
20264710,crossing topology,crossing_90_e_3,direct MLP,6000.0,0.3939503473964351,0.13330245874919086,0.19336641265493767,11.847881460601078,0.8168960476561794
20264710,crossing topology,crossing_90_e_3,graph interaction network,6000.0,0.3862306204439698,0.13060556114356267,0.19093249790685302,11.507327075723222,0.8240018321906398
20264710,crossing topology,crossing_90_e_3,anchored coarse MLP,6000.0,0.38946997070337525,0.13161411782965143,0.192773780749991,11.632317822054837,0.8210372276130747
20264710,crossing topology,crossing_90_e_3,matched direct control,6000.0,0.39236421477884037,0.13311877768411054,0.2016893923996557,11.484133628830566,0.818367514761891
20264710,crossing topology,crossing_90_e_3,GEL-Ped,6000.0,0.38421333455005635,0.1300910763802001,0.19028865511784132,11.454764253131984,0.8258355109184634
20264710,crossing topology,crossing_90_e_4,constant velocity,6000.0,0.3968828257102466,0.13565822380348355,0.16099521181939205,18.661137170390514,0.7708363057252939
20264710,crossing topology,crossing_90_e_4,direct MLP,6000.0,0.37011686791381315,0.12303535153652403,0.17352336788364148,15.107720285373137,0.8007038270094534
20264710,crossing topology,crossing_90_e_4,graph interaction network,6000.0,0.36226002752229397,0.12092905841649784,0.17447665451264416,14.83225258210385,0.8090753363907449
20264710,crossing topology,crossing_90_e_4,anchored coarse MLP,6000.0,0.3643405884222834,0.12114515608504242,0.17259789157744718,14.953247604829517,0.8068759709491778
20264710,crossing topology,crossing_90_e_4,matched direct control,6000.0,0.37417806812808563,0.12404929060374054,0.1866893617039373,14.671635049882092,0.7963061769551223
20264710,crossing topology,crossing_90_e_4,GEL-Ped,6000.0,0.35867911330601365,0.12007077448398654,0.17371233192476873,14.570515195178906,0.812831233828059
20264710,crossing topology,crossing_90_e_5,constant velocity,6000.0,0.3887050131392485,0.1327919107425057,0.15472858811706852,21.93781186591007,0.7320265103555992
20264710,crossing topology,crossing_90_e_5,direct MLP,6000.0,0.35055850559948043,0.11680204858707446,0.1608149323370597,16.213319237075602,0.7820421245299048
20264710,crossing topology,crossing_90_e_5,graph interaction network,6000.0,0.341948658630396,0.11491483153409686,0.16864200159652837,16.053233188530083,0.7926169023476093
20264710,crossing topology,crossing_90_e_5,anchored coarse MLP,6000.0,0.34700640198875315,0.11614218840712345,0.16509515489511026,15.946634919452128,0.7864367492856059
20264710,crossing topology,crossing_90_e_5,matched direct control,6000.0,0.3565462700778131,0.11895151775322697,0.1798921000379458,15.935480372430543,0.7745328146172197
20264710,crossing topology,crossing_90_e_5,GEL-Ped,6000.0,0.3413021882839206,0.114848541334514,0.16854875016918083,16.04411562241362,0.793400296518296
20264710,crossing topology,crossing_90_e_6,constant velocity,6000.0,0.36952248254222186,0.12473434654544874,0.15499084428921012,18.447499685565695,0.8002207625116945
20264710,crossing topology,crossing_90_e_6,direct MLP,6000.0,0.35311780381247176,0.11683902817946253,0.17161360462029912,14.585584172545982,0.8175651319766606
20264710,crossing topology,crossing_90_e_6,graph interaction network,6000.0,0.3414623100886712,0.11357016447692941,0.16674752631283685,14.530822273478057,0.8294097657517051
20264710,crossing topology,crossing_90_e_6,anchored coarse MLP,6000.0,0.341979695003121,0.11346380985094562,0.1639855806996346,14.305856166207553,0.8288924162364393
20264710,crossing topology,crossing_90_e_6,matched direct control,6000.0,0.36676799604934424,0.11962438628067487,0.1877701589444464,14.381802719220317,0.8031880419610109
20264710,crossing topology,crossing_90_e_6,GEL-Ped,6000.0,0.3383894926510887,0.11259710492406375,0.1667665804592641,14.359982035416637,0.8324662321768429
20260722,familiar corridor,bi_corr_400_a_03,anisotropic Social Force,6000.0,0.23085630441777902,0.07994700735308524,0.07715633289038086,25.117908645772395,0.7302169833438873
20260722,familiar corridor,bi_corr_400_a_03,TTC response,6000.0,0.23445274889265796,0.08228459492350611,0.07924130513564116,25.426909744957975,0.7217457627624853
20260722,familiar corridor,bi_corr_400_a_03,Anticipation Velocity Model,6000.0,0.39574302660341215,0.14042424847504656,0.33064287156131283,19.162195691787346,0.20721090066135095
20260722,familiar corridor,bi_corr_400_b_02,anisotropic Social Force,3989.0,0.20259169174905736,0.06863760309979539,0.07945881803146594,5.500155846011454,0.9737186258060968
20260722,familiar corridor,bi_corr_400_b_02,TTC response,3989.0,0.20417690648766135,0.06960810104256164,0.08180651758568919,5.613707249457765,0.9733057301365083
20260722,familiar corridor,bi_corr_400_b_02,Anticipation Velocity Model,3989.0,0.4860748953708416,0.14934390118441798,0.3177923800574023,5.58623199294321,0.8487096629582508
20260722,familiar corridor,bi_corr_400_b_04,anisotropic Social Force,6000.0,0.23801580677687137,0.08232331521711458,0.08108583036981482,19.840010934446013,0.813392813623449
20260722,familiar corridor,bi_corr_400_b_04,TTC response,6000.0,0.24029163567147221,0.08368988625953193,0.08316388632907898,20.017099832897394,0.809807199822766
20260722,familiar corridor,bi_corr_400_b_04,Anticipation Velocity Model,6000.0,0.4388575874392722,0.15699827953462292,0.3598877892494691,15.771723938512467,0.36559881171999886
20260722,familiar corridor,bi_corr_400_b_06,anisotropic Social Force,6000.0,0.23253530359427743,0.0800809924673916,0.08480153348195059,26.404297064227883,0.6725051319293944
20260722,familiar corridor,bi_corr_400_b_06,TTC response,6000.0,0.23498044011126654,0.08159026938329023,0.0833369229386829,26.88348624772339,0.6655816261824166
20260722,familiar corridor,bi_corr_400_b_06,Anticipation Velocity Model,6000.0,0.35813653878182306,0.12305187304420168,0.28751718507826995,18.7880293177109,0.22317361321180307
20260722,familiar corridor,bi_corr_400_b_10,anisotropic Social Force,6000.0,0.23071558224926494,0.08013634126277164,0.07281608806817094,22.518111255046488,0.7547986229302752
20260722,familiar corridor,bi_corr_400_b_10,TTC response,6000.0,0.23252353922743305,0.08096628674830006,0.0724698003091058,22.900689377831768,0.7509406216129537
20260722,familiar corridor,bi_corr_400_b_10,Anticipation Velocity Model,6000.0,0.4149363197957109,0.1487201124721069,0.3432347578461393,19.32234703572736,0.20689269159439494
20260722,altered geometry,bi_corr_400_a_04,anisotropic Social Force,6000.0,0.22514819632664987,0.07716095829778309,0.07806039672847574,28.405361522249585,0.6396806718517214
20260722,altered geometry,bi_corr_400_a_04,TTC response,6000.0,0.22690647696261532,0.0789194026241618,0.07760638905110982,28.583342679827556,0.634030914821395
20260722,altered geometry,bi_corr_400_a_04,Anticipation Velocity Model,6000.0,0.3549149405119936,0.12155404207643072,0.28764054926275273,20.858308532850415,0.10463692840569316
20260722,altered geometry,bi_corr_400_a_05,anisotropic Social Force,6000.0,0.22491876572224537,0.07766147355649544,0.07530031453500105,28.209683788537035,0.6111468277764482
20260722,altered geometry,bi_corr_400_a_05,TTC response,6000.0,0.22570406008996097,0.07882281025185901,0.07472553258874569,28.144530189386195,0.6084267587048876
20260722,altered geometry,bi_corr_400_a_05,Anticipation Velocity Model,6000.0,0.3583475621134439,0.1272830295566296,0.30172686574468643,23.10207212689428,0.012940866331971002
20260722,altered geometry,bi_corr_400_b_08,anisotropic Social Force,6000.0,0.22308437652166158,0.07546848461834156,0.08236734231850763,30.42866792016489,0.5529408931264794
20260722,altered geometry,bi_corr_400_b_08,TTC response,6000.0,0.22228968085026543,0.07631939776041308,0.0783147016390284,30.727529860679113,0.5561203460414305
20260722,altered geometry,bi_corr_400_b_08,Anticipation Velocity Model,6000.0,0.31380594173255016,0.10362976243261116,0.24632416987786912,19.76680976823733,0.11539587733587786
20260722,crossing topology,crossing_90_d_1,anisotropic Social Force,6000.0,0.3637385791329438,0.1258583692749316,0.20111018364389702,8.226881639671756,0.8916265521873818
20260722,crossing topology,crossing_90_d_1,TTC response,6000.0,0.3590534527132338,0.12364665840841647,0.18508922796862262,8.59896618493066,0.8944003757216404
20260722,crossing topology,crossing_90_d_1,Anticipation Velocity Model,6000.0,0.9120712264586276,0.3202782874754392,0.7717153546500483,6.4975351924927836,0.3186007229787905
20260722,crossing topology,crossing_90_d_2,anisotropic Social Force,6000.0,0.3764660412718036,0.12807854219654052,0.21385264479592692,6.289492332300435,0.9090246755743883
20260722,crossing topology,crossing_90_d_2,TTC response,6000.0,0.37158738763855764,0.12551628295136294,0.19682331072858508,6.467394459470217,0.9113673104387703
20260722,crossing topology,crossing_90_d_2,Anticipation Velocity Model,6000.0,0.9725859243785604,0.34706793104459127,0.8410612686972985,5.411720993480463,0.39280531891157655
20260722,crossing topology,crossing_90_d_3,anisotropic Social Force,6000.0,0.36200035124165847,0.1227917276140848,0.21258654074070335,5.159689139966346,0.9174670792232359
20260722,crossing topology,crossing_90_d_3,TTC response,6000.0,0.35540756642166005,0.11923445831125788,0.19275367355928408,5.3100825137540415,0.9204458994731747
20260722,crossing topology,crossing_90_d_3,Anticipation Velocity Model,6000.0,0.9858003186717138,0.35064347496054477,0.85117233470314,5.223304911067101,0.3879496659451228
20260722,crossing topology,crossing_90_d_5,anisotropic Social Force,6000.0,0.3604060307374438,0.12403528693125679,0.19382782691978015,8.256322702689861,0.8748234394993293
20260722,crossing topology,crossing_90_d_5,TTC response,6000.0,0.3625327678302364,0.12433002134508747,0.18759547711866734,8.518175999747896,0.8733417600614437
20260722,crossing topology,crossing_90_d_5,Anticipation Velocity Model,6000.0,0.8510397459500416,0.2966620561887873,0.7035495841993479,7.5618172508897725,0.30202703386655316
20260722,crossing topology,crossing_90_d_6,anisotropic Social Force,6000.0,0.36222072110291725,0.12448035694886471,0.17374297119297194,12.637220198753916,0.8306442677859681
20260722,crossing topology,crossing_90_d_6,TTC response,6000.0,0.36600417207344393,0.1254118941509322,0.16546259194205296,13.11850705420348,0.8270878976876781
20260722,crossing topology,crossing_90_d_6,Anticipation Velocity Model,6000.0,0.7632704363531957,0.2643817462509714,0.6259226629992657,9.377188723375301,0.24801322695186023
20260722,crossing topology,crossing_90_d_7,anisotropic Social Force,6000.0,0.35983126756822115,0.12369120771019389,0.1695422385934962,16.107512365315923,0.8016154855024114
20260722,crossing topology,crossing_90_d_7,TTC response,6000.0,0.36360559086425487,0.1248394502959886,0.1608846306152483,16.34199289702927,0.7974318898683612
20260722,crossing topology,crossing_90_d_7,Anticipation Velocity Model,6000.0,0.7060237816046544,0.24035946965692745,0.5699568252362802,10.132823044375852,0.2362545576829247
20260722,crossing topology,crossing_90_d_8,anisotropic Social Force,6000.0,0.36294387105273795,0.12306879182789293,0.17117398707705025,17.376535290954532,0.7897344579100447
20260722,crossing topology,crossing_90_d_8,TTC response,6000.0,0.36692457842355536,0.12412961993116281,0.16109278363333246,17.820198924477808,0.7850968501217503
20260722,crossing topology,crossing_90_d_8,Anticipation Velocity Model,6000.0,0.6907499691571848,0.23328316266765692,0.5587392009443405,9.884711438302439,0.23839300948662923
20260722,crossing topology,crossing_90_e_1,anisotropic Social Force,6000.0,0.3543382749348741,0.12142294638843909,0.17095579495283147,10.495429386911274,0.8689544731192835
20260722,crossing topology,crossing_90_e_1,TTC response,6000.0,0.35620743376591846,0.12173772845561802,0.16320954435679355,11.01576499341822,0.867568278221139
20260722,crossing topology,crossing_90_e_1,Anticipation Velocity Model,6000.0,0.7657697958193627,0.26700815518792836,0.6264075519965154,7.668166665650063,0.38795615716337917
20260722,crossing topology,crossing_90_e_2,anisotropic Social Force,6000.0,0.38778678764702085,0.13178826408558464,0.1883871668007949,12.891573740318902,0.8384102823575637
20260722,crossing topology,crossing_90_e_2,TTC response,6000.0,0.39029706192380015,0.13244654522799953,0.17893314178823,13.207772764493171,0.8363114619291689
20260722,crossing topology,crossing_90_e_2,Anticipation Velocity Model,6000.0,0.7579518654002345,0.2568642150887322,0.604584434930748,8.56883184878488,0.382679131929908
20260722,crossing topology,crossing_90_e_3,anisotropic Social Force,6000.0,0.3906619362871306,0.13381433816348706,0.19584651871533276,11.59161942258655,0.8199401268936755
20260722,crossing topology,crossing_90_e_3,TTC response,6000.0,0.39730935866759903,0.13597762497077523,0.1931225739388695,11.977764021800116,0.8137602700474614
20260722,crossing topology,crossing_90_e_3,Anticipation Velocity Model,6000.0,0.7867201266546909,0.2736070148570122,0.6428195583803752,9.293927721655054,0.2697774085721836
20260722,crossing topology,crossing_90_e_4,anisotropic Social Force,6000.0,0.3871484077868254,0.1328149164592256,0.1721412723927551,17.6013425445215,0.7819399247993256
20260722,crossing topology,crossing_90_e_4,TTC response,6000.0,0.39160157735747425,0.1342864734259355,0.1664894501254133,18.07162114515503,0.7768946074703397
20260722,crossing topology,crossing_90_e_4,Anticipation Velocity Model,6000.0,0.7093143601894937,0.24567550125483445,0.571301444732618,12.060641369503227,0.2680208558472884
20260722,crossing topology,crossing_90_e_5,anisotropic Social Force,6000.0,0.376534958558264,0.12910868082221472,0.1645235278003928,20.679089767699324,0.74854391168894
20260722,crossing topology,crossing_90_e_5,TTC response,6000.0,0.38136687933919233,0.13081983637507558,0.15749381263194726,21.031647615721717,0.7420488345412295
20260722,crossing topology,crossing_90_e_5,Anticipation Velocity Model,6000.0,0.6392764583994516,0.22161971508248657,0.51377760116162,12.664996278799999,0.27518199730326875
20260722,crossing topology,crossing_90_e_6,anisotropic Social Force,6000.0,0.3616172459990401,0.1225906383072255,0.16666086036706873,17.639315104540167,0.8086771304321626
20260722,crossing topology,crossing_90_e_6,TTC response,6000.0,0.36409569882073,0.12334781044994331,0.15772148203851774,17.80401008911205,0.8060455651784468
20260722,crossing topology,crossing_90_e_6,Anticipation Velocity Model,6000.0,0.6920156785297631,0.2328304513141992,0.5492701222720157,10.423717286266067,0.29935103392217377
