dataset,run,buffer,disagreement_mps,in_support_minus_transfer_mse,routed_rmse_mps
familiar corridor,bi_corr_400_a_03,0,0.10028284518722069,0.003784138828584253,0.19281704765383498
familiar corridor,bi_corr_400_a_03,1,0.0728255475819346,0.0006576625695648459,0.16923070827050304
familiar corridor,bi_corr_400_a_03,2,0.06531059183516227,0.000619248833648935,0.169697648110009
familiar corridor,bi_corr_400_a_03,3,0.06140077593732775,-0.006566687424579981,0.15943505942955316
familiar corridor,bi_corr_400_a_03,4,0.05942645871073103,-0.0047381442967477415,0.17525707070625363
familiar corridor,bi_corr_400_a_03,5,0.061304661132712115,-0.0015185770793965975,0.17439597529442682
familiar corridor,bi_corr_400_a_03,6,0.05089557432577953,-0.00048754394608344,0.17147112988134192
familiar corridor,bi_corr_400_a_03,7,0.05198735129832977,-0.003743644801903773,0.15194500643308811
familiar corridor,bi_corr_400_a_03,8,0.05780758955591333,-0.0016849066975763616,0.13540556122269262
familiar corridor,bi_corr_400_a_03,9,0.04842216637154503,-0.0010642299873829968,0.13802842225577802
familiar corridor,bi_corr_400_a_03,10,0.047236972062494643,-4.8480310379623644e-05,0.14658833438509986
familiar corridor,bi_corr_400_a_03,11,0.05152034099665644,-0.0008719625621061124,0.154497458404825
familiar corridor,bi_corr_400_a_03,12,0.05592543595065244,0.0008596963041067441,0.12540196202242107
familiar corridor,bi_corr_400_a_03,13,0.049601493504104636,-0.00024431071400888573,0.14136678574864162
familiar corridor,bi_corr_400_a_03,14,0.048894657749892816,0.0008265132288712037,0.13719853661495088
familiar corridor,bi_corr_400_a_03,15,0.05233616085341287,-0.001427359185011308,0.17407428127622124
familiar corridor,bi_corr_400_a_03,16,0.05595712880651536,-0.0008501998019680922,0.12993057231332505
familiar corridor,bi_corr_400_a_03,17,0.05286160918822254,5.355423551865543e-05,0.1326733311997452
familiar corridor,bi_corr_400_a_03,18,0.05606234203151539,0.0004654201793292928,0.13343176901510723
familiar corridor,bi_corr_400_a_03,19,0.05432862294707345,-0.0005930913209542531,0.14244882613386747
familiar corridor,bi_corr_400_a_03,20,0.054684151560944576,-0.004917512085654514,0.1432595447526996
familiar corridor,bi_corr_400_a_03,21,0.048486825929551815,5.560282710843254e-05,0.14676582612644223
familiar corridor,bi_corr_400_a_03,22,0.054931214136341576,0.0008583686765146569,0.15202155581954746
familiar corridor,bi_corr_400_a_03,23,0.05677029317543941,-0.0025919196112499892,0.14706144924249293
familiar corridor,bi_corr_400_a_03,24,0.0568713823929916,0.0028449324085204485,0.12523807736818104
familiar corridor,bi_corr_400_a_03,25,0.05369235704794421,-0.0026812617622574094,0.1399416806028255
familiar corridor,bi_corr_400_a_03,26,0.04915536511154746,-0.0008528558601937694,0.1399266083428663
familiar corridor,bi_corr_400_a_03,27,0.05048867554694186,-0.0028668588409586416,0.15423712009344376
familiar corridor,bi_corr_400_a_03,28,0.052436201640830744,-8.551602002904784e-05,0.166319097553963
familiar corridor,bi_corr_400_a_03,29,0.04963520268063105,-0.0014828445427590231,0.15141858474865855
familiar corridor,bi_corr_400_a_03,30,0.05343345655267178,-0.0031564263468327083,0.14856173631732175
familiar corridor,bi_corr_400_a_03,31,0.049974603923431254,-0.0022026241483975566,0.14749291668835815
familiar corridor,bi_corr_400_a_03,32,0.05215177679792773,-0.0034456322020697664,0.1410822525102302
familiar corridor,bi_corr_400_a_03,33,0.05503231544714633,-0.0019444179289827559,0.13524205973627906
familiar corridor,bi_corr_400_a_03,34,0.05132210260837301,-0.0025978670377843622,0.1458924564595333
familiar corridor,bi_corr_400_a_03,35,0.05304867833343555,-0.0004893433608500989,0.1434675044201138
familiar corridor,bi_corr_400_a_03,36,0.049836297993743034,-0.002328894206762242,0.13145204876696268
familiar corridor,bi_corr_400_a_03,37,0.05505211584553679,-0.0026697243345154493,0.16303372013160347
familiar corridor,bi_corr_400_a_03,38,0.05862078723943364,-0.0027124372253426892,0.17483669553656306
familiar corridor,bi_corr_400_a_03,39,0.058290079572384544,-0.0012422007076626131,0.14905534711435675
familiar corridor,bi_corr_400_a_03,40,0.052226591052122386,-0.0010483061609129246,0.16539727550387834
familiar corridor,bi_corr_400_a_03,41,0.057838564933533274,-0.0026986260274155824,0.1422146473162137
familiar corridor,bi_corr_400_a_03,42,0.057268805439139155,-0.001275136596746535,0.12972099499541342
familiar corridor,bi_corr_400_a_03,43,0.05107714361046168,0.0004878505198216774,0.14918213744146716
familiar corridor,bi_corr_400_a_03,44,0.050143467102792515,-0.0006815867151675508,0.1526006169624394
familiar corridor,bi_corr_400_a_03,45,0.055913375070930596,-0.0026753163726523786,0.14852949014804293
familiar corridor,bi_corr_400_a_03,46,0.055044675297861424,0.0004157425162782329,0.14649943681076472
familiar corridor,bi_corr_400_a_03,47,0.054055403208218625,0.001036352408351789,0.13550094173342977
familiar corridor,bi_corr_400_a_03,48,0.054801433676802576,-0.0008226337606311612,0.15507417316051067
familiar corridor,bi_corr_400_a_03,49,0.05351840993843187,-0.0037048524266718092,0.1259588761227528
familiar corridor,bi_corr_400_a_03,50,0.05593308526499824,0.0012734807773590818,0.14334379784737358
familiar corridor,bi_corr_400_a_03,51,0.052214299379986916,0.0009358639331165385,0.15314294162450223
familiar corridor,bi_corr_400_a_03,52,0.05477170676779954,0.0008890868245606492,0.13283894556450143
familiar corridor,bi_corr_400_a_03,53,0.05105048099683569,-0.0005996704432194494,0.13050112460823315
familiar corridor,bi_corr_400_a_03,54,0.05229093879704997,-0.000794309223857088,0.14115265976049024
familiar corridor,bi_corr_400_a_03,55,0.05098103348032848,-0.0005871405643730049,0.1550499574172191
familiar corridor,bi_corr_400_a_03,56,0.052473690954441106,-0.0007498597411297564,0.1353803605367517
familiar corridor,bi_corr_400_a_03,57,0.0505859973353792,-0.0015219214020415852,0.15411121579359557
familiar corridor,bi_corr_400_a_03,58,0.047646751551715466,0.0006722476894892409,0.1835064446899034
familiar corridor,bi_corr_400_a_03,59,0.05253210573643965,0.001414208029893337,0.16699084214531631
familiar corridor,bi_corr_400_a_03,60,0.05535495980646843,0.0028158028896273766,0.17476269298513714
familiar corridor,bi_corr_400_a_03,61,0.05714433658968982,0.0013287510967581841,0.17779666793786614
familiar corridor,bi_corr_400_a_03,62,0.05238722875030366,-0.002807808755323202,0.18902300493764174
familiar corridor,bi_corr_400_a_03,63,0.0596978199641839,-0.0018740041191041882,0.1566867399265354
familiar corridor,bi_corr_400_a_03,64,0.05996857280238245,-0.006830530107204927,0.1832524694013811
familiar corridor,bi_corr_400_a_03,65,0.06543111819110038,-0.006487832512211839,0.2060952263211375
familiar corridor,bi_corr_400_a_03,66,0.0725620886149427,-0.010358734116591977,0.15615892831543682
familiar corridor,bi_corr_400_a_03,67,0.04987923027193653,0.002839617102040403,0.19211010004657156
familiar corridor,bi_corr_400_a_03,68,0.06376837594079383,0.013567038933354226,0.20689370145135383
familiar corridor,bi_corr_400_b_02,0,0.0450647073341492,-0.0033292739788165987,0.11266318263129815
familiar corridor,bi_corr_400_b_02,1,0.07495423212720495,-0.002385809985598343,0.21989242673605208
familiar corridor,bi_corr_400_b_02,2,0.05691473201097098,-0.003802417972101031,0.18616340566218206
familiar corridor,bi_corr_400_b_02,3,0.04933507543591541,-0.0035870914034429485,0.16405147373302406
familiar corridor,bi_corr_400_b_02,4,0.05588043997863443,-0.004084217534056404,0.1539777863249976
familiar corridor,bi_corr_400_b_02,5,0.042644675913719884,-0.005843974402019997,0.16709059399799078
familiar corridor,bi_corr_400_b_02,6,0.04578429345911576,-0.002970879178989553,0.152572021233492
familiar corridor,bi_corr_400_b_02,7,0.04478370937152451,-0.003266047654475477,0.15032821383561093
familiar corridor,bi_corr_400_b_02,8,0.04565260840762461,-0.0020027613528310496,0.18628183019936567
familiar corridor,bi_corr_400_b_02,9,0.05397576675900809,-0.0028368314040912394,0.18199214607218647
familiar corridor,bi_corr_400_b_02,10,0.057702105022820506,-0.006814440583126519,0.227600340930756
familiar corridor,bi_corr_400_b_02,11,0.05570569741780291,-0.006634109166652397,0.200155950776946
familiar corridor,bi_corr_400_b_02,12,0.06895301758632094,-0.0020949604480778408,0.19910747859782052
familiar corridor,bi_corr_400_b_02,13,0.05843416596983188,-0.0008119877238000076,0.2002069537332353
familiar corridor,bi_corr_400_b_02,14,0.05674289600687995,0.0031327092078357044,0.19103723346801976
familiar corridor,bi_corr_400_b_02,15,0.05368324181569974,-0.0036684896982569688,0.17700938172393754
familiar corridor,bi_corr_400_b_02,16,0.052935566103675245,-0.007579434364670238,0.17791882200586992
familiar corridor,bi_corr_400_b_02,17,0.05855197264097624,-0.006558291729500556,0.18434154411325118
familiar corridor,bi_corr_400_b_02,18,0.05795731300646088,-0.002704707868898327,0.1705151386872848
familiar corridor,bi_corr_400_b_02,19,0.06226776318103273,-0.0014804963223037102,0.22705647372063553
familiar corridor,bi_corr_400_b_02,20,0.07564998381805015,-0.011444992736894965,0.22299003424941
familiar corridor,bi_corr_400_b_02,21,0.10821798281669177,-0.002474402499778771,0.18863587713798477
familiar corridor,bi_corr_400_b_02,22,0.06678117136619285,0.0018192397720700776,0.1559745034637367
familiar corridor,bi_corr_400_b_02,23,0.05911476004417475,-0.004308522186756321,0.15889907957760768
familiar corridor,bi_corr_400_b_02,24,0.05314265631398371,-0.0028015709747124776,0.15928429425634702
familiar corridor,bi_corr_400_b_02,25,0.050261386938776215,-0.0020818059052856836,0.158629447395929
familiar corridor,bi_corr_400_b_02,26,0.05033866705809554,-0.003711236667621372,0.14633520550403317
familiar corridor,bi_corr_400_b_02,27,0.0461857265508187,-0.003933080695528643,0.1649061651976657
familiar corridor,bi_corr_400_b_02,28,0.05096773658843075,-0.009216678880624656,0.19699107546408837
familiar corridor,bi_corr_400_b_02,29,0.06017199156252294,-0.0054087798567500145,0.19300971149914797
familiar corridor,bi_corr_400_b_02,30,0.052182935667740384,-0.0018369858089700597,0.15744768520797647
familiar corridor,bi_corr_400_b_02,31,0.041452726991181084,-0.0028911302493252024,0.163240644743058
familiar corridor,bi_corr_400_b_02,32,0.05056230959600347,0.0008739840170518395,0.16116216449709847
familiar corridor,bi_corr_400_b_02,33,0.03987035209855451,-0.0037523924758825727,0.1423399870884817
familiar corridor,bi_corr_400_b_02,34,0.04531651804559651,-0.002960734998912133,0.1361351482345131
familiar corridor,bi_corr_400_b_02,35,0.05032765542225549,-0.0033260757204078197,0.14261568518475765
familiar corridor,bi_corr_400_b_02,36,0.05625762484767236,-0.0016167802810269124,0.1485303276032291
familiar corridor,bi_corr_400_b_02,37,0.04978566131417016,-0.0013302171541804831,0.15856470609433296
familiar corridor,bi_corr_400_b_02,38,0.04654366716733897,-0.0018985969599959788,0.13960834962443386
familiar corridor,bi_corr_400_b_02,39,0.04122866471908919,0.0003920388270928615,0.15357557516178108
familiar corridor,bi_corr_400_b_02,40,0.055555890256887036,-0.004026271336171558,0.1785742019419248
familiar corridor,bi_corr_400_b_02,41,0.04904316140062075,-0.002955888051000298,0.14453401135971902
familiar corridor,bi_corr_400_b_02,42,0.04464796898229849,0.001303976755122248,0.1474434375175502
familiar corridor,bi_corr_400_b_02,43,0.0599618337565427,-0.0017282752120758428,0.1458594173232127
familiar corridor,bi_corr_400_b_02,44,0.06778492148656912,-0.008649075119536635,0.1477995991948184
familiar corridor,bi_corr_400_b_02,45,0.10423281949605075,0.03436678479219089,0.17306492494344694
familiar corridor,bi_corr_400_b_04,0,0.0766048321279824,0.013625696180355489,0.17026861342616004
familiar corridor,bi_corr_400_b_04,1,0.04141645005919533,-0.01229688482010547,0.25756396821600064
familiar corridor,bi_corr_400_b_04,2,0.06219247738397719,-0.0009236446865265734,0.17974811561375645
familiar corridor,bi_corr_400_b_04,3,0.08200280142470762,0.06718854205751242,0.24553618111135816
familiar corridor,bi_corr_400_b_04,4,0.0710137509619035,-0.0116633707163808,0.24067645058990644
familiar corridor,bi_corr_400_b_04,5,0.05091777254207012,-0.00864379372273886,0.1673599095063747
familiar corridor,bi_corr_400_b_04,6,0.058562589198899534,0.00042646947678012483,0.15580643365223085
familiar corridor,bi_corr_400_b_04,7,0.059683106518917395,-0.00039768031477079426,0.1954481214987329
familiar corridor,bi_corr_400_b_04,8,0.055922172413595976,-0.005542887714582262,0.1513842140371685
familiar corridor,bi_corr_400_b_04,9,0.061441117072193296,-0.003562198642789769,0.18665781377697296
familiar corridor,bi_corr_400_b_04,10,0.06328813668372288,0.004136551651476084,0.24017472729298084
familiar corridor,bi_corr_400_b_04,11,0.06405049216165468,0.0006126382391229955,0.19271369261003868
familiar corridor,bi_corr_400_b_04,12,0.06046582980831487,-0.0027417895467449997,0.17950727246043335
familiar corridor,bi_corr_400_b_04,13,0.052210678315716574,-0.0007803074533092273,0.15181393292172912
familiar corridor,bi_corr_400_b_04,14,0.05610163158824946,-0.0005290580877670608,0.1701169018486855
familiar corridor,bi_corr_400_b_04,15,0.05463668491068523,-0.005366949627942788,0.160179338444282
familiar corridor,bi_corr_400_b_04,16,0.05145708107268284,0.0012246607432386133,0.1409542921340622
familiar corridor,bi_corr_400_b_04,17,0.06226535018666708,-0.004084646454592344,0.16457225339265794
familiar corridor,bi_corr_400_b_04,18,0.05899896151343979,-0.008163027855724135,0.157579503890603
familiar corridor,bi_corr_400_b_04,19,0.0573208246599999,-0.007728640052565376,0.1896257303175685
familiar corridor,bi_corr_400_b_04,20,0.05192976632468038,-0.004365134466319387,0.16773292344117086
familiar corridor,bi_corr_400_b_04,21,0.050875612734580876,-0.0014329423777083839,0.16677143055087587
familiar corridor,bi_corr_400_b_04,22,0.0525108970279461,0.0010569610449532695,0.16991599942194988
familiar corridor,bi_corr_400_b_04,23,0.05291494495942154,-0.0037293407509057077,0.16967346614822137
familiar corridor,bi_corr_400_b_04,24,0.052469431715408674,-0.0049518700548952365,0.18042731201045145
familiar corridor,bi_corr_400_b_04,25,0.057099262212602565,0.0033073188206633837,0.153049431907377
familiar corridor,bi_corr_400_b_04,26,0.05882716466648942,-0.007585820961012551,0.15363890205243222
familiar corridor,bi_corr_400_b_04,27,0.05162070481623629,0.0007383386251944378,0.16780796922214364
familiar corridor,bi_corr_400_b_04,28,0.046803168848393376,0.0030503552352966847,0.1719194333107751
familiar corridor,bi_corr_400_b_04,29,0.05674678916070912,0.0003185551264724109,0.14937877770617886
familiar corridor,bi_corr_400_b_04,30,0.06093670339059334,-0.001007010709682095,0.16437907689741826
familiar corridor,bi_corr_400_b_04,31,0.05041671075874888,-0.00173943412579359,0.14891375763254044
familiar corridor,bi_corr_400_b_04,32,0.05112497409818555,-0.003633519457307202,0.18321592972304895
familiar corridor,bi_corr_400_b_04,33,0.0454141023841382,-0.0021201455383882146,0.14000239131937545
familiar corridor,bi_corr_400_b_04,34,0.04850373830888478,-0.003177633137566503,0.18056400072224899
familiar corridor,bi_corr_400_b_04,35,0.05482108677479486,-0.0005720261867976106,0.15486880390716287
familiar corridor,bi_corr_400_b_04,36,0.05122316881810244,-0.000310489217514113,0.17695044562871964
familiar corridor,bi_corr_400_b_04,37,0.053413629967607505,0.0011337087647212665,0.17458679733520654
familiar corridor,bi_corr_400_b_04,38,0.053502188040009974,-0.005021689905174274,0.170244768133943
familiar corridor,bi_corr_400_b_04,39,0.0542839456506283,0.002458255829523193,0.18259316302185719
familiar corridor,bi_corr_400_b_04,40,0.06132860971393862,-0.003637230910915227,0.177251691188859
familiar corridor,bi_corr_400_b_04,41,0.06092528955731576,0.0009997885112575401,0.16037570521403735
familiar corridor,bi_corr_400_b_04,42,0.05822427757325434,0.0008668145418172363,0.16772211723190555
familiar corridor,bi_corr_400_b_04,43,0.0500778998658387,0.0015215141345235005,0.1287019792644887
familiar corridor,bi_corr_400_b_04,44,0.05150438558906163,0.0016264870392735309,0.17200453411142574
familiar corridor,bi_corr_400_b_04,45,0.051544285857492156,-0.0030294685326832,0.1607106150050659
familiar corridor,bi_corr_400_b_04,46,0.04747452257181208,-0.0022929132524082243,0.11972394125995284
familiar corridor,bi_corr_400_b_04,47,0.05368334226422475,-0.004737784089085238,0.1655746925919593
familiar corridor,bi_corr_400_b_04,48,0.05165506972292108,-0.0028759082994231355,0.15591661758740755
familiar corridor,bi_corr_400_b_04,49,0.055816610543515964,-0.0016949231831716758,0.13653049600247447
familiar corridor,bi_corr_400_b_04,50,0.051605764748767435,-0.0005284807989747575,0.15221612312928334
familiar corridor,bi_corr_400_b_04,51,0.05193299264908571,0.0003346902233984254,0.13271691003881575
familiar corridor,bi_corr_400_b_04,52,0.05012451788710622,-0.0013202431342946856,0.14627078526241963
familiar corridor,bi_corr_400_b_04,53,0.0535221043879799,0.0013786177331258495,0.1672271297619005
familiar corridor,bi_corr_400_b_04,54,0.04607488062000716,0.0003812392245414407,0.1473148267241776
familiar corridor,bi_corr_400_b_04,55,0.04463314627902228,-0.0007062675003937924,0.16116312897714483
familiar corridor,bi_corr_400_b_04,56,0.051197362472210066,-0.0005703716270529078,0.16471752481419202
familiar corridor,bi_corr_400_b_04,57,0.05320705788929574,-0.0008736073329837937,0.15323372676034722
familiar corridor,bi_corr_400_b_04,58,0.05262103196240061,-9.871763844110368e-05,0.18589994107477273
familiar corridor,bi_corr_400_b_04,59,0.05279489358046895,-0.005198043408669973,0.18450212837626237
familiar corridor,bi_corr_400_b_04,60,0.06051550715382027,-0.005716512267395694,0.18443403662745697
familiar corridor,bi_corr_400_b_04,61,0.054572264216974066,-0.0001874053710186809,0.16970317692053172
familiar corridor,bi_corr_400_b_04,62,0.05609624140667122,-0.0023741072424127963,0.12869217050867368
familiar corridor,bi_corr_400_b_04,63,0.05213657588627583,-0.003274850731444927,0.17633445680666623
familiar corridor,bi_corr_400_b_04,64,0.056364757169213235,-0.0011255090252553603,0.13665889769170186
familiar corridor,bi_corr_400_b_04,65,0.05323840929679973,-0.004575946108652607,0.1835833945238573
familiar corridor,bi_corr_400_b_04,66,0.05083890111752305,-0.004907765048634831,0.14829060843566774
familiar corridor,bi_corr_400_b_04,67,0.054297155510811254,0.00016006926424576033,0.17177016526204436
familiar corridor,bi_corr_400_b_04,68,0.05921318832650755,-0.001978386503448662,0.19239264884763518
familiar corridor,bi_corr_400_b_04,69,0.0559597715193352,0.0014272745025922478,0.16877730909362507
familiar corridor,bi_corr_400_b_04,70,0.05802495349688086,0.0005688798330756976,0.17645449984432615
familiar corridor,bi_corr_400_b_04,71,0.05425525584331915,-0.005492210709558263,0.15343531328508903
familiar corridor,bi_corr_400_b_04,72,0.05603349448900142,0.004375651624810569,0.21663889130263472
familiar corridor,bi_corr_400_b_04,73,0.06125930307461641,-0.0011981659414125995,0.19549910899186987
familiar corridor,bi_corr_400_b_04,74,0.05773563662063786,0.0035364030973573865,0.1765792392920285
familiar corridor,bi_corr_400_b_04,75,0.057930735833408666,-0.0017922815107620118,0.19398908983549365
familiar corridor,bi_corr_400_b_04,76,0.06355972608706695,-0.005220552778052434,0.1744715043950745
familiar corridor,bi_corr_400_b_04,77,0.061850957464530176,-0.001838612795935638,0.1818139498282959
familiar corridor,bi_corr_400_b_04,78,0.06479040014890394,-0.0049500475716907555,0.1901162277933542
familiar corridor,bi_corr_400_b_04,79,0.062246243964214305,-0.00390051612679355,0.1934078606992834
familiar corridor,bi_corr_400_b_04,80,0.061945769061648205,-0.00010230906094847432,0.17225181269426948
familiar corridor,bi_corr_400_b_04,81,0.06442060173447067,-0.0022488501704609706,0.173009541982603
familiar corridor,bi_corr_400_b_04,82,0.06267376329686375,-0.0037670071372353513,0.18926507065900705
familiar corridor,bi_corr_400_b_04,83,0.06428374334940155,0.0007958174303145054,0.15609423362247507
familiar corridor,bi_corr_400_b_04,84,0.057479828660372656,-0.001808698471578695,0.19722357133892887
familiar corridor,bi_corr_400_b_04,85,0.06794357123974921,0.0026962065705978524,0.20391718265803274
familiar corridor,bi_corr_400_b_04,86,0.06664847969746823,-0.0008143752554726926,0.20298482220433192
familiar corridor,bi_corr_400_b_04,87,0.07211527306947005,0.0004901111936555956,0.2058886375344522
familiar corridor,bi_corr_400_b_04,88,0.07808249774475261,-0.006019622153352651,0.24775012649889536
familiar corridor,bi_corr_400_b_04,89,0.06534855702689084,0.0007812708520720264,0.1949125384494404
familiar corridor,bi_corr_400_b_04,90,0.0788033705588212,0.0021581904073355797,0.2321089952751877
familiar corridor,bi_corr_400_b_04,91,0.06702773397397055,-0.012214018230426654,0.22020743992436173
familiar corridor,bi_corr_400_b_04,92,0.08799365610842105,0.00996004389333381,0.22540668284441145
familiar corridor,bi_corr_400_b_06,0,0.07522106666015133,-0.002089357699945375,0.2490466494841633
familiar corridor,bi_corr_400_b_06,1,0.07507501054369503,-0.0025278773225287867,0.20936207142785784
familiar corridor,bi_corr_400_b_06,2,0.05647086148301667,0.00225167896030893,0.18881908645728832
familiar corridor,bi_corr_400_b_06,3,0.04964904556035259,0.0030209539973006425,0.1918917898279886
familiar corridor,bi_corr_400_b_06,4,0.04619875302761325,0.002031057008404629,0.1848334216774728
familiar corridor,bi_corr_400_b_06,5,0.0504736054152385,-0.0006476516215342768,0.1991032234642882
familiar corridor,bi_corr_400_b_06,6,0.05352171408092773,-0.0017027071112794342,0.20793058560201713
familiar corridor,bi_corr_400_b_06,7,0.05430777978600259,-0.0036226509227322203,0.1856024377160139
familiar corridor,bi_corr_400_b_06,8,0.058049099744926225,-0.014131087428882052,0.22406095387349387
familiar corridor,bi_corr_400_b_06,9,0.05238929716059323,-0.004585369171372608,0.17399942919977512
familiar corridor,bi_corr_400_b_06,10,0.05218732258088334,-0.0015069902468056468,0.1859502426151411
familiar corridor,bi_corr_400_b_06,11,0.054019636712677156,-0.0007899275591698393,0.18963774752526577
familiar corridor,bi_corr_400_b_06,12,0.05273609201755032,0.0005354861729687703,0.22415505407604686
familiar corridor,bi_corr_400_b_06,13,0.057890877570532774,0.0021818365201346883,0.20172238401323914
familiar corridor,bi_corr_400_b_06,14,0.05626075203782872,-0.0025393055755418108,0.18464151914490337
familiar corridor,bi_corr_400_b_06,15,0.05025461141652237,0.004703211319916315,0.18284744045623916
familiar corridor,bi_corr_400_b_06,16,0.053041153737298265,-0.0022469380608950056,0.23280405008558186
familiar corridor,bi_corr_400_b_06,17,0.053017798211599514,-0.0027392184222378006,0.1795677140895739
familiar corridor,bi_corr_400_b_06,18,0.05398768253969848,-0.0072576587788247705,0.1950317404520923
familiar corridor,bi_corr_400_b_06,19,0.06205331116769175,-0.0010680099083761434,0.1905911541329182
familiar corridor,bi_corr_400_b_06,20,0.049723993084940146,-0.0019512970297008824,0.16156408802924274
familiar corridor,bi_corr_400_b_06,21,0.0482514776490353,-0.0028501194563172296,0.15874752576796414
familiar corridor,bi_corr_400_b_06,22,0.04921646161921987,-0.0015607003144093312,0.15133477957613456
familiar corridor,bi_corr_400_b_06,23,0.05377790489436598,-0.001462631007377387,0.13550718047131047
familiar corridor,bi_corr_400_b_06,24,0.04999727936592757,-0.00442651725089847,0.13309369218040554
familiar corridor,bi_corr_400_b_06,25,0.06026981826639601,-0.0036257135124337933,0.1553715263189006
familiar corridor,bi_corr_400_b_06,26,0.05579198838795081,-0.0016137612783944382,0.16792259329115333
familiar corridor,bi_corr_400_b_06,27,0.05060872106180253,0.0010570456120954157,0.13802520723150832
familiar corridor,bi_corr_400_b_06,28,0.05203859170351453,-0.00102048014967138,0.13921027263053964
familiar corridor,bi_corr_400_b_06,29,0.04897066283583981,-0.000823656457128177,0.14750529099933152
familiar corridor,bi_corr_400_b_06,30,0.0491995210917858,0.0006813785122504861,0.15771215306174335
familiar corridor,bi_corr_400_b_06,31,0.05325292460563646,-0.000981620302524875,0.15417664387743893
familiar corridor,bi_corr_400_b_06,32,0.05611562777709077,0.0017884422494495941,0.14235535797899657
familiar corridor,bi_corr_400_b_06,33,0.052633098723798635,-0.0014146706799591253,0.1563435317771536
familiar corridor,bi_corr_400_b_06,34,0.05130045339815779,0.00040009211957264807,0.1661104104660315
familiar corridor,bi_corr_400_b_06,35,0.045189852154935685,-0.0013654863737130294,0.19216614622247194
familiar corridor,bi_corr_400_b_06,36,0.05054730456110473,0.0009459298374170091,0.18574628453728692
familiar corridor,bi_corr_400_b_06,37,0.05375523885381585,0.00037537149842646654,0.1447291837120959
familiar corridor,bi_corr_400_b_06,38,0.055635314331141515,-0.002173067106371401,0.147166994099536
familiar corridor,bi_corr_400_b_06,39,0.05282566909649265,-0.0021331034775818577,0.1474704071501896
familiar corridor,bi_corr_400_b_06,40,0.054927233188828126,0.00016120515398662666,0.16604701098435826
familiar corridor,bi_corr_400_b_06,41,0.06494968593751052,-0.0012894706214360949,0.1800945699148234
familiar corridor,bi_corr_400_b_06,42,0.06142358075851558,0.004637899092321412,0.17468772142089004
familiar corridor,bi_corr_400_b_06,43,0.06320038905268852,0.0008321289250103315,0.15020475824887353
familiar corridor,bi_corr_400_b_06,44,0.0639039289212587,-0.003630057820350433,0.14512891246886034
familiar corridor,bi_corr_400_b_06,45,0.06494880837312487,-0.000920634802527864,0.14360361692691068
familiar corridor,bi_corr_400_b_06,46,0.06449139583431249,-0.00270746266917677,0.17020683720039384
familiar corridor,bi_corr_400_b_06,47,0.06049319693351444,-0.00021533684854297373,0.1652861970969222
familiar corridor,bi_corr_400_b_06,48,0.055213183424932276,0.0009373285650714278,0.14481535961150865
familiar corridor,bi_corr_400_b_06,49,0.05507778024018052,-0.0021632673736261257,0.1220760713257979
familiar corridor,bi_corr_400_b_06,50,0.05518959008600241,-2.589190146878837e-05,0.16713612950878445
familiar corridor,bi_corr_400_b_06,51,0.05576544518840929,-0.003410267005479483,0.1368388499773756
familiar corridor,bi_corr_400_b_06,52,0.06096425429659155,-0.002605597416879554,0.1263720237810563
familiar corridor,bi_corr_400_b_06,53,0.06809650502759294,0.0007463891932628933,0.13878526573272604
familiar corridor,bi_corr_400_b_06,54,0.05334608446990966,-0.002236743512452883,0.14552104785171602
familiar corridor,bi_corr_400_b_06,55,0.058281021583998116,-0.002165282403118165,0.16137227533111528
familiar corridor,bi_corr_400_b_06,56,0.05628751251597598,-0.0018058809993130919,0.16058057414772442
familiar corridor,bi_corr_400_b_06,57,0.05821663444429636,-0.0008797094061096725,0.17640469284577578
familiar corridor,bi_corr_400_b_06,58,0.05827651422557647,0.0005940380204058538,0.1561099895678028
familiar corridor,bi_corr_400_b_06,59,0.054988821459895136,-0.0037623829864243865,0.18927042771518304
familiar corridor,bi_corr_400_b_06,60,0.05531614289009506,2.4412706495135034e-07,0.16622215361282816
familiar corridor,bi_corr_400_b_06,61,0.054739865646362296,0.0015765592261945995,0.169773115133176
familiar corridor,bi_corr_400_b_06,62,0.06041973200557385,0.0008067535219700597,0.15567713806704175
familiar corridor,bi_corr_400_b_06,63,0.05536160509956519,-0.004143537856967637,0.1395480875494086
familiar corridor,bi_corr_400_b_06,64,0.05827539284808598,-0.001865890556742304,0.16616580354423258
familiar corridor,bi_corr_400_b_06,65,0.05539937196849054,-0.0014064885847234756,0.15298278539227375
familiar corridor,bi_corr_400_b_06,66,0.05275696541926623,0.000347838758229807,0.14125895541680084
familiar corridor,bi_corr_400_b_06,67,0.05299516563722386,-0.0033760425838180036,0.1767474024335405
familiar corridor,bi_corr_400_b_06,68,0.05816022194773987,-0.0020428950679363634,0.16853162200834795
familiar corridor,bi_corr_400_b_06,69,0.06378079233162905,-0.0035244697894861628,0.15393241079813993
familiar corridor,bi_corr_400_b_06,70,0.060574831231780694,0.0004960906580063736,0.1483199237956665
familiar corridor,bi_corr_400_b_06,71,0.061840965002148855,0.0006111181330967032,0.15182939385130906
familiar corridor,bi_corr_400_b_06,72,0.06367947674864258,-0.0022941955278633695,0.1620670138728241
familiar corridor,bi_corr_400_b_06,73,0.06305188492988482,-0.0033529157576042213,0.14387153897837618
familiar corridor,bi_corr_400_b_06,74,0.05985905636256803,0.004148285322689995,0.16679359190036064
familiar corridor,bi_corr_400_b_06,75,0.06561506279956464,-0.0005010412726038275,0.16683062118710337
familiar corridor,bi_corr_400_b_06,76,0.05069494955497949,-0.0013940047049292752,0.14415288426599784
familiar corridor,bi_corr_400_b_06,77,0.05415121495931402,-0.0006342938942850852,0.13077003512790336
familiar corridor,bi_corr_400_b_06,78,0.0598141789027855,-0.00011949828004658964,0.1532004333300226
familiar corridor,bi_corr_400_b_06,79,0.06707495394501159,0.00490846370291389,0.1924279667915118
familiar corridor,bi_corr_400_b_06,80,0.059288304742663854,-0.0026011339399921707,0.15244131292521704
familiar corridor,bi_corr_400_b_06,81,0.05921951533010786,-0.0015729300352305933,0.15989855554951996
familiar corridor,bi_corr_400_b_06,82,0.05476366859513618,0.0012961368988326735,0.1464329216680742
familiar corridor,bi_corr_400_b_06,83,0.05657624431061272,0.0022234338466936786,0.1394310082946301
familiar corridor,bi_corr_400_b_06,84,0.054799690543898126,0.003324295679341289,0.15308334344102417
familiar corridor,bi_corr_400_b_06,85,0.05487698066880656,-0.00196591375428974,0.14995376600591992
familiar corridor,bi_corr_400_b_06,86,0.054565238641450624,-0.0008407691647439272,0.19217069771601428
familiar corridor,bi_corr_400_b_06,87,0.05773707669400637,-0.0004571377156855112,0.1656858232438944
familiar corridor,bi_corr_400_b_06,88,0.06682566556974466,-0.0028954292811355347,0.17467357898498143
familiar corridor,bi_corr_400_b_06,89,0.07744826863842304,0.0009054842510140416,0.14950425782182472
familiar corridor,bi_corr_400_b_06,90,0.06027256607012906,-0.004727499585197321,0.1605729885836072
familiar corridor,bi_corr_400_b_06,91,0.059609566683647724,0.004428044319359867,0.1480647844668279
familiar corridor,bi_corr_400_b_06,92,0.058688000164321366,-0.00473733703389393,0.1803478851887751
familiar corridor,bi_corr_400_b_06,93,0.061482544483338404,0.00541125208500371,0.19331165603979863
familiar corridor,bi_corr_400_b_06,94,0.058410362602457196,0.0002755750034186785,0.16452932400276843
familiar corridor,bi_corr_400_b_06,95,0.06415704539773685,0.0015262651755789734,0.16929096506957728
familiar corridor,bi_corr_400_b_06,96,0.06331547524346849,9.445345860621297e-05,0.1494987653399247
familiar corridor,bi_corr_400_b_06,97,0.05564334113362613,0.0010959954277776796,0.18467697543821485
familiar corridor,bi_corr_400_b_06,98,0.05829431315289272,-0.0004443985446892262,0.1774575845769638
familiar corridor,bi_corr_400_b_06,99,0.06094378090959762,0.002994929290367863,0.1666063369105677
familiar corridor,bi_corr_400_b_06,100,0.05437117360626297,-0.005269123201830069,0.19437674895484303
familiar corridor,bi_corr_400_b_06,101,0.05656831125678475,0.0002444617805198476,0.17274349042503703
familiar corridor,bi_corr_400_b_06,102,0.057352225744868854,-0.005193656587809406,0.16926653514008302
familiar corridor,bi_corr_400_b_06,103,0.06251209255000273,-0.001981855995039151,0.17222535529385666
familiar corridor,bi_corr_400_b_06,104,0.0628553453543945,-0.0002712696655591782,0.18186268847062317
familiar corridor,bi_corr_400_b_06,105,0.061106670302608905,0.0010272937200546657,0.18838004231342562
familiar corridor,bi_corr_400_b_06,106,0.05268733296058364,0.002190280359789236,0.1443235192502702
familiar corridor,bi_corr_400_b_06,107,0.05926352769817278,0.0012918749304128235,0.21630871311973424
familiar corridor,bi_corr_400_b_06,108,0.06816489589361599,-0.00579604892680139,0.172195698122375
familiar corridor,bi_corr_400_b_06,109,0.06231689631946732,-0.005140952809169767,0.21113643947327876
familiar corridor,bi_corr_400_b_06,110,0.05925365222952426,-0.0009553725712952341,0.17414180516009392
familiar corridor,bi_corr_400_b_06,111,0.050595723633601986,-0.00019893344872419047,0.15196837284649575
familiar corridor,bi_corr_400_b_06,112,0.055625105018776946,0.00016805053027029663,0.2030698863682019
familiar corridor,bi_corr_400_b_06,113,0.07288342561397404,-0.004411555534856209,0.19225656420037918
familiar corridor,bi_corr_400_b_06,114,0.06831379969402912,-0.004747798546801345,0.18822559485211446
familiar corridor,bi_corr_400_b_06,115,0.0690880367675862,-0.0011430930257371405,0.19623378927864188
familiar corridor,bi_corr_400_b_06,116,0.1018570536997415,-0.007908658363868662,0.18033474781120648
familiar corridor,bi_corr_400_b_06,117,0.08722845712634035,-0.010980718996685858,0.18810209508295977
familiar corridor,bi_corr_400_b_06,118,0.09904271288071252,-0.012983143027774396,0.21717987338568712
familiar corridor,bi_corr_400_b_06,119,0.0926273378517732,-0.010910161761218432,0.19142424657190124
familiar corridor,bi_corr_400_b_06,120,0.09662630195936539,-0.03068743539000488,0.26837327897207297
familiar corridor,bi_corr_400_b_10,0,0.0741344173078081,-0.007565030105947066,0.1912713638092481
familiar corridor,bi_corr_400_b_10,1,0.04868862555690168,0.001919999172964856,0.14535784040628835
familiar corridor,bi_corr_400_b_10,2,0.05412098196864763,-0.001866656754553884,0.12176801780557257
familiar corridor,bi_corr_400_b_10,3,0.05382701667974711,0.0016580217155057863,0.17777127415977892
familiar corridor,bi_corr_400_b_10,4,0.04136395786169687,-0.003391981659030954,0.15779431310244987
familiar corridor,bi_corr_400_b_10,5,0.04650230739788232,7.719000989689422e-05,0.151091487578708
familiar corridor,bi_corr_400_b_10,6,0.04346686177858512,0.001170635625057627,0.13670765459309125
familiar corridor,bi_corr_400_b_10,7,0.04815667903209158,-0.001919297198947202,0.13868857362336653
familiar corridor,bi_corr_400_b_10,8,0.045506779203468926,-0.0018859860103774394,0.1275020970946041
familiar corridor,bi_corr_400_b_10,9,0.04207361246829767,-0.0012124896340837868,0.14126545210636948
familiar corridor,bi_corr_400_b_10,10,0.04790128182487466,-0.0008790865122857345,0.15178727390891625
familiar corridor,bi_corr_400_b_10,11,0.05158356585833468,-0.0018911930601913098,0.14373059333354268
familiar corridor,bi_corr_400_b_10,12,0.043772215027062605,0.0008834638657004758,0.1395810192070599
familiar corridor,bi_corr_400_b_10,13,0.047008959767434036,-0.004256852472393109,0.159808495515143
familiar corridor,bi_corr_400_b_10,14,0.04500683509026909,-0.002184177855362574,0.14712431973879042
familiar corridor,bi_corr_400_b_10,15,0.044447677368050574,0.002257373273101704,0.10532011769674374
familiar corridor,bi_corr_400_b_10,16,0.04607905870780111,0.00014633607441540573,0.13208959958546046
familiar corridor,bi_corr_400_b_10,17,0.043120187256187936,0.0011495918597734256,0.11033500057286537
familiar corridor,bi_corr_400_b_10,18,0.043486515187729335,0.0005899194281351782,0.10921413282459637
familiar corridor,bi_corr_400_b_10,19,0.043687262776397,-0.0006910371362614381,0.12846865774435445
familiar corridor,bi_corr_400_b_10,20,0.04798551131664215,-0.00026295834284374735,0.1255006237757741
familiar corridor,bi_corr_400_b_10,21,0.05104954322958763,-0.0015938287734361273,0.14682095253989966
familiar corridor,bi_corr_400_b_10,22,0.047243380555081385,0.0003042673265809236,0.1386412946845417
familiar corridor,bi_corr_400_b_10,23,0.05033119408948951,0.001766802554017299,0.12068276940419348
familiar corridor,bi_corr_400_b_10,24,0.05678248967993213,-0.00017906359581744427,0.117255059902819
familiar corridor,bi_corr_400_b_10,25,0.03914590216172062,-0.0004224573966584283,0.13767614994997843
familiar corridor,bi_corr_400_b_10,26,0.04143009675076688,-0.000376944650562548,0.12964990780957283
familiar corridor,bi_corr_400_b_10,27,0.050721285936357684,0.0015460108969577386,0.1302046735524971
familiar corridor,bi_corr_400_b_10,28,0.046937635848688326,-0.0018414557355145387,0.13428103979465758
familiar corridor,bi_corr_400_b_10,29,0.04333394834088361,0.000521348992841551,0.14069117509173362
familiar corridor,bi_corr_400_b_10,30,0.04379325929588951,-0.0033408019566214782,0.14324510239331448
familiar corridor,bi_corr_400_b_10,31,0.043991827290370225,0.001012373057195783,0.14516959229120419
familiar corridor,bi_corr_400_b_10,32,0.040437167514760564,0.0017419864837397757,0.1391130496573823
familiar corridor,bi_corr_400_b_10,33,0.046228583371893214,0.0019465904641377727,0.12083353160422765
familiar corridor,bi_corr_400_b_10,34,0.045468675742119394,-0.001321773008843209,0.11939982410884592
familiar corridor,bi_corr_400_b_10,35,0.05338653453886803,-0.0047173880634837325,0.12258171938613055
familiar corridor,bi_corr_400_b_10,36,0.04773700032841786,0.0021866677641439176,0.1366629407451686
familiar corridor,bi_corr_400_b_10,37,0.05070891197503357,-0.00025604657728468653,0.1172376179823197
familiar corridor,bi_corr_400_b_10,38,0.051525537377028,-0.00020522021469210745,0.13111219737780558
familiar corridor,bi_corr_400_b_10,39,0.04631412791082037,0.000918001446181881,0.12135422568277827
familiar corridor,bi_corr_400_b_10,40,0.05017422127036178,-0.0009434310783522659,0.1184200237441592
familiar corridor,bi_corr_400_b_10,41,0.04659211533487879,0.0013416468705236685,0.13821210781651877
familiar corridor,bi_corr_400_b_10,42,0.03865848139957481,-0.0017279134449448754,0.12359068153891152
familiar corridor,bi_corr_400_b_10,43,0.04651804357989538,0.0016604907545251682,0.1223327290401792
familiar corridor,bi_corr_400_b_10,44,0.04602672552512838,0.0001669435486911075,0.12484552404816913
familiar corridor,bi_corr_400_b_10,45,0.04308362378203445,-0.0011775001548780728,0.13527880529515238
familiar corridor,bi_corr_400_b_10,46,0.04961859056652121,-0.0010543704162823712,0.12718868985494425
familiar corridor,bi_corr_400_b_10,47,0.04878507061182462,0.0012435578950173059,0.1511995695735681
familiar corridor,bi_corr_400_b_10,48,0.044582852449413506,-0.0005728087321411187,0.13436790278002306
familiar corridor,bi_corr_400_b_10,49,0.047485222491717195,-0.002971168416924051,0.14018978778144578
familiar corridor,bi_corr_400_b_10,50,0.05008730457368906,-0.0028675370424554995,0.150339917868019
familiar corridor,bi_corr_400_b_10,51,0.048425708047482835,0.0017462855033179802,0.12345170939164866
familiar corridor,bi_corr_400_b_10,52,0.04941151190672092,-0.0015203625685380167,0.15367194785921895
familiar corridor,bi_corr_400_b_10,53,0.048324112402358475,-0.0011710765072090194,0.1426833996437191
familiar corridor,bi_corr_400_b_10,54,0.04774144932741714,-0.0006440451315504422,0.15860494417641754
familiar corridor,bi_corr_400_b_10,55,0.04969745909203631,-0.0006558289853445111,0.14334396828082294
familiar corridor,bi_corr_400_b_10,56,0.04827071977407457,0.0025340163901235112,0.14461782557037836
familiar corridor,bi_corr_400_b_10,57,0.05305752454414403,-0.0006938330493985069,0.15101036030373605
familiar corridor,bi_corr_400_b_10,58,0.046281154500124974,0.0017838308952940025,0.1609848965139122
familiar corridor,bi_corr_400_b_10,59,0.048590019718777015,-0.0002706946227006644,0.1604263131792277
familiar corridor,bi_corr_400_b_10,60,0.04969942390053699,-0.0007828330321869695,0.14751021429125818
familiar corridor,bi_corr_400_b_10,61,0.05118384556926111,-0.001730235337872878,0.1761679141146842
familiar corridor,bi_corr_400_b_10,62,0.04946390705860403,-0.0019980375852404336,0.13755779301470253
familiar corridor,bi_corr_400_b_10,63,0.04866915712432085,-0.0010567295875057597,0.145325761825324
familiar corridor,bi_corr_400_b_10,64,0.04840731208496533,0.0028244386514999563,0.13781441981206974
familiar corridor,bi_corr_400_b_10,65,0.04772221721593052,-0.0015488427537280387,0.13886721573062816
familiar corridor,bi_corr_400_b_10,66,0.046715098705553085,-0.003563582495490046,0.15119857178194168
familiar corridor,bi_corr_400_b_10,67,0.04738681874859464,-0.0007567321471403681,0.12356251147883511
familiar corridor,bi_corr_400_b_10,68,0.04450574449195278,0.0013934063133525122,0.14074741763334178
familiar corridor,bi_corr_400_b_10,69,0.05029551930520937,-0.0007023379407701142,0.13583749469595158
familiar corridor,bi_corr_400_b_10,70,0.05337906918431559,-0.0010329972989404253,0.14428523181673616
familiar corridor,bi_corr_400_b_10,71,0.05367577875394695,-0.0007058419135972543,0.13309838556752365
familiar corridor,bi_corr_400_b_10,72,0.050914839982642915,0.0009023396931271585,0.15660504374030274
familiar corridor,bi_corr_400_b_10,73,0.047130301824391506,0.0013350130939169338,0.13179420896096153
familiar corridor,bi_corr_400_b_10,74,0.05266507895264906,-0.0029877333217992103,0.13352207822372625
familiar corridor,bi_corr_400_b_10,75,0.05305740785165353,-0.001900795528849008,0.13140879498701044
familiar corridor,bi_corr_400_b_10,76,0.049989166176167256,0.00037753325389510616,0.1305688277401451
familiar corridor,bi_corr_400_b_10,77,0.05023695960392444,-0.0009303079376454838,0.14846026814218521
familiar corridor,bi_corr_400_b_10,78,0.05295537318672923,-0.00015104959215819265,0.15937332672211807
familiar corridor,bi_corr_400_b_10,79,0.050171011702169525,0.0004129856411580414,0.11448851288671938
familiar corridor,bi_corr_400_b_10,80,0.05825993135488851,-0.002996423481082987,0.15523776080126378
familiar corridor,bi_corr_400_b_10,81,0.05619925771872124,-0.000843975821494848,0.13412222546755292
familiar corridor,bi_corr_400_b_10,82,0.05485522077665065,-0.0011718337527326262,0.15855467819599944
familiar corridor,bi_corr_400_b_10,83,0.05254231367923389,-0.003489754493277597,0.13713779009508975
familiar corridor,bi_corr_400_b_10,84,0.05658259004940526,-0.0017170331625210294,0.12684329515763465
familiar corridor,bi_corr_400_b_10,85,0.05545035471329888,-0.0009929696107475567,0.11988725633055239
familiar corridor,bi_corr_400_b_10,86,0.05959791381990692,0.004983459335394206,0.1352511529356854
familiar corridor,bi_corr_400_b_10,87,0.05565313845196031,-0.0023861154567129854,0.1592816898903099
familiar corridor,bi_corr_400_b_10,88,0.05499093453549976,-0.0018261062986876656,0.15575584182510857
familiar corridor,bi_corr_400_b_10,89,0.05227116087807824,-0.0016095972536367246,0.15481586644432244
familiar corridor,bi_corr_400_b_10,90,0.0590487113560675,0.0006038180576827244,0.23286755014157223
familiar corridor,bi_corr_400_b_10,91,0.06631249382027579,-0.000764640376890641,0.19081676362546618
familiar corridor,bi_corr_400_b_10,92,0.05029167992558399,-0.004391625185585528,0.2002034805055119
familiar corridor,bi_corr_400_b_10,93,0.0566740907813694,0.012469920831559183,0.19650649703506592
familiar corridor,bi_corr_400_b_10,94,0.07558919804734635,0.006119075601332935,0.2162183163136999
familiar corridor,bi_corr_400_b_10,95,0.06646731159449507,0.006865379848351335,0.22683766202843247
familiar corridor,bi_corr_400_b_10,96,0.049245619827657544,0.0041353322586768415,0.15362379709202104
familiar corridor,bi_corr_400_b_10,97,0.06736435446743609,0.0038517504231260955,0.23921591544169415
familiar corridor,bi_corr_400_b_10,98,0.07979674089080856,-0.046824436305613386,0.20117475723617362
altered geometry,bi_corr_400_a_04,0,0.09485842918450096,-0.0046163565866581225,0.17332865092611513
altered geometry,bi_corr_400_a_04,1,0.06969500479732148,-0.010936994828720804,0.19175886184928462
altered geometry,bi_corr_400_a_04,2,0.06022467789979913,0.0031387571785535724,0.1675525552498905
altered geometry,bi_corr_400_a_04,3,0.060652318883767875,-0.0001558948034702495,0.1425632158275233
altered geometry,bi_corr_400_a_04,4,0.06000515067639963,0.0026077256783066972,0.15006235778547994
altered geometry,bi_corr_400_a_04,5,0.056419779133501,0.0014366647906854705,0.14078660611685356
altered geometry,bi_corr_400_a_04,6,0.057919038653145294,0.0010381213619524035,0.153342916353723
altered geometry,bi_corr_400_a_04,7,0.05681284772220365,-0.0011766780659788194,0.15428062493412445
altered geometry,bi_corr_400_a_04,8,0.05709702845768087,0.0006941250366414996,0.17048742026197022
altered geometry,bi_corr_400_a_04,9,0.05673902025116003,-0.0010416997839839235,0.15829105129354112
altered geometry,bi_corr_400_a_04,10,0.05671439309891827,-0.0010668156669963126,0.1571372971014247
altered geometry,bi_corr_400_a_04,11,0.053703268434577685,-0.003238188534690212,0.17776051659282896
altered geometry,bi_corr_400_a_04,12,0.05175533361552194,-0.0011275019729790874,0.1536188500127003
altered geometry,bi_corr_400_a_04,13,0.048067755599086895,0.0008228066204182168,0.17350845840415124
altered geometry,bi_corr_400_a_04,14,0.05414202194085222,-0.004394506252669685,0.1629642956084563
altered geometry,bi_corr_400_a_04,15,0.05158094133341475,-0.0032675084553830183,0.15396435444888615
altered geometry,bi_corr_400_a_04,16,0.05294566704237474,-0.001827112503012057,0.13426127927915052
altered geometry,bi_corr_400_a_04,17,0.050708593911093267,-0.0014704359027606204,0.15530034016322095
altered geometry,bi_corr_400_a_04,18,0.0523873744705421,0.00013710544102247448,0.14549963652345657
altered geometry,bi_corr_400_a_04,19,0.04781789776967494,1.4061064976310092e-05,0.14320135383619403
altered geometry,bi_corr_400_a_04,20,0.05178038577264169,-0.002293872584131656,0.136156083970929
altered geometry,bi_corr_400_a_04,21,0.04917578882038111,-0.0003894463207809999,0.14770280463687901
altered geometry,bi_corr_400_a_04,22,0.052425710622372584,-0.0003545741698710074,0.12459232826394895
altered geometry,bi_corr_400_a_04,23,0.04886915401887431,-0.002242970508746223,0.1480893695444814
altered geometry,bi_corr_400_a_04,24,0.049570821662944145,-5.165519232408768e-05,0.14854410630124704
altered geometry,bi_corr_400_a_04,25,0.05117786287880214,-0.0026775379728652096,0.13359213549704552
altered geometry,bi_corr_400_a_04,26,0.05172963547159843,-0.000631020023168941,0.142674453425784
altered geometry,bi_corr_400_a_04,27,0.054320003427917256,6.638082192119283e-05,0.14722030120231175
altered geometry,bi_corr_400_a_04,28,0.050532468096340516,-0.0048336394930298355,0.14096241184395955
altered geometry,bi_corr_400_a_04,29,0.05210385590231833,-0.00044137093019203647,0.13849932653570787
altered geometry,bi_corr_400_a_04,30,0.05209651462786472,-0.0001465212834687627,0.13066390838775935
altered geometry,bi_corr_400_a_04,31,0.054615640666746824,-0.0023076442733050893,0.14413648665123988
altered geometry,bi_corr_400_a_04,32,0.056059682051210556,-0.002859768979250088,0.13058767151883316
altered geometry,bi_corr_400_a_04,33,0.05295338187799491,0.0003650638330861239,0.13885577544470548
altered geometry,bi_corr_400_a_04,34,0.05365927898317506,-6.621619352779412e-05,0.16377258202843148
altered geometry,bi_corr_400_a_04,35,0.05998187325707393,-0.0032488391001659375,0.16053349360192135
altered geometry,bi_corr_400_a_04,36,0.055096669851761634,-0.0020752456762505307,0.14340472470159893
altered geometry,bi_corr_400_a_04,37,0.05714146929026923,-0.0005771129377715654,0.1543144258962719
altered geometry,bi_corr_400_a_04,38,0.055287216211870716,0.001069614284605827,0.1272799420809661
altered geometry,bi_corr_400_a_04,39,0.05726807645480631,-0.0040422239814268115,0.14931834963250512
altered geometry,bi_corr_400_a_04,40,0.05353961320694941,0.0004871938166892075,0.1562832860552453
altered geometry,bi_corr_400_a_04,41,0.05070567008275042,-0.001671729650694486,0.1275148822951901
altered geometry,bi_corr_400_a_04,42,0.054020171962062616,-0.0010581168187080046,0.1356942206844967
altered geometry,bi_corr_400_a_04,43,0.05091092845563082,-0.0011626422228492366,0.14017403020713398
altered geometry,bi_corr_400_a_04,44,0.05190358057068297,-0.0011520937188805992,0.14065172524658573
altered geometry,bi_corr_400_a_04,45,0.05332337810769426,-0.0018945354694361069,0.1408269181856314
altered geometry,bi_corr_400_a_04,46,0.052459308968253314,-0.0006467832878945922,0.15225682966613835
altered geometry,bi_corr_400_a_04,47,0.05311839277035292,0.00030269476072485144,0.18008976326380322
altered geometry,bi_corr_400_a_04,48,0.051164828492856945,-0.0022341143013375523,0.1562158966545619
altered geometry,bi_corr_400_a_04,49,0.05064677913321637,-0.003208275800772153,0.1525924703091095
altered geometry,bi_corr_400_a_04,50,0.05829602117011308,-0.0047686686291193965,0.14348348157904076
altered geometry,bi_corr_400_a_04,51,0.057102895838693504,0.0031528421422359868,0.15580854702570898
altered geometry,bi_corr_400_a_04,52,0.0640543634009863,-0.0004995104563132691,0.16345743499151763
altered geometry,bi_corr_400_a_04,53,0.057271826119234426,5.618159227759096e-05,0.18066751772793227
altered geometry,bi_corr_400_a_04,54,0.05709412008204382,-0.004142440632125537,0.1643973649912418
altered geometry,bi_corr_400_a_04,55,0.060540461528051134,0.0023007766900156002,0.14529795141042007
altered geometry,bi_corr_400_a_04,56,0.06177032750227384,-0.00030132300162501635,0.17681277955189828
altered geometry,bi_corr_400_a_04,57,0.061559154897488186,0.0006311532369739719,0.1305021619887342
altered geometry,bi_corr_400_a_04,58,0.058888825466925844,-0.0008084276869085351,0.13433120352308558
altered geometry,bi_corr_400_a_04,59,0.054060462315919086,-0.0014047299354025687,0.14245449655134698
altered geometry,bi_corr_400_a_04,60,0.06301359841079773,-9.860655267275904e-05,0.17314484349908285
altered geometry,bi_corr_400_a_04,61,0.05827425238720922,0.00037188404800579645,0.16240415355752835
altered geometry,bi_corr_400_a_04,62,0.054922631591488844,0.00039354543390808034,0.17487454894769505
altered geometry,bi_corr_400_a_04,63,0.05567374586680743,-0.0029382925968779333,0.17217994970028608
altered geometry,bi_corr_400_a_04,64,0.05893064172107158,-0.0028510684861386285,0.17451239798514193
altered geometry,bi_corr_400_a_04,65,0.052105333260244316,-0.0016352875247039507,0.15881943552336591
altered geometry,bi_corr_400_a_04,66,0.05415221812744676,-0.0010088632935684138,0.18102100948542554
altered geometry,bi_corr_400_a_04,67,0.060408295438772935,-0.006148415161857647,0.18723262575113636
altered geometry,bi_corr_400_a_04,68,0.062495714422503304,-0.0034351661479828494,0.1532512155837182
altered geometry,bi_corr_400_a_04,69,0.05689566600854805,-0.002207200347379025,0.15486785144701035
altered geometry,bi_corr_400_a_04,70,0.056157785986962284,-0.0031592442292257446,0.18768943266613072
altered geometry,bi_corr_400_a_04,71,0.057695667121571245,-0.00563176912493799,0.17878370257849796
altered geometry,bi_corr_400_a_04,72,0.06026423942439924,-0.0029279926290533523,0.1950782593538604
altered geometry,bi_corr_400_a_04,73,0.06122803359443748,0.0007214757675886185,0.19000943539384563
altered geometry,bi_corr_400_a_04,74,0.06685648458808537,0.0053105271212896725,0.1967447447173693
altered geometry,bi_corr_400_a_04,75,0.09291459400301064,-0.012026009479272355,0.26376994966137124
altered geometry,bi_corr_400_a_04,76,0.08269653308690858,-0.008346305923941028,0.19271623492761641
altered geometry,bi_corr_400_a_04,77,0.06739315743944876,0.007050387203506124,0.24640399481373187
altered geometry,bi_corr_400_a_04,78,0.08782526057108553,0.019691451025233796,0.11578287515902923
altered geometry,bi_corr_400_a_05,0,0.05951475646671432,0.006187212370245626,0.2135733934805278
altered geometry,bi_corr_400_a_05,1,0.054243102393502655,-0.0001364999267563576,0.19841018861278023
altered geometry,bi_corr_400_a_05,2,0.05089864191202558,0.0008705920124363373,0.18584377917544853
altered geometry,bi_corr_400_a_05,3,0.05558015627467576,0.0035233023075873153,0.18088182331306435
altered geometry,bi_corr_400_a_05,4,0.06049281247788416,-6.525342952887665e-05,0.16407515904281914
altered geometry,bi_corr_400_a_05,5,0.05844987801156627,0.0027644826026695804,0.15213981477485594
altered geometry,bi_corr_400_a_05,6,0.059046787003979986,0.002513147106741264,0.13091769530788835
altered geometry,bi_corr_400_a_05,7,0.05565849503818876,0.00045061081549548234,0.14591663826173223
altered geometry,bi_corr_400_a_05,8,0.05720295346035877,0.002624228028925486,0.13498476952257724
altered geometry,bi_corr_400_a_05,9,0.0515307382686384,-0.0012441481353971395,0.14748599503178372
altered geometry,bi_corr_400_a_05,10,0.05339303932389445,0.0019626751363186166,0.14330349322891173
altered geometry,bi_corr_400_a_05,11,0.053136093890007535,-0.0006665182980751357,0.13314906427508855
altered geometry,bi_corr_400_a_05,12,0.05428667005943877,-0.00022064661347392733,0.12559036911506238
altered geometry,bi_corr_400_a_05,13,0.05850228891276677,0.00047449693271017833,0.16137956497674796
altered geometry,bi_corr_400_a_05,14,0.06242227862421692,-0.0026257890700487983,0.1503740719030545
altered geometry,bi_corr_400_a_05,15,0.056480764356358924,-9.507429000065376e-05,0.1627835451523642
altered geometry,bi_corr_400_a_05,16,0.056290404613976046,0.0005656574182910728,0.1314668684201682
altered geometry,bi_corr_400_a_05,17,0.05455722926003542,-0.002289907994039054,0.1577231436763595
altered geometry,bi_corr_400_a_05,18,0.05052898049052777,-0.002181102877333298,0.13942038851255928
altered geometry,bi_corr_400_a_05,19,0.047665175045125914,-0.003003852949392613,0.14946962129625208
altered geometry,bi_corr_400_a_05,20,0.05184342734868019,-0.003452947533584289,0.15994729051896445
altered geometry,bi_corr_400_a_05,21,0.053397932766969324,-0.003688036193194134,0.14736326217124973
altered geometry,bi_corr_400_a_05,22,0.051495322109255566,-0.003802566358385544,0.14860258544798055
altered geometry,bi_corr_400_a_05,23,0.0522975959522162,-0.0023902892813744674,0.147791927358779
altered geometry,bi_corr_400_a_05,24,0.058233019830184675,-0.0033766413936073686,0.1438194438977595
altered geometry,bi_corr_400_a_05,25,0.05449023757777001,-0.0003357481756917563,0.118066528099041
altered geometry,bi_corr_400_a_05,26,0.052957871778223295,-0.0031022161994376184,0.13791757958961134
altered geometry,bi_corr_400_a_05,27,0.05312613943446026,-0.0010933706806251378,0.1477146037470466
altered geometry,bi_corr_400_a_05,28,0.05214102913138172,-0.0007506407065003888,0.13211097976429048
altered geometry,bi_corr_400_a_05,29,0.04928778016839789,-0.0012076666240416272,0.1552960473514881
altered geometry,bi_corr_400_a_05,30,0.0498860709887624,-0.0022839517839300365,0.13895038586709563
altered geometry,bi_corr_400_a_05,31,0.051865587823949,-0.001481784650687367,0.1334470986956376
altered geometry,bi_corr_400_a_05,32,0.05087180304916972,-3.2312125904250565e-05,0.12252753359472728
altered geometry,bi_corr_400_a_05,33,0.04678702611554895,-0.0027971972446093523,0.13194478554019182
altered geometry,bi_corr_400_a_05,34,0.048533091721550035,0.002091785331396981,0.16113456700780218
altered geometry,bi_corr_400_a_05,35,0.046979226296698165,-0.0030059863429130105,0.1361283292997879
altered geometry,bi_corr_400_a_05,36,0.04830074864397482,-0.002056591781718746,0.12016264458031867
altered geometry,bi_corr_400_a_05,37,0.048753674044755356,-0.0005250880064730292,0.141842600156801
altered geometry,bi_corr_400_a_05,38,0.04817490292961628,-0.0012858702161787593,0.13189523999836675
altered geometry,bi_corr_400_a_05,39,0.04546309694377701,-0.003201575625384706,0.14247827895845605
altered geometry,bi_corr_400_a_05,40,0.05283506582710548,0.0003965661527348581,0.11731423526022403
altered geometry,bi_corr_400_a_05,41,0.05090169748325738,0.0014526076454597367,0.13716179790955557
altered geometry,bi_corr_400_a_05,42,0.04941016716703286,0.004508753662168809,0.17096310582761723
altered geometry,bi_corr_400_a_05,43,0.053489808540643655,-0.0032903592610373286,0.15082517144839627
altered geometry,bi_corr_400_a_05,44,0.06069094371068363,-0.00041961276810009295,0.15970669623486303
altered geometry,bi_corr_400_a_05,45,0.057202488964831905,-4.534720249987166e-05,0.16308794429020657
altered geometry,bi_corr_400_a_05,46,0.047145471034153015,-0.0024020100712880666,0.14945370281030637
altered geometry,bi_corr_400_a_05,47,0.052980477061562094,-0.0028426027793280813,0.14384130083998922
altered geometry,bi_corr_400_a_05,48,0.057431874425302294,0.0018664303128845075,0.14290513098860252
altered geometry,bi_corr_400_a_05,49,0.05614948526189611,0.0013373426619475868,0.1347017804187659
altered geometry,bi_corr_400_a_05,50,0.04941510604534295,-0.0023873975836311394,0.1551123133611916
altered geometry,bi_corr_400_a_05,51,0.05261411992175494,-0.0018829975872715627,0.14283799839357736
altered geometry,bi_corr_400_a_05,52,0.04966201898570081,-0.0009778089340566104,0.15441083383182488
altered geometry,bi_corr_400_a_05,53,0.04978796167786219,-0.0019787978864584813,0.1343176730910376
altered geometry,bi_corr_400_a_05,54,0.047104789696139716,-0.000335751086597226,0.15065651328900126
altered geometry,bi_corr_400_a_05,55,0.052549908780140535,-0.0033359656175780514,0.16763886585590457
altered geometry,bi_corr_400_a_05,56,0.055639896613020164,-0.0021856753887443416,0.17761790108767064
altered geometry,bi_corr_400_a_05,57,0.049644168995736704,0.0001247071883320763,0.14662467087798653
altered geometry,bi_corr_400_a_05,58,0.04887651696205243,-0.003958900548015891,0.1441994515692628
altered geometry,bi_corr_400_a_05,59,0.050787387166827055,-0.002182577053640276,0.1365971764232926
altered geometry,bi_corr_400_a_05,60,0.056771416295178255,-0.0042366054950112335,0.1495650171472553
altered geometry,bi_corr_400_a_05,61,0.054736298839071655,-5.585702148313532e-05,0.13464653174530253
altered geometry,bi_corr_400_a_05,62,0.051865455985935366,0.0005789201130743587,0.13849848307288107
altered geometry,bi_corr_400_a_05,63,0.059737354622195385,0.0011948289057933362,0.1337259129652888
altered geometry,bi_corr_400_a_05,64,0.05327147700407905,-0.0038661847818642794,0.13611673203816252
altered geometry,bi_corr_400_a_05,65,0.05547106397956358,-0.0024700161151927726,0.1466475238907543
altered geometry,bi_corr_400_a_05,66,0.05388349560229721,-0.0034126732720297375,0.16112750280184301
altered geometry,bi_corr_400_a_05,67,0.0462662334163056,-0.002523237646564714,0.1431669535735954
altered geometry,bi_corr_400_a_05,68,0.0485191841147075,-0.0024392407513130856,0.15800869004509208
altered geometry,bi_corr_400_a_05,69,0.04892153701812626,-0.0008149386358370068,0.15786476316174722
altered geometry,bi_corr_400_a_05,70,0.05660850311678427,-0.002722820290421789,0.15167192253967207
altered geometry,bi_corr_400_a_05,71,0.05823555484552382,0.0001021587836683037,0.13560532435856523
altered geometry,bi_corr_400_a_05,72,0.060467580966457914,0.00650393594768644,0.15160118630233732
altered geometry,bi_corr_400_a_05,73,0.058832562678047304,-0.0018285913315107347,0.14426345680311733
altered geometry,bi_corr_400_a_05,74,0.06518848690766149,-0.00318220883552028,0.1694008573289147
altered geometry,bi_corr_400_a_05,75,0.05275512616372225,0.002664286513455112,0.22129277132767702
altered geometry,bi_corr_400_a_05,76,0.04993147376133193,-0.002613722312550146,0.20253130523733598
altered geometry,bi_corr_400_a_05,77,0.06866537074154662,0.002133860241582175,0.18518061484168333
altered geometry,bi_corr_400_a_05,78,0.06674937131280355,0.003267827554170804,0.22730696712466242
altered geometry,bi_corr_400_a_05,79,0.08371588954867944,-0.017067571186040405,0.29346561260925624
altered geometry,bi_corr_400_a_05,80,0.08156219562049545,0.0010198797936966277,0.19720919680706617
altered geometry,bi_corr_400_a_05,81,0.0834574071654986,-0.0024375089532778873,0.17231652840070585
altered geometry,bi_corr_400_b_08,0,0.03551367914944306,0.004425677607127986,0.15571591768216517
altered geometry,bi_corr_400_b_08,1,0.052477155281687005,0.0002610609460623032,0.2018316266973571
altered geometry,bi_corr_400_b_08,2,0.06875643219766087,-0.007838462736534525,0.1805475602584908
altered geometry,bi_corr_400_b_08,3,0.05937006537365531,-8.308121044372847e-05,0.1563858423007911
altered geometry,bi_corr_400_b_08,4,0.05286538314249259,0.007703147201168563,0.17320112546707955
altered geometry,bi_corr_400_b_08,5,0.053246941221418674,0.0005559630163335412,0.16237443262753612
altered geometry,bi_corr_400_b_08,6,0.05586843391618921,0.0018168894132837348,0.1753548806547875
altered geometry,bi_corr_400_b_08,7,0.055324313847505094,0.0009973035599746935,0.15284086784733322
altered geometry,bi_corr_400_b_08,8,0.05838962436052571,-0.0022353603958028,0.1673287099903283
altered geometry,bi_corr_400_b_08,9,0.061835691857058596,0.001513261790030223,0.149146432134289
altered geometry,bi_corr_400_b_08,10,0.05009252791039414,0.0025250698993028366,0.1407233696128649
altered geometry,bi_corr_400_b_08,11,0.05758118765121782,-0.001848702921578956,0.14207089630282244
altered geometry,bi_corr_400_b_08,12,0.06380491883942305,-0.0007934574831218991,0.14518745257298155
altered geometry,bi_corr_400_b_08,13,0.0519412861134953,-0.0019017884885413805,0.17745059226462137
altered geometry,bi_corr_400_b_08,14,0.05783935005739713,0.0029209157264321666,0.1397873217969036
altered geometry,bi_corr_400_b_08,15,0.0537715119957161,0.001473604643603323,0.12414537708373845
altered geometry,bi_corr_400_b_08,16,0.056293213122345705,-5.237380735915404e-05,0.1501798544116636
altered geometry,bi_corr_400_b_08,17,0.06140832092162994,0.0030538087079910307,0.15802465325976853
altered geometry,bi_corr_400_b_08,18,0.05540067866775951,-0.0029501521633096563,0.15269336065138683
altered geometry,bi_corr_400_b_08,19,0.05515152127887578,-0.0020249516497654056,0.1434456575107142
altered geometry,bi_corr_400_b_08,20,0.05145258341258516,-0.0003226913088306646,0.15160636003495198
altered geometry,bi_corr_400_b_08,21,0.051977419253085244,-0.0013750843162097437,0.1351403358065172
altered geometry,bi_corr_400_b_08,22,0.054709022765093915,-0.0024724347217818378,0.14236777200717263
altered geometry,bi_corr_400_b_08,23,0.050848628661676554,-0.00187128968173694,0.1427460646208513
altered geometry,bi_corr_400_b_08,24,0.060224967668122804,0.0031788770976660615,0.16020086372313294
altered geometry,bi_corr_400_b_08,25,0.05989091151878051,-0.0009368747582222016,0.1972687087856383
altered geometry,bi_corr_400_b_08,26,0.05393304174643522,0.0009376980186407984,0.1594774026251603
altered geometry,bi_corr_400_b_08,27,0.05596295346101127,0.0005397447142234344,0.1731080285400682
altered geometry,bi_corr_400_b_08,28,0.05860059849557684,0.0009011568310397688,0.2048424840253542
altered geometry,bi_corr_400_b_08,29,0.05567961884594872,0.0012987670984941694,0.18763768098298927
altered geometry,bi_corr_400_b_08,30,0.06442222476343588,-0.004274979957687303,0.18576927671191482
altered geometry,bi_corr_400_b_08,31,0.06579436217501593,-0.0028319436531509803,0.19974568092447934
altered geometry,bi_corr_400_b_08,32,0.0527216911611269,-0.0037074344375086932,0.1911690342286337
altered geometry,bi_corr_400_b_08,33,0.05748936838275195,-0.0033291958695289953,0.1850957910276237
altered geometry,bi_corr_400_b_08,34,0.060040323876643875,-0.0003193879367845965,0.18253561524021128
altered geometry,bi_corr_400_b_08,35,0.05879458283246628,-0.003433404665050264,0.20177755103341324
altered geometry,bi_corr_400_b_08,36,0.06256017823348536,-4.797529502824799e-05,0.1833602759875629
altered geometry,bi_corr_400_b_08,37,0.062373235014585436,-0.0027257691663042155,0.1423491447213715
altered geometry,bi_corr_400_b_08,38,0.0667323360961813,-0.006078286663074388,0.1610095256506684
altered geometry,bi_corr_400_b_08,39,0.0710703200492956,-0.0014656568288384604,0.17584869877767717
altered geometry,bi_corr_400_b_08,40,0.06670452139873752,0.0018201172585051153,0.1428702867794162
altered geometry,bi_corr_400_b_08,41,0.06090803880468729,-0.002450804302813079,0.15279726836233767
altered geometry,bi_corr_400_b_08,42,0.05527382952755342,0.00028364167220714255,0.14284954348148574
altered geometry,bi_corr_400_b_08,43,0.07168259546453588,-0.003666906066040985,0.18831187980954073
altered geometry,bi_corr_400_b_08,44,0.07071133713631761,0.0014698076468572761,0.15750024336641505
altered geometry,bi_corr_400_b_08,45,0.06360299417473415,-0.00018634703584135786,0.17359814893008232
altered geometry,bi_corr_400_b_08,46,0.06787623185464575,-0.0010928963965414066,0.17409750340891703
altered geometry,bi_corr_400_b_08,47,0.06602078463601145,0.0012260060553395406,0.15373674514102884
altered geometry,bi_corr_400_b_08,48,0.0665878836203994,-0.0023896744506253834,0.14808225808336808
altered geometry,bi_corr_400_b_08,49,0.06179174156048122,-0.003319104504679112,0.15051203386285952
altered geometry,bi_corr_400_b_08,50,0.06644990728216922,0.0005321605465148482,0.16756794170294678
altered geometry,bi_corr_400_b_08,51,0.072677136013831,-0.0025607440757310974,0.1550110552704148
altered geometry,bi_corr_400_b_08,52,0.06568511808358855,-0.002326477573070165,0.14638589738194124
altered geometry,bi_corr_400_b_08,53,0.06071550994531054,0.0024883936732803366,0.1347265469577452
altered geometry,bi_corr_400_b_08,54,0.06526212666585567,0.002734576628279558,0.16334134264895162
altered geometry,bi_corr_400_b_08,55,0.06618036938388716,-0.00025358209809715553,0.14967348414100254
altered geometry,bi_corr_400_b_08,56,0.07165646400394536,-7.920372369838531e-05,0.14737869734946657
altered geometry,bi_corr_400_b_08,57,0.06859952502379751,0.0001311870967965309,0.13293148787031378
altered geometry,bi_corr_400_b_08,58,0.06848958997254621,-0.0008609692014644575,0.14884094492447236
altered geometry,bi_corr_400_b_08,59,0.07477461035008383,0.00014553916079014707,0.14428541196103944
altered geometry,bi_corr_400_b_08,60,0.0668554162586935,-0.002016324199127464,0.12984477649294723
altered geometry,bi_corr_400_b_08,61,0.07556558602744042,-0.00045617723297050204,0.13464788769104613
altered geometry,bi_corr_400_b_08,62,0.07246296793957552,-0.0005496185156906254,0.15104580384363023
altered geometry,bi_corr_400_b_08,63,0.06270622623782642,-0.0008020483763627153,0.15637892700969416
altered geometry,bi_corr_400_b_08,64,0.06775578990530105,-0.0005473703709561224,0.14895358512008725
altered geometry,bi_corr_400_b_08,65,0.06081066027821372,0.0032197739181492,0.1633684297644158
altered geometry,bi_corr_400_b_08,66,0.057761134003455096,-0.00013056297660343316,0.13046005043214126
altered geometry,bi_corr_400_b_08,67,0.0722525180128243,0.0002227393148776546,0.16842833598316792
altered geometry,bi_corr_400_b_08,68,0.06209141490380742,-0.0007126775310161691,0.13494961877102524
altered geometry,bi_corr_400_b_08,69,0.060423432515821426,-0.0008162492414745804,0.12880871241094877
altered geometry,bi_corr_400_b_08,70,0.057640397716995855,-0.0012432010267285941,0.16109974591267037
altered geometry,bi_corr_400_b_08,71,0.06420056369293003,-0.0007445174910982863,0.12417270029430758
altered geometry,bi_corr_400_b_08,72,0.061950408175832666,-0.0007469219691970073,0.15109861876801528
altered geometry,bi_corr_400_b_08,73,0.05941378218444526,-0.002632886754813124,0.11920404624081433
altered geometry,bi_corr_400_b_08,74,0.06427976807357022,-0.0049397547611488134,0.12092324218026675
altered geometry,bi_corr_400_b_08,75,0.06495818832478041,0.0007434078408054129,0.12449277046297101
altered geometry,bi_corr_400_b_08,76,0.06290633407898225,0.001441222836490816,0.14979734678272777
altered geometry,bi_corr_400_b_08,77,0.06593716285600873,-0.000927561076618169,0.12543607569728812
altered geometry,bi_corr_400_b_08,78,0.07105223184097978,-0.005669720833412912,0.16475525901671603
altered geometry,bi_corr_400_b_08,79,0.06949433500024288,-0.0004939905536641839,0.13298277720069526
altered geometry,bi_corr_400_b_08,80,0.06736770640554283,0.0006166292659041783,0.13398130991460233
altered geometry,bi_corr_400_b_08,81,0.058797155153042104,-0.002970810682180823,0.15160112053187708
altered geometry,bi_corr_400_b_08,82,0.06058778195549055,-0.0006095660790200181,0.16323071094158761
altered geometry,bi_corr_400_b_08,83,0.06379974421862351,0.0027000638030484476,0.16501376021732156
altered geometry,bi_corr_400_b_08,84,0.07533078223852506,-0.0008505592910899774,0.12401035590608171
altered geometry,bi_corr_400_b_08,85,0.06253557465121865,-0.003633415401275086,0.1522956588616717
altered geometry,bi_corr_400_b_08,86,0.07111701065787189,-0.0002937146356974715,0.1630786717254886
altered geometry,bi_corr_400_b_08,87,0.07048850197954515,-0.002449781687976521,0.1485577761880518
altered geometry,bi_corr_400_b_08,88,0.06415942513110609,-0.0003042135689249214,0.14772631786957297
altered geometry,bi_corr_400_b_08,89,0.06132959665883545,-0.0023622495462102574,0.12109386572089849
altered geometry,bi_corr_400_b_08,90,0.06625577904357907,-0.0038369651456000376,0.14126382967179374
altered geometry,bi_corr_400_b_08,91,0.06058704608983558,5.921563698756873e-05,0.15593051872238603
altered geometry,bi_corr_400_b_08,92,0.05746499586411721,-0.002974135918538455,0.14880999425208596
altered geometry,bi_corr_400_b_08,93,0.06430970236021367,-0.004501141498869547,0.141327020822431
altered geometry,bi_corr_400_b_08,94,0.058267634858272535,0.00013240885891331624,0.14374507259491454
altered geometry,bi_corr_400_b_08,95,0.06044430496995857,0.0013917808134903703,0.15242718661465016
altered geometry,bi_corr_400_b_08,96,0.05764951487092729,-0.00035774967752384636,0.15672521952777788
altered geometry,bi_corr_400_b_08,97,0.057053937377298136,-0.0028510057552352153,0.1753827113346121
altered geometry,bi_corr_400_b_08,98,0.06038743339583016,-0.0013861578397581268,0.12242648001774459
altered geometry,bi_corr_400_b_08,99,0.062173538913894,-0.0004644650498304449,0.15398701348427746
altered geometry,bi_corr_400_b_08,100,0.0524915177248562,-0.0019199015071365462,0.23050190984861887
altered geometry,bi_corr_400_b_08,101,0.06589752247921217,-0.0014152365044055497,0.1763620764602647
altered geometry,bi_corr_400_b_08,102,0.06690695941194676,0.002241723271369584,0.20242257590506768
altered geometry,bi_corr_400_b_08,103,0.06873562687874574,-0.002627595903142344,0.165300923715643
altered geometry,bi_corr_400_b_08,104,0.05958488102862035,0.00014539308715664581,0.1740036499010382
altered geometry,bi_corr_400_b_08,105,0.06695725425371964,-0.0022966436571961782,0.1526740569184767
altered geometry,bi_corr_400_b_08,106,0.06177415452710206,-0.005155993751634518,0.1953419309568021
altered geometry,bi_corr_400_b_08,107,0.07129796689210142,-0.0008378900761706622,0.23519910642591385
altered geometry,bi_corr_400_b_08,108,0.06246667079572969,0.000380494152539302,0.1978976462295854
altered geometry,bi_corr_400_b_08,109,0.06462550036724621,-0.01764002135694132,0.22899670904945468
altered geometry,bi_corr_400_b_08,110,0.07222008631557462,0.0055467271385946145,0.190226390215884
altered geometry,bi_corr_400_b_08,111,0.05429803844143698,-0.01479056441207243,0.18324252975086996
crossing topology,crossing_90_d_1,0,0.10049995165580713,0.0961222264089643,0.3704232558294541
crossing topology,crossing_90_d_1,1,0.1584890326118454,0.07024594442554044,0.31040787893917043
crossing topology,crossing_90_d_1,2,0.15929117673535015,0.01770555644711558,0.3355821811761117
crossing topology,crossing_90_d_1,3,0.17526302084882914,0.04663098079694853,0.330415383589629
crossing topology,crossing_90_d_1,4,0.14127982224208874,0.018824687606510845,0.3114682152001555
crossing topology,crossing_90_d_1,5,0.15729500092796372,0.09623184736363258,0.34355539875293045
crossing topology,crossing_90_d_1,6,0.18935064795713766,0.0652681073297401,0.2983676507918874
crossing topology,crossing_90_d_1,7,0.1282908711980184,0.0013186016048159545,0.3413605850956828
crossing topology,crossing_90_d_1,8,0.1280619961989191,0.0316215379114447,0.39798426861580605
crossing topology,crossing_90_d_1,9,0.14647869396137791,0.0574599414284773,0.40814373112128716
crossing topology,crossing_90_d_1,10,0.15139214036804688,0.06149398493752866,0.32632947371194587
crossing topology,crossing_90_d_1,11,0.8574402353769416,5.852178256002993,0.4021863972385018
crossing topology,crossing_90_d_1,12,0.5555123454907603,0.03379735520864491,0.30114841326636366
crossing topology,crossing_90_d_1,13,0.1593175447822751,0.058461865672255385,0.2957180630029942
crossing topology,crossing_90_d_1,14,0.12277212742113669,0.03884177614395525,0.38545053793713735
crossing topology,crossing_90_d_1,15,0.13302809998041706,0.04044008102594747,0.2825465473638104
crossing topology,crossing_90_d_1,16,0.1580800123585996,0.033217423050806556,0.2846768585562924
crossing topology,crossing_90_d_1,17,0.10334433830837894,0.010108839899821009,0.2600071764263109
crossing topology,crossing_90_d_1,18,0.09703756329693,0.024161249082662865,0.33723751007504504
crossing topology,crossing_90_d_1,19,0.12221240538963571,0.023400148183841073,0.33650009436398925
crossing topology,crossing_90_d_1,20,0.10815822495243632,0.0152990204876815,0.38107346081841786
crossing topology,crossing_90_d_1,21,0.1441247286267934,0.012018145927195497,0.3164342537188876
crossing topology,crossing_90_d_1,22,0.15634704865117216,0.0552258575971752,0.35283021923433755
crossing topology,crossing_90_d_1,23,0.1116388740373572,0.00993940141927421,0.3403935075943421
crossing topology,crossing_90_d_1,24,0.12971330727893024,0.03576190910805629,0.2614245533744079
crossing topology,crossing_90_d_1,25,0.10706728947701369,0.022735098349269425,0.33941479759895904
crossing topology,crossing_90_d_1,26,0.1458407611381737,0.07814536275047906,0.41395393237590555
crossing topology,crossing_90_d_1,27,0.1512032248645353,0.026287072578150678,0.2793698830314066
crossing topology,crossing_90_d_1,28,0.1381876708019013,0.043708323096860055,0.3588716842658394
crossing topology,crossing_90_d_1,29,0.11548350691814041,0.019449745716142813,0.361798051290171
crossing topology,crossing_90_d_1,30,0.13094805231576676,0.009524276564910644,0.36260654618710675
crossing topology,crossing_90_d_1,31,0.09928233740268831,0.016347143810683543,0.4002381697125741
crossing topology,crossing_90_d_1,32,0.1118296553026689,0.029899892744562784,0.36658936939419934
crossing topology,crossing_90_d_1,33,0.10485876430243125,0.0017198645934135154,0.3722980567003068
crossing topology,crossing_90_d_1,34,0.08432774639898098,0.012890846871855575,0.3501175112102002
crossing topology,crossing_90_d_1,35,0.09226152387257798,0.0063336682725547155,0.33715712028380135
crossing topology,crossing_90_d_1,36,0.08591213796004812,0.0030988544318941345,0.3219649446133781
crossing topology,crossing_90_d_1,37,0.08514601917720438,-0.003888432845908212,0.34393379818679015
crossing topology,crossing_90_d_1,38,0.0861495755809312,0.006748755279396738,0.3974402245123765
crossing topology,crossing_90_d_1,39,0.07995570172881254,0.008310728716975111,0.4101267926144742
crossing topology,crossing_90_d_1,40,0.0759740515964549,0.0026207949998785876,0.33743916458223583
crossing topology,crossing_90_d_1,41,0.07486427836277937,0.002186150531674255,0.3124749205283345
crossing topology,crossing_90_d_1,42,0.07081520306909612,0.0022109104276706055,0.31862259621177025
crossing topology,crossing_90_d_1,43,0.07498437731991305,0.006338797680547679,0.31694376239403194
crossing topology,crossing_90_d_1,44,0.07609060300573246,0.004913592051492936,0.31307657406765493
crossing topology,crossing_90_d_1,45,0.07395062687573721,0.0023061351320958034,0.38004416772500976
crossing topology,crossing_90_d_1,46,0.07060373042275808,0.010947407812804776,0.37875799101437047
crossing topology,crossing_90_d_1,47,0.06826126101658175,0.0005863391377322432,0.30148082790900294
crossing topology,crossing_90_d_1,48,0.0740994602559372,0.0065729475568793985,0.3311205797988735
crossing topology,crossing_90_d_1,49,0.07823972771758675,0.009728481522440841,0.36822757439092574
crossing topology,crossing_90_d_1,50,0.07091072718822895,0.0035732688288072066,0.30954036348816494
crossing topology,crossing_90_d_1,51,0.06718042919537816,-0.007926046522444878,0.3266646218150564
crossing topology,crossing_90_d_1,52,0.07407719611930684,0.00967706599236425,0.33448833411454315
crossing topology,crossing_90_d_1,53,0.06853892527838026,0.00852186805736733,0.27989254658217466
crossing topology,crossing_90_d_1,54,0.05432355634574126,0.0015436468814320193,0.26299858444120255
crossing topology,crossing_90_d_1,55,0.05117119270091189,0.0006440094133446679,0.30334971887438594
crossing topology,crossing_90_d_1,56,0.05399004256140886,-0.00022564197708159752,0.3020729894536243
crossing topology,crossing_90_d_1,57,0.0517167462409634,-0.001937499539332941,0.28395404533550667
crossing topology,crossing_90_d_1,58,0.04437890940992222,-0.0023615847864474236,0.2563852042235541
crossing topology,crossing_90_d_1,59,0.05292029292436094,0.02474624249187647,0.3248681222941554
crossing topology,crossing_90_d_2,0,0.12178714317750569,0.08306194981437537,0.5410704053629632
crossing topology,crossing_90_d_2,1,0.18433792981269514,0.0031292918426574106,0.4206218037330655
crossing topology,crossing_90_d_2,2,0.1443327669823635,0.03311683986250474,0.33656750719408635
crossing topology,crossing_90_d_2,3,0.11781172413571121,0.03885861991272218,0.35261533944972495
crossing topology,crossing_90_d_2,4,0.13012894151534038,0.01841273615602955,0.3471516022568244
crossing topology,crossing_90_d_2,5,0.1562643049376496,0.039904367221263566,0.40149260269601333
crossing topology,crossing_90_d_2,6,0.11147556843393895,0.008062147864245235,0.3550081796434268
crossing topology,crossing_90_d_2,7,0.11784797789743807,0.048600528458475914,0.4529589873973668
crossing topology,crossing_90_d_2,8,0.13602670619086768,0.04720897013502275,0.34035087033244416
crossing topology,crossing_90_d_2,9,0.16361151293193643,0.04746471041320152,0.45928027174905234
crossing topology,crossing_90_d_2,10,0.1136977998258283,0.020445020764445005,0.35848737575700357
crossing topology,crossing_90_d_2,11,0.10597715722421046,0.00619518154880572,0.40136730243065744
crossing topology,crossing_90_d_2,12,0.1229614124001162,0.03034391621355273,0.35976601291143906
crossing topology,crossing_90_d_2,13,0.1537304043217221,0.02562882413077762,0.2999244418872537
crossing topology,crossing_90_d_2,14,0.1176391485837761,0.007301636236529189,0.3295017357160429
crossing topology,crossing_90_d_2,15,0.0986599390196206,0.023500871351464437,0.3652862588568339
crossing topology,crossing_90_d_2,16,0.1029633978552199,0.024367351184971898,0.2795196488852916
crossing topology,crossing_90_d_2,17,0.11991956691891283,0.027352802105569347,0.3296631242058039
crossing topology,crossing_90_d_2,18,0.10687221777704396,0.012038281489972331,0.37093444094053313
crossing topology,crossing_90_d_2,19,0.12204517916878163,0.028718686178210183,0.3407124349978493
crossing topology,crossing_90_d_2,20,0.12050872906796103,0.014350133711553125,0.3216648671725007
crossing topology,crossing_90_d_2,21,0.13022992832364388,0.020048590237463918,0.3852174368374752
crossing topology,crossing_90_d_2,22,0.12157051228349403,0.010086737231858264,0.3692546089469102
crossing topology,crossing_90_d_2,23,0.12535066907510078,0.025838381214272847,0.3557351215991995
crossing topology,crossing_90_d_2,24,0.13436727198625598,-0.0023182784036494975,0.44484432354674897
crossing topology,crossing_90_d_2,25,0.15146840543406945,0.056251831635947144,0.42482258282190666
crossing topology,crossing_90_d_2,26,0.15464198599249332,0.02467915534013345,0.3514477088071556
crossing topology,crossing_90_d_2,27,0.13739302699708472,0.022148973269352664,0.3374924412246127
crossing topology,crossing_90_d_2,28,0.09414381470238115,0.007646985913126705,0.32990129494476056
crossing topology,crossing_90_d_2,29,0.11839777346461203,0.014028481345561334,0.3331086015883941
crossing topology,crossing_90_d_2,30,0.11214753613165376,0.02585146311570089,0.32415920591788394
crossing topology,crossing_90_d_2,31,0.10614539986452805,0.013037190013850694,0.40817977565382146
crossing topology,crossing_90_d_2,32,0.12749033499380366,0.020369176157651103,0.3639974533013994
crossing topology,crossing_90_d_2,33,0.13426190316642408,0.014752833104263178,0.34639578763584483
crossing topology,crossing_90_d_2,34,0.11686197623490016,0.0014541516347275245,0.3477784336554088
crossing topology,crossing_90_d_2,35,0.10150008742122989,0.030813739175157475,0.33336466009738824
crossing topology,crossing_90_d_2,36,0.10348558120347282,0.018718006765388793,0.38014304925885545
crossing topology,crossing_90_d_2,37,0.11543199506013294,0.02101454596683596,0.3922249030001093
crossing topology,crossing_90_d_2,38,0.11161857924921931,-0.007892059237375964,0.3745820287445836
crossing topology,crossing_90_d_2,39,0.10232553371686512,0.012728256358165015,0.35136852740646723
crossing topology,crossing_90_d_2,40,0.09629373982196271,0.005756246991350162,0.3932791420446319
crossing topology,crossing_90_d_2,41,0.09142110426797949,0.006718469930957794,0.34065073787275657
crossing topology,crossing_90_d_2,42,0.08901237559922746,0.005571016537351811,0.33707000920780905
crossing topology,crossing_90_d_2,43,0.08302569784191557,-0.011327646530985488,0.36431311618351103
crossing topology,crossing_90_d_2,44,0.07808654010541935,0.009954420296293736,0.3569624502475888
crossing topology,crossing_90_d_2,45,0.0734971027854296,-0.0015322152890292003,0.3680985752822303
crossing topology,crossing_90_d_2,46,0.07539223513567085,0.0018719200896187538,0.3447781484051914
crossing topology,crossing_90_d_2,47,0.06718206460785113,-4.915349448590821e-05,0.3222263147384768
crossing topology,crossing_90_d_2,48,0.07283346922861715,-0.00033112450489214054,0.3421574367606956
crossing topology,crossing_90_d_2,49,0.07885615389713402,0.00707664113987709,0.31906957070478215
crossing topology,crossing_90_d_2,50,0.07536662308461965,0.0025407573811312787,0.37059555012787937
crossing topology,crossing_90_d_2,51,0.0801397009485509,0.004281316261209504,0.40165506702200454
crossing topology,crossing_90_d_2,52,0.07954473072850873,0.009084962001095282,0.40258128506925916
crossing topology,crossing_90_d_2,53,0.0802039464158162,0.0044803333823925,0.327337777768657
crossing topology,crossing_90_d_2,54,0.06488975513308062,-0.0046782894311957835,0.27714758117084565
crossing topology,crossing_90_d_2,55,0.0557688029958846,0.009092789019662281,0.27778571216355963
crossing topology,crossing_90_d_2,56,0.05828449005092721,0.00253193256882021,0.2775139337766493
crossing topology,crossing_90_d_3,0,0.07847121793731185,-0.01391737339908521,0.36142460614518174
crossing topology,crossing_90_d_3,1,0.1194526260813065,0.022987609781288144,0.4596127976351621
crossing topology,crossing_90_d_3,2,0.13702748427432157,0.04899841221828904,0.4479489771371429
crossing topology,crossing_90_d_3,3,0.13946960628348476,0.024500506566336934,0.31006122172616374
crossing topology,crossing_90_d_3,4,0.1122983954217386,0.00692986052858212,0.3118887476382183
crossing topology,crossing_90_d_3,5,0.10523437230960044,0.015591136504679498,0.441091274112985
crossing topology,crossing_90_d_3,6,0.10014314656595431,0.008056464274454236,0.383370422081769
crossing topology,crossing_90_d_3,7,0.10484119340662357,0.014259127320455168,0.3999094674292273
crossing topology,crossing_90_d_3,8,0.10630111106121178,0.004699059004278107,0.41423639964816716
crossing topology,crossing_90_d_3,9,0.10134623319549935,-0.0002574623238925477,0.42187470636926067
crossing topology,crossing_90_d_3,10,0.106626412246876,0.028749242762204624,0.42482361020069487
crossing topology,crossing_90_d_3,11,0.09070759308691706,-0.0013572196312859506,0.3310929827581548
crossing topology,crossing_90_d_3,12,0.09118455642456032,0.014597011184467167,0.397104471559465
crossing topology,crossing_90_d_3,13,0.11017478854092087,0.019172872726605034,0.38675050824895807
crossing topology,crossing_90_d_3,14,0.09109781967609656,0.00815730261071757,0.3598466996770315
crossing topology,crossing_90_d_3,15,0.0919894238602448,0.0018164578633617064,0.35576110152874857
crossing topology,crossing_90_d_3,16,0.09596841138676705,0.004273198639273374,0.3243225205386347
crossing topology,crossing_90_d_3,17,0.09805485584180122,0.010881787880881986,0.39462626614031304
crossing topology,crossing_90_d_3,18,0.09930060772726272,0.008932072943636788,0.3675179544720466
crossing topology,crossing_90_d_3,19,0.09397940300446389,0.014041205587189182,0.39451266636515886
crossing topology,crossing_90_d_3,20,0.10807589463721123,0.012909499385350446,0.3261186649366721
crossing topology,crossing_90_d_3,21,0.10816725013029459,0.003348592793367138,0.32130137439019074
crossing topology,crossing_90_d_3,22,0.09812828597561324,0.018881729649673665,0.30719990585255524
crossing topology,crossing_90_d_3,23,0.08497911888553736,0.005146645925646411,0.31782553625976145
crossing topology,crossing_90_d_3,24,0.09043888373345157,0.014109266322291425,0.3653934212258218
crossing topology,crossing_90_d_3,25,0.08734859870190576,0.008617319370702536,0.3547478999397871
crossing topology,crossing_90_d_3,26,0.09480640910626476,0.012541800486156598,0.3852888052042035
crossing topology,crossing_90_d_3,27,0.08840313781533295,0.009514507715269767,0.3503187755686898
crossing topology,crossing_90_d_3,28,0.07927043874771716,0.004699561308167938,0.366680621039418
crossing topology,crossing_90_d_3,29,0.09660597743118808,0.02757542664461131,0.34050736385535874
crossing topology,crossing_90_d_3,30,0.0958813361419404,0.006894590972698089,0.3391062727758438
crossing topology,crossing_90_d_3,31,0.10406278790086407,0.022942542701265174,0.32996724724345755
crossing topology,crossing_90_d_3,32,0.09938655388489119,0.004886400873298145,0.30526755660730837
crossing topology,crossing_90_d_3,33,0.08115886849301668,0.013596348416242065,0.3446637240781297
crossing topology,crossing_90_d_3,34,0.10341483451735055,0.02129940528813045,0.3629626204076922
crossing topology,crossing_90_d_3,35,0.10449820753888789,0.0005329647332655983,0.3933558041130581
crossing topology,crossing_90_d_3,36,0.11550276863775555,0.011136064736091833,0.31487816221129256
crossing topology,crossing_90_d_3,37,0.0909719500274243,0.014273542549769407,0.3224125639430728
crossing topology,crossing_90_d_3,38,0.0999036171640302,0.010959415079681864,0.3474137625990405
crossing topology,crossing_90_d_3,39,0.09967407319287647,0.021542256332811704,0.312339566855599
crossing topology,crossing_90_d_3,40,0.09781546048866635,0.004143823888111563,0.32889047048599584
crossing topology,crossing_90_d_3,41,0.08457271064451338,0.016179873018060405,0.397498876819503
crossing topology,crossing_90_d_3,42,0.0863602750936169,0.011530723454873404,0.32591591894134603
crossing topology,crossing_90_d_3,43,0.10358528215463371,0.011718064247870277,0.3731696814175546
crossing topology,crossing_90_d_3,44,0.11104929515610507,0.010792679823044821,0.3947382669855469
crossing topology,crossing_90_d_3,45,0.09184493366862766,0.0225452960658445,0.3091993862507137
crossing topology,crossing_90_d_3,46,0.10773678139086869,0.035282243594855205,0.344783911619409
crossing topology,crossing_90_d_3,47,0.11433779383170262,0.0025213948080755363,0.3187335090029267
crossing topology,crossing_90_d_3,48,0.07716870116934917,0.007005540976469293,0.2580717518859312
crossing topology,crossing_90_d_3,49,0.06931072223586726,0.006142606002934218,0.24207713824676466
crossing topology,crossing_90_d_3,50,0.052781906650853076,0.003305967267432739,0.2467083153317707
crossing topology,crossing_90_d_3,51,0.055642310897746676,0.008553710414559471,0.268525776083321
crossing topology,crossing_90_d_3,52,0.05787859833917847,0.008125829291281918,0.2433342153478154
crossing topology,crossing_90_d_3,53,0.0629557891787433,0.005869480802778686,0.30968171557171725
crossing topology,crossing_90_d_3,54,0.060021016404905356,-0.0007722966902353607,0.2702648677175705
crossing topology,crossing_90_d_3,55,0.06719653913721738,0.009096922333706263,0.26101984684284607
crossing topology,crossing_90_d_3,56,0.0564374252121232,0.002215901631151256,0.35609879534696914
crossing topology,crossing_90_d_5,0,0.11841819676689286,0.002646629030278142,0.5063563836571294
crossing topology,crossing_90_d_5,1,0.5509377405427162,1.691863839460416,0.5053975465605234
crossing topology,crossing_90_d_5,2,0.10897158433092674,0.0167738989609689,0.3975172023911847
crossing topology,crossing_90_d_5,3,0.1037372529669566,0.011217065480088136,0.40876647659647386
crossing topology,crossing_90_d_5,4,0.09780193700538925,0.0009584400122611592,0.3729499807596195
crossing topology,crossing_90_d_5,5,0.09038320446139697,-0.001511876742801412,0.42158795266162336
crossing topology,crossing_90_d_5,6,0.09302138612203428,-0.00646115847884001,0.4526038944716288
crossing topology,crossing_90_d_5,7,0.09329641726227789,0.008804043220001665,0.37228698589302256
crossing topology,crossing_90_d_5,8,0.0878245343655974,-0.001520652861825827,0.3596548019589786
crossing topology,crossing_90_d_5,9,0.07404034611063184,0.004045857645123992,0.32133892400615843
crossing topology,crossing_90_d_5,10,0.08713235176574746,0.003068547625039965,0.32616215762198775
crossing topology,crossing_90_d_5,11,0.08693000672993098,0.006717822203670384,0.33795016493104424
crossing topology,crossing_90_d_5,12,0.0915576664440085,0.006607425020485624,0.3620349540860792
crossing topology,crossing_90_d_5,13,0.08865341902983458,0.00033668377654275556,0.32749629655022316
crossing topology,crossing_90_d_5,14,0.07960030651003694,0.005542811192642445,0.3593387693283871
crossing topology,crossing_90_d_5,15,0.08334095063151842,0.007141858985668016,0.361789885666417
crossing topology,crossing_90_d_5,16,0.07935768320310248,0.0037135060820258814,0.3740495369016354
crossing topology,crossing_90_d_5,17,0.07638072886682762,0.00557796682576322,0.34898686744316443
crossing topology,crossing_90_d_5,18,0.0745362473097499,0.004352663577127177,0.34993438684373407
crossing topology,crossing_90_d_5,19,0.07138263411100318,-0.012723188844217172,0.4126293864039147
crossing topology,crossing_90_d_5,20,0.08050970636761234,0.0009052864692304141,0.3923995019205839
crossing topology,crossing_90_d_5,21,0.08139025000084955,0.0073891087655994685,0.35384920435537587
crossing topology,crossing_90_d_5,22,0.07881534464435251,-0.004150395923171722,0.3484201241892666
crossing topology,crossing_90_d_5,23,0.07607644630834293,-0.004411099582254738,0.3204181148697383
crossing topology,crossing_90_d_5,24,0.08050359296190078,0.0014851014486193556,0.366583383814836
crossing topology,crossing_90_d_5,25,0.07628826200713798,-0.004674706710935656,0.3407003229524568
crossing topology,crossing_90_d_5,26,0.0761207621452284,0.005780273267319341,0.2977002390594687
crossing topology,crossing_90_d_5,27,0.07723199567657538,0.007651461277401628,0.33696395124649275
crossing topology,crossing_90_d_5,28,0.07389984039070499,0.00848716166036287,0.3171517942294065
crossing topology,crossing_90_d_5,29,0.07440570404109427,0.0017542976279728939,0.3050424987242372
crossing topology,crossing_90_d_5,30,0.07910279600160648,0.0022080846676140052,0.3253822718735684
crossing topology,crossing_90_d_5,31,0.0777884044701029,0.01320766969480888,0.3211237563004018
crossing topology,crossing_90_d_5,32,0.07628728619206447,0.009924308277301647,0.31792680636646053
crossing topology,crossing_90_d_5,33,0.07981805684485316,0.00411720159723378,0.35140419215534535
crossing topology,crossing_90_d_5,34,0.07661373312536553,-0.0008459968343100114,0.33507937383116004
crossing topology,crossing_90_d_5,35,0.07769894668912104,0.00812198293269315,0.3221639380087527
crossing topology,crossing_90_d_5,36,0.0704598484319576,-0.004053547355480764,0.291944186410737
crossing topology,crossing_90_d_5,37,0.05868272575361969,0.004181430519265802,0.26957485902626593
crossing topology,crossing_90_d_5,38,0.04880939686987192,0.002710351590497622,0.24909537999404355
crossing topology,crossing_90_d_5,39,0.05063769165621893,-0.0002323760928513913,0.27146924869077377
crossing topology,crossing_90_d_5,40,0.05127062552937209,-1.687916504393627e-05,0.25823323599154235
crossing topology,crossing_90_d_5,41,0.052911651786318015,-0.005677588616641167,0.2576687786746553
crossing topology,crossing_90_d_5,42,0.07002500254788138,0.005970147034079044,0.19428863768293694
crossing topology,crossing_90_d_5,43,0.07033980242115931,0.001951030561495902,0.29609975372617453
crossing topology,crossing_90_d_6,0,0.12231496713760062,-0.004150628473692271,0.3822634297738811
crossing topology,crossing_90_d_6,1,0.11064712815770976,-0.012713934523883953,0.42726269620098045
crossing topology,crossing_90_d_6,2,0.11788968983533747,0.0027174065676242552,0.4087558980910785
crossing topology,crossing_90_d_6,3,0.0952006892661593,-0.004940461854511097,0.3733734888413578
crossing topology,crossing_90_d_6,4,0.08038892944040738,0.015476690565716501,0.382575097484092
crossing topology,crossing_90_d_6,5,0.08167195240288258,0.00527560763222794,0.3398899764697025
crossing topology,crossing_90_d_6,6,0.07073371205738074,0.0003910360204150881,0.33945889492199427
crossing topology,crossing_90_d_6,7,0.07448951905407092,0.003396890935055808,0.33948905268783736
crossing topology,crossing_90_d_6,8,0.06752697597263554,0.0017445744418468155,0.313006415127547
crossing topology,crossing_90_d_6,9,0.06860859795039506,5.228801732349679e-05,0.32607100979019443
crossing topology,crossing_90_d_6,10,0.07122493415629344,-0.0016668158804445886,0.3240841540428107
crossing topology,crossing_90_d_6,11,0.07071846673555851,0.005521946818737743,0.3195412733456537
crossing topology,crossing_90_d_6,12,0.06923193804576978,0.001706809629869197,0.34662787598175837
crossing topology,crossing_90_d_6,13,0.06745755844677818,0.010640164270272395,0.31751599010033915
crossing topology,crossing_90_d_6,14,0.06697297588933798,0.006963028965349402,0.32585578558103506
crossing topology,crossing_90_d_6,15,0.06748447218973723,0.0029679726837172323,0.32119134841156316
crossing topology,crossing_90_d_6,16,0.06293823649056728,-0.0020325452206896672,0.2863709685579066
crossing topology,crossing_90_d_6,17,0.06275679677620354,0.002363958090894715,0.30100855185291736
crossing topology,crossing_90_d_6,18,0.06334646855259178,0.0025736376468982656,0.30108973218930785
crossing topology,crossing_90_d_6,19,0.06920129104230817,0.0004557063473390342,0.29533136141018235
crossing topology,crossing_90_d_6,20,0.06446927412502342,0.003641673673464712,0.2913452282938353
crossing topology,crossing_90_d_6,21,0.06834259592206907,0.009359020751647965,0.3906834186518517
crossing topology,crossing_90_d_6,22,0.06804608449405941,0.0016186862535855842,0.31251170949804696
crossing topology,crossing_90_d_6,23,0.07122703496785386,0.010134706481010246,0.32779430138375537
crossing topology,crossing_90_d_6,24,0.0645482386529919,0.0038949639517226295,0.30520831740865756
crossing topology,crossing_90_d_6,25,0.06817900620134972,0.004552969915059805,0.3135796821218542
crossing topology,crossing_90_d_6,26,0.0682205658560152,0.00036307288973077206,0.33084761487313963
crossing topology,crossing_90_d_6,27,0.07285202972046377,0.009821721890167428,0.3792752197543793
crossing topology,crossing_90_d_6,28,0.07968553830134757,0.0049272605140382305,0.36150509014638005
crossing topology,crossing_90_d_6,29,0.07428500699206725,0.0013362640271141356,0.34262923897851705
crossing topology,crossing_90_d_6,30,0.07107128489483393,0.0048568468970965895,0.33496886165500156
crossing topology,crossing_90_d_6,31,0.07375402894280753,0.011748084473493587,0.35127133539977384
crossing topology,crossing_90_d_6,32,0.06970060675748273,0.002366899734517358,0.38518941650127275
crossing topology,crossing_90_d_6,33,0.07867321465767202,0.011875424603288031,0.3743229920193216
crossing topology,crossing_90_d_6,34,0.06641588078590603,0.006100741856456226,0.32229217405168836
crossing topology,crossing_90_d_6,35,0.05762119495473404,0.0012207141012664923,0.2562383837155537
crossing topology,crossing_90_d_6,36,0.049305662283317564,0.0024687890887278054,0.24284964276037427
crossing topology,crossing_90_d_6,37,0.04838639366365625,0.001781352830150462,0.25635077487804414
crossing topology,crossing_90_d_6,38,0.048771938739200035,-0.004529464780002552,0.2198168652226112
crossing topology,crossing_90_d_6,39,0.056573084155579746,-0.0007016469294729614,0.23524894761231163
crossing topology,crossing_90_d_6,40,0.10119953097645984,0.05408671852082345,0.268979692447776
crossing topology,crossing_90_d_7,0,0.10608745175898784,-0.028165220743708995,0.5164113060561021
crossing topology,crossing_90_d_7,1,0.09792864881630958,0.007494807966996654,0.47483377292344126
crossing topology,crossing_90_d_7,2,0.09334481546502421,-0.004596308532378576,0.39358399492045526
crossing topology,crossing_90_d_7,3,0.09278667221057244,-0.005702578684482218,0.40292971433549263
crossing topology,crossing_90_d_7,4,0.09124915774323883,0.00144293061570853,0.4065278733870529
crossing topology,crossing_90_d_7,5,0.07592565257071006,0.006876951514871597,0.32468485528137603
crossing topology,crossing_90_d_7,6,0.07660677999972056,-0.0076736313225984655,0.33633028270016246
crossing topology,crossing_90_d_7,7,0.07443942852883773,0.0030987285800420077,0.31112841095824
crossing topology,crossing_90_d_7,8,0.0725627651527423,-0.0019467990848094328,0.3240101844632922
crossing topology,crossing_90_d_7,9,0.07401295771474739,-0.006849141644777579,0.3649104489816912
crossing topology,crossing_90_d_7,10,0.07377303054211118,-0.0007300586599278026,0.3391590647571402
crossing topology,crossing_90_d_7,11,0.0692583299808156,0.006509352562130648,0.3125032695244419
crossing topology,crossing_90_d_7,12,0.06775744539038997,-0.00024338331520609713,0.31115891827394815
crossing topology,crossing_90_d_7,13,0.06520168675139126,0.00238876556972046,0.2945164812662464
crossing topology,crossing_90_d_7,14,0.06766003911674015,-0.002201934849193141,0.32706028623934263
crossing topology,crossing_90_d_7,15,0.0656542034293163,0.0009321370877355308,0.3112219867958035
crossing topology,crossing_90_d_7,16,0.0639403530960307,0.0018114326280226972,0.29921301606208744
crossing topology,crossing_90_d_7,17,0.060231848541757955,0.0066998958618973365,0.298179562644623
crossing topology,crossing_90_d_7,18,0.062127206626803315,-0.0004822566020789512,0.28194506664293545
crossing topology,crossing_90_d_7,19,0.06334944213358396,-0.0020484958399693645,0.29523294304017306
crossing topology,crossing_90_d_7,20,0.06228356930058711,-0.001826504794851848,0.299517745613584
crossing topology,crossing_90_d_7,21,0.06133406299248092,-0.0017353246131655757,0.29742142929217164
crossing topology,crossing_90_d_7,22,0.062392771751653885,-0.0008728438180162801,0.31270882438135367
crossing topology,crossing_90_d_7,23,0.06465181419320218,0.0020740017023198553,0.28153705669624574
crossing topology,crossing_90_d_7,24,0.06488726783800577,-0.001990782916385712,0.2838869903594234
crossing topology,crossing_90_d_7,25,0.06501407459994939,0.0053381094062627,0.31963497061304286
crossing topology,crossing_90_d_7,26,0.07044607925211376,-0.002668074448529497,0.3319516704547245
crossing topology,crossing_90_d_7,27,0.06753029409055794,-0.0031600104721106258,0.31261413568608604
crossing topology,crossing_90_d_7,28,0.06304426046295396,-0.002659300004982588,0.28980197049665946
crossing topology,crossing_90_d_7,29,0.06914244336294616,0.0015143155902315698,0.34322505162030015
crossing topology,crossing_90_d_7,30,0.07199054337682172,-0.008218798305435785,0.3239223505955779
crossing topology,crossing_90_d_7,31,0.07735356377323743,0.0021655710929101156,0.39014522558537207
crossing topology,crossing_90_d_7,32,0.07826500272740396,0.0008719037281011349,0.3330838618755462
crossing topology,crossing_90_d_7,33,0.07762094402324123,0.0009448147485471898,0.3504492849179768
crossing topology,crossing_90_d_7,34,0.066784498741481,0.004853320381275959,0.2800815777017726
crossing topology,crossing_90_d_7,35,0.053908579071681804,0.00290946253257262,0.2564665200193277
crossing topology,crossing_90_d_7,36,0.04683932000533049,0.004434369190734152,0.2427276512574669
crossing topology,crossing_90_d_7,37,0.050682476335429584,-0.0011203343471054422,0.25822648998669856
crossing topology,crossing_90_d_7,38,0.050632401654734066,-0.0032925551897200526,0.27559711451468316
crossing topology,crossing_90_d_7,39,0.05386449967541788,-0.00475183482991069,0.23082158078385
crossing topology,crossing_90_d_7,40,0.05128076817998802,0.012196496230808993,0.3203305598317957
crossing topology,crossing_90_d_7,41,0.061777458608546554,0.011038488696872295,0.3608582228848434
crossing topology,crossing_90_d_8,0,0.08303838034891348,-0.06729626340936266,0.4959958968648511
crossing topology,crossing_90_d_8,1,0.11355058694589477,-0.012740161605660744,0.41953915204352266
crossing topology,crossing_90_d_8,2,0.1028936016182845,-0.0013430048913022645,0.42325953523444587
crossing topology,crossing_90_d_8,3,0.09269018923955606,0.006939204823026686,0.3775563432618175
crossing topology,crossing_90_d_8,4,0.08145891983006279,-0.0019226333556668224,0.31868973842216
crossing topology,crossing_90_d_8,5,0.07681881684220149,-0.0017010499649403865,0.37879008107460005
crossing topology,crossing_90_d_8,6,0.06810338658290795,0.007508561691573361,0.37747487952789555
crossing topology,crossing_90_d_8,7,0.06506065202389792,0.006784571802784442,0.33182892177220413
crossing topology,crossing_90_d_8,8,0.06826379199926426,0.006719197964584712,0.32810551728309106
crossing topology,crossing_90_d_8,9,0.062282731456453355,0.009116183160502998,0.3382060188871389
crossing topology,crossing_90_d_8,10,0.06778649880213385,-0.0015437338930544698,0.3008564092254648
crossing topology,crossing_90_d_8,11,0.06667244350426879,0.006060593411625372,0.30834719820633616
crossing topology,crossing_90_d_8,12,0.0647280460224687,0.002885857670303051,0.3035111088943159
crossing topology,crossing_90_d_8,13,0.06793068993205283,0.009179523727218088,0.3495358413449451
crossing topology,crossing_90_d_8,14,0.06372648441502406,0.00036463091692699165,0.2750626795223234
crossing topology,crossing_90_d_8,15,0.06232722593806311,-0.0025673490654064064,0.2772322975835728
crossing topology,crossing_90_d_8,16,0.06549475987993218,0.0009047492318041035,0.2936396861499479
crossing topology,crossing_90_d_8,17,0.06521595934004089,0.006842092649059465,0.31782142120276313
crossing topology,crossing_90_d_8,18,0.06988044934000154,0.00035098347893022336,0.2936025173136137
crossing topology,crossing_90_d_8,19,0.06939765942647039,0.004286753757914301,0.26751676554166476
crossing topology,crossing_90_d_8,20,0.06902738943379969,0.004542665508304459,0.3081804250828814
crossing topology,crossing_90_d_8,21,0.07010898991933694,0.0026912853155616557,0.31808084534552106
crossing topology,crossing_90_d_8,22,0.06752230541929034,0.002501248643592726,0.2810100796757304
crossing topology,crossing_90_d_8,23,0.07046733827397027,0.003824397095142584,0.31532975093523496
crossing topology,crossing_90_d_8,24,0.06657913550989752,0.004518079971376033,0.34042744520277346
crossing topology,crossing_90_d_8,25,0.0665126675192727,-0.007642323450017888,0.34815259372538704
crossing topology,crossing_90_d_8,26,0.07100498142766633,-0.001810745825093585,0.32900449545717336
crossing topology,crossing_90_d_8,27,0.07607929087323545,0.0032529804254679225,0.3213607964031187
crossing topology,crossing_90_d_8,28,0.07403737725604222,-0.003921644709183656,0.38098549056413744
crossing topology,crossing_90_d_8,29,0.07779136363957771,0.0038613755685232938,0.3234648821445933
crossing topology,crossing_90_d_8,30,0.08714878215921966,0.035657931329928255,0.3267926433711505
crossing topology,crossing_90_d_8,31,0.09110477041942791,0.05271592383247418,0.32378702906482776
crossing topology,crossing_90_d_8,32,0.08829755607338848,0.003908631124887265,0.28008985860373475
crossing topology,crossing_90_d_8,33,0.06253778597115789,0.0023618894432191548,0.3041914553693107
crossing topology,crossing_90_d_8,34,0.04984501156995869,0.008421198344311544,0.22486688425587623
crossing topology,crossing_90_d_8,35,0.0588378703447392,-0.0025188125548759425,0.24481841519371605
crossing topology,crossing_90_d_8,36,0.05123950548363517,0.0065389227078091515,0.2262757125961158
crossing topology,crossing_90_d_8,37,0.05023136294621278,-0.01132180183153419,0.195130421692118
crossing topology,crossing_90_e_1,0,0.10989107495197802,0.00011505160066609729,0.21391543882202665
crossing topology,crossing_90_e_1,1,0.10716412490532881,0.03975677565490372,0.3287552344198641
crossing topology,crossing_90_e_1,2,0.15455533825050885,0.06921957195222768,0.37452155860140435
crossing topology,crossing_90_e_1,3,0.12341976057495946,0.0328202465039549,0.3490368327226213
crossing topology,crossing_90_e_1,4,0.0982991340719835,0.03956037611042779,0.41187919233945847
crossing topology,crossing_90_e_1,5,0.11452880279472767,-0.015422014283066322,0.3089805143070645
crossing topology,crossing_90_e_1,6,0.10679289178118222,0.011902018985978804,0.36061230888787815
crossing topology,crossing_90_e_1,7,0.11606648500345765,0.02479527915510536,0.37092054898746085
crossing topology,crossing_90_e_1,8,0.14475532029271998,0.029083203327173943,0.29114355476556186
crossing topology,crossing_90_e_1,9,0.11476793151512148,0.015743671585089148,0.3551989299732489
crossing topology,crossing_90_e_1,10,0.15577544722668624,0.057286855825668184,0.384181572577215
crossing topology,crossing_90_e_1,11,0.12901775203549468,0.0025841197032660077,0.3427865368092893
crossing topology,crossing_90_e_1,12,0.15489006456037707,0.0582485711754961,0.4309227951339972
crossing topology,crossing_90_e_1,13,0.12981356111427383,0.014089842829050833,0.31749408350136005
crossing topology,crossing_90_e_1,14,0.14057236277721474,0.01439007544734766,0.3684788384407081
crossing topology,crossing_90_e_1,15,0.12658526491156608,0.009467831746086395,0.27566148322859485
crossing topology,crossing_90_e_1,16,0.10534891572637546,0.028008955423094745,0.24327427427142712
crossing topology,crossing_90_e_1,17,0.13153964654041253,0.02872837472012916,0.35848353922343423
crossing topology,crossing_90_e_1,18,0.11359601137726494,0.015093826381183473,0.34025374493862576
crossing topology,crossing_90_e_1,19,0.12854738399507495,0.05783379953124872,0.40079908995826397
crossing topology,crossing_90_e_1,20,0.17222495637770432,0.026213525449810815,0.3076533895379802
crossing topology,crossing_90_e_1,21,0.14682796400726825,0.040538778814786035,0.27688179503539334
crossing topology,crossing_90_e_1,22,0.10000025869989701,0.0306483162825471,0.3269252817453725
crossing topology,crossing_90_e_1,23,0.12517231429849227,0.037440287013842125,0.45222381822742413
crossing topology,crossing_90_e_1,24,0.1623716062044437,0.019648425654273275,0.3637996819827469
crossing topology,crossing_90_e_1,25,0.15755143162928734,0.03976336804466866,0.2980891814863852
crossing topology,crossing_90_e_1,26,0.1600090171298817,0.06467075297092646,0.3642689148557953
crossing topology,crossing_90_e_1,27,0.13203847426835869,0.017373706869939914,0.4094979454091657
crossing topology,crossing_90_e_1,28,0.11738294221353182,0.03279208517293593,0.33014564131496343
crossing topology,crossing_90_e_1,29,0.10780772967688086,0.018735930014131652,0.23745884793398994
crossing topology,crossing_90_e_1,30,0.10548207188773148,0.006691896105789094,0.41046696486092343
crossing topology,crossing_90_e_1,31,0.11819948735945865,0.013112789995770627,0.3033732651669094
crossing topology,crossing_90_e_1,32,0.14158543808317323,0.03372849056617267,0.267391392959844
crossing topology,crossing_90_e_1,33,0.15277668638406783,-0.021043536760424305,0.469622779732772
crossing topology,crossing_90_e_1,34,0.12248874148881474,-0.0015211149903443567,0.34500706106156404
crossing topology,crossing_90_e_1,35,0.16395062363774782,-0.008299262919551728,0.42054604558864295
crossing topology,crossing_90_e_1,36,0.10169170158099977,-0.00495064872700543,0.3169249342319175
crossing topology,crossing_90_e_1,37,0.07774298504371528,-0.0006495995841338617,0.347404350997252
crossing topology,crossing_90_e_1,38,0.08214792028597297,0.0006638571144742659,0.35041385540281067
crossing topology,crossing_90_e_1,39,0.09467259065296281,-0.004355601687316189,0.3823660553681428
crossing topology,crossing_90_e_1,40,0.08461048632423752,-0.005941636978444372,0.3317689784334535
crossing topology,crossing_90_e_1,41,0.07681959189351689,-0.0019386871795687391,0.37145990353834946
crossing topology,crossing_90_e_1,42,0.07786023803151236,0.000280777542150253,0.29859280171031305
crossing topology,crossing_90_e_1,43,0.06814857282907016,0.0022873655906656275,0.3130948040417907
crossing topology,crossing_90_e_1,44,0.06701042678427231,-0.0027994128259327673,0.31201260323047053
crossing topology,crossing_90_e_1,45,0.07319581044599577,-0.002319166145708403,0.29923014591695213
crossing topology,crossing_90_e_1,46,0.06649962684950901,0.0001775357589025421,0.3241086040507125
crossing topology,crossing_90_e_1,47,0.06914270894337007,0.0024470842414974535,0.3331389879536014
crossing topology,crossing_90_e_1,48,0.06840335490281112,0.0027151071243854004,0.3533439486608658
crossing topology,crossing_90_e_1,49,0.07540642621936111,-0.0012289752944336227,0.3622857746720991
crossing topology,crossing_90_e_1,50,0.0780092918414206,0.0014990085335406073,0.3146792636450121
crossing topology,crossing_90_e_1,51,0.07474466402234424,0.0029734334606207427,0.308949078929373
crossing topology,crossing_90_e_1,52,0.07329901641081435,0.0073546810562429505,0.30592537642812573
crossing topology,crossing_90_e_1,53,0.06713926069890354,0.00029120407225235073,0.33612283030013357
crossing topology,crossing_90_e_1,54,0.07528821248114216,0.0032505605113706984,0.31951491653849484
crossing topology,crossing_90_e_1,55,0.07085826973025615,0.000363705122526415,0.32667679783655623
crossing topology,crossing_90_e_1,56,0.07490105315885179,-0.0015282773988308136,0.317990182235972
crossing topology,crossing_90_e_1,57,0.07898186663582478,-0.0008404565874076043,0.3046294876764059
crossing topology,crossing_90_e_1,58,0.072146721409,-0.0009604594662390813,0.3113310962586197
crossing topology,crossing_90_e_1,59,0.07448256641588925,-0.006565050467413313,0.30912555044828555
crossing topology,crossing_90_e_1,60,0.07167747488846267,-0.0017786843225955102,0.30733707165509366
crossing topology,crossing_90_e_1,61,0.06514295712592767,-0.0004585579061664435,0.34957764069378067
crossing topology,crossing_90_e_1,62,0.06857631175738843,-0.002249903215173517,0.34193911216959205
crossing topology,crossing_90_e_1,63,0.0714019066724747,0.000797536006015767,0.35803148582839095
crossing topology,crossing_90_e_1,64,0.07819709881660868,0.001485301874794424,0.30024010433229964
crossing topology,crossing_90_e_1,65,0.0715932742127515,0.0036102127843219136,0.2520495105111824
crossing topology,crossing_90_e_1,66,0.06038776600416029,0.007636657278551896,0.24363799620346474
crossing topology,crossing_90_e_1,67,0.0582146137770685,0.0017779909639498253,0.2724384639051544
crossing topology,crossing_90_e_1,68,0.07019596688779715,0.0020061476105843433,0.19799196395780252
crossing topology,crossing_90_e_2,0,0.1314539395067749,0.053132576488341486,0.5053806237777524
crossing topology,crossing_90_e_2,1,0.190733833107676,0.05512021582600649,0.39600240415368215
crossing topology,crossing_90_e_2,2,0.13176375444595603,0.0011676740627925455,0.3691540869304583
crossing topology,crossing_90_e_2,3,0.15809731109894049,0.01935895791043413,0.3722061964669392
crossing topology,crossing_90_e_2,4,0.1381812649940328,0.03160205811325963,0.4078611079514224
crossing topology,crossing_90_e_2,5,0.12621619624566727,0.009908456772391461,0.38458633147534815
crossing topology,crossing_90_e_2,6,0.1309458101879782,-0.010743530595338191,0.499265012428018
crossing topology,crossing_90_e_2,7,0.13981331652102394,0.011078316315927551,0.5003387603190133
crossing topology,crossing_90_e_2,8,0.1579772865184802,0.0401871152014035,0.41563786793809077
crossing topology,crossing_90_e_2,9,0.12209352431724926,0.027284997879202466,0.4285208080377157
crossing topology,crossing_90_e_2,10,0.09408231851558031,0.0007708114667590627,0.37702543119058834
crossing topology,crossing_90_e_2,11,0.0870487206687292,0.0036048783596184003,0.365452478877322
crossing topology,crossing_90_e_2,12,0.10048823063879843,0.007990338043860084,0.417684975900266
crossing topology,crossing_90_e_2,13,0.1005775561998866,0.014794647497134824,0.37027393034846373
crossing topology,crossing_90_e_2,14,0.08271384552261216,0.010917456662712348,0.44215678153013105
crossing topology,crossing_90_e_2,15,0.10595458986942713,0.013847737816537925,0.38535981422055804
crossing topology,crossing_90_e_2,16,0.11232381643516157,0.008934482175774859,0.480252268223673
crossing topology,crossing_90_e_2,17,0.1350724793122178,0.03981108665525169,0.5269466541309303
crossing topology,crossing_90_e_2,18,0.14380632678165928,-0.0002203572796678846,0.5108067537461828
crossing topology,crossing_90_e_2,19,0.15241901768654298,0.030599868866227748,0.45419718813887183
crossing topology,crossing_90_e_2,20,0.0908898738569054,0.0014229300999149762,0.48391608331452424
crossing topology,crossing_90_e_2,21,0.12110209272266013,0.04620573609453982,0.47329997644610244
crossing topology,crossing_90_e_2,22,0.1280240043415034,0.01785853749007388,0.34712594564271176
crossing topology,crossing_90_e_2,23,0.11986319059780377,0.025773203625136472,0.3813354674613398
crossing topology,crossing_90_e_2,24,0.13424181178232497,0.013736515383845335,0.38077101455406376
crossing topology,crossing_90_e_2,25,0.11164381377639798,0.030073717251043474,0.30318725454517487
crossing topology,crossing_90_e_2,26,0.10963569703103908,0.006581220209752155,0.34674862850632543
crossing topology,crossing_90_e_2,27,0.10668828360397296,0.03184818748237139,0.33270732734242964
crossing topology,crossing_90_e_2,28,0.13780569999073194,0.018450418308086067,0.3365413586504648
crossing topology,crossing_90_e_2,29,0.1318344027478875,-0.016459496193775826,0.45132214386098596
crossing topology,crossing_90_e_2,30,0.13012674176308336,0.031617714458564275,0.42333018362024155
crossing topology,crossing_90_e_2,31,0.1445526241450299,0.022268475954809575,0.36922871887710057
crossing topology,crossing_90_e_2,32,0.12748438256978434,0.012306782357925946,0.3580523600823506
crossing topology,crossing_90_e_2,33,0.11340790089900453,0.021151828727480247,0.39350623136324164
crossing topology,crossing_90_e_2,34,0.11890742996484303,-0.015869132424398944,0.4641664531139145
crossing topology,crossing_90_e_2,35,0.11393171534931956,-0.01899350272419902,0.45272839141805066
crossing topology,crossing_90_e_2,36,0.11144237314233653,-0.010996436956598663,0.3967656672803924
crossing topology,crossing_90_e_2,37,0.12595888566210378,0.016524137059361912,0.39924405876077007
crossing topology,crossing_90_e_2,38,0.0871415624853398,0.0019163956345153597,0.4232800018740751
crossing topology,crossing_90_e_2,39,0.07952670068426929,0.004113518687902867,0.3475309568371606
crossing topology,crossing_90_e_2,40,0.08082903264588326,-0.0029324585393363713,0.3403561301328895
crossing topology,crossing_90_e_2,41,0.07487696731868074,-0.0010531177569862275,0.33633904025029937
crossing topology,crossing_90_e_2,42,0.07807512291078492,-0.005841843597501705,0.35581299131185845
crossing topology,crossing_90_e_2,43,0.07072602319083623,-0.003667360359595284,0.32843926789034256
crossing topology,crossing_90_e_2,44,0.07668522500045563,0.0038214558161950647,0.3411854588578485
crossing topology,crossing_90_e_2,45,0.07930349428735191,-0.003972631004033021,0.33444875148389036
crossing topology,crossing_90_e_2,46,0.07414564863184199,0.0035165358229238487,0.29456247002500263
crossing topology,crossing_90_e_2,47,0.06230745332824613,-0.006102786148688483,0.32525017275408635
crossing topology,crossing_90_e_2,48,0.07071983472053846,-0.0061082158593290465,0.3071882874843595
crossing topology,crossing_90_e_2,49,0.07771381603912465,-0.003947244810131166,0.33770898490729556
crossing topology,crossing_90_e_2,50,0.0774199899940439,-0.005597015034466073,0.3267280247472814
crossing topology,crossing_90_e_2,51,0.07929979842899015,-0.0043412791102404496,0.29600696314271585
crossing topology,crossing_90_e_2,52,0.0759673486440176,0.0005933184223902093,0.3489519892636068
crossing topology,crossing_90_e_2,53,0.0788140603466465,0.0015129096506507694,0.333755132871666
crossing topology,crossing_90_e_2,54,0.07493272462856189,0.001421648991444399,0.36081147541981234
crossing topology,crossing_90_e_2,55,0.0822826249023504,-0.0029437046081380526,0.3567413986045907
crossing topology,crossing_90_e_2,56,0.09033716447388469,-0.0016356806884422427,0.3951647759913889
crossing topology,crossing_90_e_2,57,0.0966290545050102,-0.0033957759250003014,0.39392638038845734
crossing topology,crossing_90_e_2,58,0.08402842033165502,-0.0096562220561609,0.3960944546198561
crossing topology,crossing_90_e_2,59,0.12908279889192564,0.00013130112415730248,0.44911540341045453
crossing topology,crossing_90_e_2,60,0.12923700644471636,-0.00442490845419988,0.3998555729187885
crossing topology,crossing_90_e_2,61,0.1305486322952726,0.042889147633411596,0.38063437223567825
crossing topology,crossing_90_e_2,62,0.09355236165560475,0.006580316046708193,0.21631551018559061
crossing topology,crossing_90_e_2,63,0.10451094676738518,0.0024966351807775003,0.20557875007482349
crossing topology,crossing_90_e_3,0,0.11036604219449453,0.006305380109602173,0.5877283194311177
crossing topology,crossing_90_e_3,1,0.16849007848351408,-0.039242975538125044,0.6354396747915214
crossing topology,crossing_90_e_3,2,0.1838834615803595,0.01733938417839221,0.6162170977895767
crossing topology,crossing_90_e_3,3,0.15926068630638815,-0.002513309874670289,0.43942618232879727
crossing topology,crossing_90_e_3,4,0.12078472571127283,-0.003128347784398409,0.5506370138605378
crossing topology,crossing_90_e_3,5,0.15107093882749723,-0.009428403060863724,0.42751080317558166
crossing topology,crossing_90_e_3,6,0.1152931848990561,-0.017773870068742648,0.4293213358413475
crossing topology,crossing_90_e_3,7,0.09689647891683498,0.01166946117634672,0.40997446119800063
crossing topology,crossing_90_e_3,8,0.11071476410832423,-0.0009166499429960355,0.41193303175030194
crossing topology,crossing_90_e_3,9,0.08809382247099419,-0.003958819942835724,0.35570114467340685
crossing topology,crossing_90_e_3,10,0.09507695809695618,-0.01905057169999197,0.41739902793721406
crossing topology,crossing_90_e_3,11,0.12360360061621262,0.014792633862311715,0.32321841336333657
crossing topology,crossing_90_e_3,12,0.0985959589155232,-0.005483156434979597,0.35371383648734783
crossing topology,crossing_90_e_3,13,0.10545947971680333,0.01607222238918892,0.39218966152441465
crossing topology,crossing_90_e_3,14,0.09907289473568749,0.010968511871361174,0.3785223804567889
crossing topology,crossing_90_e_3,15,0.09053770519212434,-0.002199079153367127,0.38254949753576717
crossing topology,crossing_90_e_3,16,0.09030560007702963,-0.012002055209796915,0.39514316910185543
crossing topology,crossing_90_e_3,17,0.08738556603750287,-0.010616688169060947,0.3690106958405781
crossing topology,crossing_90_e_3,18,0.08806415415063303,-0.004889057551401959,0.42251002569655094
crossing topology,crossing_90_e_3,19,0.09881895267313383,0.020155998996703988,0.44928761613444407
crossing topology,crossing_90_e_3,20,0.11294887942631822,-0.0008868026316036788,0.3978776044066094
crossing topology,crossing_90_e_3,21,0.10580289317898699,0.001572387313338476,0.35109798501916323
crossing topology,crossing_90_e_3,22,0.09044579589516621,-0.007471946752248248,0.3991822821305348
crossing topology,crossing_90_e_3,23,0.08802961867694022,-0.014316298622569874,0.4266882270660949
crossing topology,crossing_90_e_3,24,0.08426643855577132,0.012831118324588282,0.41401052474253863
crossing topology,crossing_90_e_3,25,0.09528261113043666,0.013486135927036067,0.3644763551481877
crossing topology,crossing_90_e_3,26,0.09073732568055425,-0.007446124131512627,0.39160611158392755
crossing topology,crossing_90_e_3,27,0.08989284316828364,-0.001695209110509139,0.43571347070196936
crossing topology,crossing_90_e_3,28,0.10761091051084205,-0.01965355418230597,0.4822434101317953
crossing topology,crossing_90_e_3,29,0.1192241871652707,0.0038891243296508976,0.4644605910008292
crossing topology,crossing_90_e_3,30,0.11602582026676417,0.021332428043128404,0.45617868055629845
crossing topology,crossing_90_e_3,31,0.08876303583213906,0.0017613341165591916,0.392545847997746
crossing topology,crossing_90_e_3,32,0.08630593420088621,0.0042100448326154545,0.36361887318111713
crossing topology,crossing_90_e_3,33,0.09220098778413828,0.002092916574597541,0.38112970303344346
crossing topology,crossing_90_e_3,34,0.0759985749690485,-0.0005145595273747974,0.40723263670568643
crossing topology,crossing_90_e_3,35,0.09182455257537304,-0.0002516810575191535,0.44520759558935935
crossing topology,crossing_90_e_3,36,0.08905828792885516,0.000982062606249437,0.35066617885302653
crossing topology,crossing_90_e_3,37,0.08368374570324043,0.004004758017978116,0.3555152088148155
crossing topology,crossing_90_e_3,38,0.08570641000387798,0.013855015220593476,0.3729641814598489
crossing topology,crossing_90_e_3,39,0.08922434294867125,-0.011109128981418191,0.3749040347417791
crossing topology,crossing_90_e_3,40,0.07947400946180833,-0.0021859094834970963,0.3290820495761865
crossing topology,crossing_90_e_3,41,0.07263398102885266,0.004577075276389582,0.3642914777639914
crossing topology,crossing_90_e_3,42,0.0798979925783263,0.007082147374446937,0.336437350583136
crossing topology,crossing_90_e_3,43,0.07265971183160687,0.016068526341274442,0.31722595051451696
crossing topology,crossing_90_e_3,44,0.07607329924824233,-0.0010617588747196,0.3163338598281297
crossing topology,crossing_90_e_3,45,0.07406827518379412,0.003628879360214749,0.32188012469735033
crossing topology,crossing_90_e_3,46,0.07413153473788467,-0.0036395371423165817,0.32503231815814615
crossing topology,crossing_90_e_3,47,0.07278098284887717,0.003518326650957765,0.35888782217598053
crossing topology,crossing_90_e_3,48,0.07796665343844504,0.006523995015922931,0.3416192998523319
crossing topology,crossing_90_e_3,49,0.08402183745121974,-0.001027207910540829,0.38474241021610905
crossing topology,crossing_90_e_3,50,0.08538899607673701,0.0029046892286430145,0.3657865604248541
crossing topology,crossing_90_e_3,51,0.09511067286321859,0.005797230117823514,0.3032576775635955
crossing topology,crossing_90_e_3,52,0.08796276064399854,0.008443486677600703,0.3111779315197091
crossing topology,crossing_90_e_3,53,0.061869688262011675,0.00563669258417828,0.2961225982294169
crossing topology,crossing_90_e_3,54,0.05007186962662852,0.0037057469052084744,0.3183677304218373
crossing topology,crossing_90_e_3,55,0.04536722824587809,-0.007387471058887683,0.3652965531707873
crossing topology,crossing_90_e_3,56,0.06115141793980459,-0.014965290938517478,0.28385534523187905
crossing topology,crossing_90_e_3,57,0.11457763642007274,-0.08782695872992581,0.4750872678631729
crossing topology,crossing_90_e_4,0,0.14927475018377462,-0.11701275955395957,0.9964562645174442
crossing topology,crossing_90_e_4,1,0.15201231294954068,-0.00441006959685763,0.5525134233528273
crossing topology,crossing_90_e_4,2,0.1255314386141942,0.07557102407794489,0.5168401213145745
crossing topology,crossing_90_e_4,3,0.1264633925075855,0.00652622870107528,0.4287682662164113
crossing topology,crossing_90_e_4,4,0.12893657659722196,0.011896283911346998,0.4043909156858726
crossing topology,crossing_90_e_4,5,0.11420069572080727,-0.018296318064973786,0.4834549819271616
crossing topology,crossing_90_e_4,6,0.11434444928148922,0.0009218678635731209,0.4138840769181472
crossing topology,crossing_90_e_4,7,0.10159190390447659,-0.01314160322778951,0.37849775039523975
crossing topology,crossing_90_e_4,8,0.0976804601713926,0.0012291098120976237,0.34837199112472744
crossing topology,crossing_90_e_4,9,0.08813415267403005,0.005293504676917621,0.3534771623567802
crossing topology,crossing_90_e_4,10,0.0869230874047668,-0.0022342689062818063,0.31235994474684026
crossing topology,crossing_90_e_4,11,0.0820011800660878,0.0037244675238126044,0.33029745675792677
crossing topology,crossing_90_e_4,12,0.0956485345743758,0.015466235849607938,0.3496435721277399
crossing topology,crossing_90_e_4,13,0.08882061062815717,-0.009289979667647661,0.3526132049045525
crossing topology,crossing_90_e_4,14,0.07915128099088874,0.008151645251455605,0.3778624273570515
crossing topology,crossing_90_e_4,15,0.07782747139368916,-0.004262299202173021,0.30908615230868647
crossing topology,crossing_90_e_4,16,0.08777606230470515,0.010087038663593426,0.34753638020755506
crossing topology,crossing_90_e_4,17,0.08456090084079369,-0.0024299407539133395,0.3710746749839616
crossing topology,crossing_90_e_4,18,0.08414105782836316,-0.0037687065692189195,0.40919426001959286
crossing topology,crossing_90_e_4,19,0.0859651174675328,0.013374390672512997,0.37611767036141325
crossing topology,crossing_90_e_4,20,0.08221112123098308,0.0014568073530030307,0.316203864628461
crossing topology,crossing_90_e_4,21,0.08759100765528338,0.008164046550933331,0.36536734112869446
crossing topology,crossing_90_e_4,22,0.09000821189908066,-0.0017890576783836773,0.3640772288918758
crossing topology,crossing_90_e_4,23,0.12192411755811429,0.020187106577746243,0.3860003750422236
crossing topology,crossing_90_e_4,24,0.0949282028618112,-0.002844298380680592,0.34556987643248815
crossing topology,crossing_90_e_4,25,0.08217119096803702,0.01178538319119753,0.34409383803829663
crossing topology,crossing_90_e_4,26,0.07420031822358886,-0.0028663746521019103,0.3572314184080348
crossing topology,crossing_90_e_4,27,0.07922752525883806,-0.002096368460473111,0.3037967910733993
crossing topology,crossing_90_e_4,28,0.07945455992415387,-0.002277351395526562,0.31234744186559066
crossing topology,crossing_90_e_4,29,0.0791461660449119,0.009076400286976413,0.39914271093173165
crossing topology,crossing_90_e_4,30,0.07961444076068555,-0.0018164171813189291,0.2989631502713266
crossing topology,crossing_90_e_4,31,0.06900609954370598,-0.0014676706857631582,0.3374576356622467
crossing topology,crossing_90_e_4,32,0.07429117485204387,-3.792356504072108e-05,0.27837577445281086
crossing topology,crossing_90_e_4,33,0.06843949395159564,-0.005002057635639985,0.3169248426298537
crossing topology,crossing_90_e_4,34,0.07720665486951005,0.008181878928873208,0.31771362899466066
crossing topology,crossing_90_e_4,35,0.08494511427911554,-0.00763260035157465,0.3488471669584261
crossing topology,crossing_90_e_4,36,0.08297573588700985,-0.00283392492547243,0.3332655816351276
crossing topology,crossing_90_e_4,37,0.07934359950261598,0.009017074378424144,0.28634262638221575
crossing topology,crossing_90_e_4,38,0.08482696116656703,-0.011834016837075396,0.3339981105318176
crossing topology,crossing_90_e_4,39,0.0794739300387579,-0.003373449405927084,0.381899686066494
crossing topology,crossing_90_e_4,40,0.07541146302507026,-0.007112547589409741,0.3659106286582862
crossing topology,crossing_90_e_4,41,0.0842015406904403,-0.009830366289352141,0.3918147311560674
crossing topology,crossing_90_e_4,42,0.08318702604306849,-0.008222211901869328,0.4118578813161963
crossing topology,crossing_90_e_4,43,0.09290795369958348,-0.005783771157857296,0.35564861855647634
crossing topology,crossing_90_e_4,44,0.07913769997975845,-0.011614617805031507,0.3593127884846073
crossing topology,crossing_90_e_4,45,0.07163609421008794,0.013302278682731117,0.35078203333502495
crossing topology,crossing_90_e_4,46,0.07368864295630487,-0.0052319675391471554,0.32707214306911614
crossing topology,crossing_90_e_4,47,0.08369968943333579,-0.002946747574296627,0.3670789201677276
crossing topology,crossing_90_e_4,48,0.08567804616456313,0.001700537311079205,0.3415074674506489
crossing topology,crossing_90_e_4,49,0.07489741136331615,0.004158526487511311,0.37683763861503977
crossing topology,crossing_90_e_4,50,0.0882202012705586,0.0006625243601154526,0.4042179022630376
crossing topology,crossing_90_e_4,51,0.08567548257263938,0.002993590805182267,0.3631517242833939
crossing topology,crossing_90_e_4,52,0.08619341450091612,-0.0008608770663115192,0.34561191045276907
crossing topology,crossing_90_e_4,53,0.09461972100583516,0.0018256766996730637,0.3891558791986955
crossing topology,crossing_90_e_4,54,0.11221692553117237,-0.009927228706863104,0.37615663770096247
crossing topology,crossing_90_e_4,55,0.11631751866787533,0.032332642756034424,0.34680662573948995
crossing topology,crossing_90_e_4,56,0.10727697708677446,0.015339903230771319,0.28102068891250165
crossing topology,crossing_90_e_4,57,0.07740087061138799,0.0032860597991691506,0.27935028885186636
crossing topology,crossing_90_e_4,58,0.07115556363328866,0.012953599775738534,0.2641153308141851
crossing topology,crossing_90_e_5,0,0.10992159702493856,0.03271375036292023,0.3784272732916091
crossing topology,crossing_90_e_5,1,0.11072327842650079,-0.02011914026566338,0.5002211268379241
crossing topology,crossing_90_e_5,2,0.11410068231345136,-0.01569621464508546,0.475641904879295
crossing topology,crossing_90_e_5,3,0.10564209261783955,0.004439075013068776,0.41376652231984895
crossing topology,crossing_90_e_5,4,0.1049264997715619,0.0008465882202054117,0.43216892018190584
crossing topology,crossing_90_e_5,5,0.08772754483357156,0.012787033972659454,0.41798449451325764
crossing topology,crossing_90_e_5,6,0.10366853635047786,-0.009579172380367932,0.3673102828049518
crossing topology,crossing_90_e_5,7,0.08274431743855709,-0.011632164554758555,0.39152052550610544
crossing topology,crossing_90_e_5,8,0.08783858395389564,-0.0019528758436672651,0.32290571146153535
crossing topology,crossing_90_e_5,9,0.08109775836138094,-0.004092419050536305,0.33246713794376703
crossing topology,crossing_90_e_5,10,0.07877661554577642,-0.0035033938658135303,0.3491419200098027
crossing topology,crossing_90_e_5,11,0.07618970026377467,-0.010373117454721534,0.3711243396395712
crossing topology,crossing_90_e_5,12,0.08401211256045642,0.007115127104151401,0.349769122232626
crossing topology,crossing_90_e_5,13,0.07855296388910636,-0.010692859559203512,0.3441812396752918
crossing topology,crossing_90_e_5,14,0.08076034615110428,-0.001644566155412737,0.33042913218300113
crossing topology,crossing_90_e_5,15,0.08274891910558986,-0.0020910008381243668,0.3118703688242072
crossing topology,crossing_90_e_5,16,0.07993369609218051,0.004020837017997697,0.29615627905638725
crossing topology,crossing_90_e_5,17,0.07560406264972162,-0.005058696241278047,0.29936156805494496
crossing topology,crossing_90_e_5,18,0.07546485931912945,-0.006770607042683838,0.3384442867578246
crossing topology,crossing_90_e_5,19,0.07281413812817886,0.004496687882543177,0.33448811588626265
crossing topology,crossing_90_e_5,20,0.07022937695660696,-0.004095891894291514,0.3153759233125871
crossing topology,crossing_90_e_5,21,0.07186678841068048,-0.00853472772245729,0.3320111081886
crossing topology,crossing_90_e_5,22,0.0755784075024304,0.0013464236513413535,0.36468429337116437
crossing topology,crossing_90_e_5,23,0.07370167349868036,-0.0006313157317943143,0.3351242005664212
crossing topology,crossing_90_e_5,24,0.07406274204514861,-0.004289165287021296,0.313795294736427
crossing topology,crossing_90_e_5,25,0.07768573476581207,0.0014589045439266572,0.31468906787669915
crossing topology,crossing_90_e_5,26,0.07073750097770248,-0.006464320516468444,0.3238946387931285
crossing topology,crossing_90_e_5,27,0.08076473777532406,0.00785275331530054,0.3092878621841111
crossing topology,crossing_90_e_5,28,0.07175810801485921,0.0007042666411906161,0.3096414851721383
crossing topology,crossing_90_e_5,29,0.0710147106441703,0.00850641467710995,0.3444468096579976
crossing topology,crossing_90_e_5,30,0.07555438680350852,0.006385993383214785,0.3043364467187771
crossing topology,crossing_90_e_5,31,0.07633232202713856,0.006765486119351585,0.3539281325119329
crossing topology,crossing_90_e_5,32,0.075327118280253,0.004379506818337485,0.34690213499089634
crossing topology,crossing_90_e_5,33,0.07206660522186496,-0.007258974603741244,0.3310075292211056
crossing topology,crossing_90_e_5,34,0.07415614417354523,-0.005201424732967178,0.34165441192563323
crossing topology,crossing_90_e_5,35,0.07255236588164156,0.002932949362977617,0.3255438347309647
crossing topology,crossing_90_e_5,36,0.06975827578652041,0.00037188047681955617,0.32148696781839
crossing topology,crossing_90_e_5,37,0.07946041937675959,-0.00041402733384328757,0.3208993106000955
crossing topology,crossing_90_e_5,38,0.07413411829387699,-0.0016845499630355426,0.3481520364651528
crossing topology,crossing_90_e_5,39,0.07732536784865467,-0.009060165911344679,0.3346399129716288
crossing topology,crossing_90_e_5,40,0.08506352847584828,-0.0014185424215803623,0.36016589036694213
crossing topology,crossing_90_e_5,41,0.08253043075992614,-0.004324442131542976,0.3283836489717724
crossing topology,crossing_90_e_5,42,0.07310650718736476,-0.00466698499098303,0.3104976379317984
crossing topology,crossing_90_e_5,43,0.07052506470113698,-0.008085522564246562,0.3122119563056769
crossing topology,crossing_90_e_5,44,0.07458266953792748,-0.004689488101579077,0.3161202973699887
crossing topology,crossing_90_e_5,45,0.06993654141696984,-0.0007710201195079148,0.3334612598736874
crossing topology,crossing_90_e_5,46,0.07647948845207744,0.004225873676327303,0.32874801580234414
crossing topology,crossing_90_e_5,47,0.07424299966964926,0.006667897889639088,0.33083327647047206
crossing topology,crossing_90_e_5,48,0.07313203345772558,-0.0023370082868981313,0.33926753410421556
crossing topology,crossing_90_e_5,49,0.09148187860504374,0.010081714971430079,0.3296845883727909
crossing topology,crossing_90_e_5,50,0.10024271622208619,-0.0049769637275483315,0.4067403382663194
crossing topology,crossing_90_e_5,51,0.11235782122491259,0.001464127185223303,0.4953971875571015
crossing topology,crossing_90_e_5,52,0.0954290153040517,-0.0207976622395852,0.41779100564703403
crossing topology,crossing_90_e_5,53,0.07504926103200635,0.005315632415592098,0.25110084087751045
crossing topology,crossing_90_e_5,54,0.0593983621289106,0.0018833595211357427,0.18109351038217478
crossing topology,crossing_90_e_5,55,0.056937671431903855,0.006345476855745021,0.09421771904903953
crossing topology,crossing_90_e_6,0,0.12248773001635202,-0.016545527157281463,0.383187125958229
crossing topology,crossing_90_e_6,1,0.12147707208849398,-0.021458563046273943,0.4321557893512585
crossing topology,crossing_90_e_6,2,0.09953543400481783,0.0018338143027596156,0.35197891723154856
crossing topology,crossing_90_e_6,3,0.08560103952494982,0.003735666181378169,0.40923801415222466
crossing topology,crossing_90_e_6,4,0.09158652277464412,-0.003928060349671039,0.3714781147675596
crossing topology,crossing_90_e_6,5,0.08736004300948248,-0.007065464843005376,0.3200580229500358
crossing topology,crossing_90_e_6,6,0.07206150920530817,0.004188618614939954,0.32798081532298373
crossing topology,crossing_90_e_6,7,0.06827483887576688,0.007783231554104291,0.34219424971927
crossing topology,crossing_90_e_6,8,0.07056617359194779,0.0018635842395448683,0.36543381276994663
crossing topology,crossing_90_e_6,9,0.06672570589491392,0.002969829651047129,0.30166434188060914
crossing topology,crossing_90_e_6,10,0.07451507472370307,0.009353872378132452,0.32027795626408767
crossing topology,crossing_90_e_6,11,0.0709615426198415,0.0007390700294147854,0.3323093494678743
crossing topology,crossing_90_e_6,12,0.06705716253529143,0.009493903407800045,0.3102510392347925
crossing topology,crossing_90_e_6,13,0.07843293902311853,-0.003119414465798475,0.33718922361046916
crossing topology,crossing_90_e_6,14,0.07063858956257453,0.0027773320769460983,0.3750876049528108
crossing topology,crossing_90_e_6,15,0.07956536733087971,0.001370040744294894,0.339341770930431
crossing topology,crossing_90_e_6,16,0.07597662089802076,0.003955540813349914,0.33635043257646347
crossing topology,crossing_90_e_6,17,0.0765476588417118,0.0043021255062918986,0.38585201674812225
crossing topology,crossing_90_e_6,18,0.08560509237184696,-0.002530562005087653,0.32063492083273765
crossing topology,crossing_90_e_6,19,0.0819506114299785,0.006879463454352667,0.37515680897983383
crossing topology,crossing_90_e_6,20,0.0904670324840317,0.0027924909851723165,0.34019412435665153
crossing topology,crossing_90_e_6,21,0.08007305198202137,-0.002058998845537697,0.32757667471953583
crossing topology,crossing_90_e_6,22,0.07391338727136952,-2.1469282955892994e-06,0.3112101097545455
crossing topology,crossing_90_e_6,23,0.0839312618360275,0.010257043970371105,0.3039379745301183
crossing topology,crossing_90_e_6,24,0.07524831073198955,0.0041572827021364505,0.30864820752146815
crossing topology,crossing_90_e_6,25,0.07607249969654438,0.0029158332479500004,0.3066164256013452
crossing topology,crossing_90_e_6,26,0.08082598790510442,0.013114949176176316,0.32515139498769513
crossing topology,crossing_90_e_6,27,0.07600835665263378,0.006389613481807238,0.3199628587151952
crossing topology,crossing_90_e_6,28,0.08105941850038918,0.0015438675160811103,0.3023397015811184
crossing topology,crossing_90_e_6,29,0.07975857592812582,-0.010936222935792737,0.3502962960096716
crossing topology,crossing_90_e_6,30,0.07761913867273415,0.008016874666306432,0.3115975822141029
crossing topology,crossing_90_e_6,31,0.06937460991708923,0.00712281513328779,0.26158407314742876
crossing topology,crossing_90_e_6,32,0.07366940805401422,0.005316052310737908,0.33916266113135546
crossing topology,crossing_90_e_6,33,0.0748651770852975,0.006842083302588843,0.34298278582579894
crossing topology,crossing_90_e_6,34,0.07845453678010302,0.01216151706264452,0.376612120694193
crossing topology,crossing_90_e_6,35,0.08052091598339874,0.006142804769354201,0.3559092807677044
crossing topology,crossing_90_e_6,36,0.08663141538169654,-0.008696383072912045,0.34886011519657417
crossing topology,crossing_90_e_6,37,0.0886385573137312,-0.001344630346603946,0.3606440814864103
crossing topology,crossing_90_e_6,38,0.08911181318643661,-0.001109217897602048,0.39002975949567353
crossing topology,crossing_90_e_6,39,0.08227290492041837,-0.00018783733691239205,0.41269807140004156
crossing topology,crossing_90_e_6,40,0.09433199991132377,0.01032089359054514,0.4126110537867847
crossing topology,crossing_90_e_6,41,0.07699913552471864,0.0047460089200652466,0.30171878746403336
crossing topology,crossing_90_e_6,42,0.06972960882824396,0.0027739874270373984,0.30413758205068725
crossing topology,crossing_90_e_6,43,0.06973123360024791,0.0007715886955842476,0.31585055330980627
crossing topology,crossing_90_e_6,44,0.06353941450758098,0.006968558132107375,0.2690164158213857
crossing topology,crossing_90_e_6,45,0.059805208860997716,0.006320534786454523,0.2767572384694683
crossing topology,crossing_90_e_6,46,0.05398729343265248,-0.007320295798899945,0.279984991050506
crossing topology,crossing_90_e_6,47,0.08544142427248158,0.004374779287200474,0.3280020030392193
crossing topology,crossing_90_e_6,48,0.07525050876347897,0.03461025988867719,0.3535909653391967
