dataset,run,model,parameters,speed_cap_mps,vector_rmse_mps,displacement_mae_m,speed_mae_mps,median_angle_deg,vector_r2,samples,predicted_contact_rate,false_contact_rate,compared_pairs
calibration,bi_corr_400_a_01,constant_velocity,0,100.0,0.22358191885252116,0.07918200145516824,0.07554943134288883,13.61364106547188,0.9056566997405936,6000.0,0.009589411129119395,0.006032775076535206,22212.0
calibration,bi_corr_400_a_01,social_force,4,100.0,0.21159925931302767,0.0751474965517321,0.07329032861353213,12.836391618220617,0.9154981936902402,6000.0,0.009139204033855574,0.005537547271745003,22212.0
calibration,bi_corr_400_a_01,isotropic_constrained,4,100.0,0.21159925940140933,0.07514749659689442,0.07329032867411196,12.83639152264127,0.91549819361965,6000.0,0.009139204033855574,0.005537547271745003,22212.0
calibration,bi_corr_400_a_01,isotropic_unconstrained,4,100.0,0.21159925940140933,0.07514749659689442,0.07329032867411196,12.83639152264127,0.91549819361965,6000.0,0.009139204033855574,0.005537547271745003,22212.0
calibration,bi_corr_400_a_01,shared_goal_frame,6,100.0,0.20425103581633125,0.0724208745838237,0.07100671035757473,12.256938496269278,0.9212652883142843,6000.0,0.008463893390959841,0.004997298757428417,22212.0
calibration,bi_corr_400_a_01,decoupled_scalar_geometry,8,100.0,0.2054717341882078,0.07280642961460584,0.07145830476383346,12.290694208057129,0.9203213661764544,6000.0,0.008688996938591752,0.005132360886007563,22212.0
calibration,bi_corr_400_a_01,tensor_persistence_only,2,100.0,0.18978943698041092,0.06683698524330241,0.07600491992044532,11.057476451253063,0.9320199028164834,6000.0,0.007203313524221142,0.0038717810192688638,22212.0
calibration,bi_corr_400_a_01,tensor_no_isotropic,8,100.0,0.18708980120172827,0.06563868137206506,0.07130027795575726,10.79902488535089,0.9339400967569219,6000.0,0.006978209976589231,0.003556636052584189,22212.0
calibration,bi_corr_400_a_01,tensor_no_forward,8,100.0,0.18621731984560524,0.06534166744041994,0.07292495498602816,10.69458849541248,0.9345547924016147,6000.0,0.006798127138483702,0.0034215739240050424,22212.0
calibration,bi_corr_400_a_01,tensor_no_closing,8,100.0,0.187085901942992,0.06583992844221846,0.07103412942526614,10.954483764752307,0.93394285032199,6000.0,0.006843147848010085,0.003556636052584189,22212.0
calibration,bi_corr_400_a_01,tensor_no_wall,9,100.0,0.18569069363210697,0.0651358064946302,0.0712412682201844,10.706862924333054,0.9349244296386084,6000.0,0.006888168557536467,0.0035116153430578066,22212.0
calibration,bi_corr_400_a_01,tensor_response,10,100.0,0.18549874530258542,0.06508458516579287,0.0712367205343292,10.713219509808958,0.935058897238839,6000.0,0.006933189267062849,0.003601656762110571,22212.0
calibration,bi_corr_400_a_01,tensor_without_cap,10,100.0,0.18549874530258542,0.06508458516579287,0.0712367205343292,10.713219509808958,0.935058897238839,6000.0,0.006933189267062849,0.003601656762110571,22212.0
calibration,bi_corr_400_a_01,unrestricted_ten_scalar,22,100.0,0.18280326581728928,0.06395278734752226,0.07125308395086448,10.494640973843625,0.9369325013358971,6000.0,0.0066630650099045565,0.0033315325049522782,22212.0
calibration,bi_corr_400_a_01,invariant_ridge,26,100.0,0.18267461075381886,0.0639451082654359,0.07084198904255977,10.488772234274252,0.9370212426146574,6000.0,0.006798127138483702,0.0034665946335314243,22212.0
calibration,bi_corr_400_a_01,interaction_mlp,18434,100.0,0.16188259945391303,0.05570496819054264,0.06848018764594965,7.887043067525058,0.9505418297425714,6000.0,0.0063929407527462635,0.002971366828741221,22212.0
calibration,bi_corr_400_a_01,goal_stable_neural,18434,100.0,0.16189523624994662,0.055709929062512875,0.0684799094020407,7.888261747218202,0.9505341078848081,6000.0,0.0063929407527462635,0.002971366828741221,22212.0
calibration,bi_corr_400_a_01,tensor_residual,18700,100.0,0.16192815857339868,0.05593372188631262,0.06645363817814681,8.050373296814886,0.9505139874943204,6000.0,0.0058526922384296775,0.0025661804430037816,22212.0
calibration,bi_corr_400_a_01,tensor_residual_ungated,18700,100.0,0.16192815857339868,0.05593372188631262,0.06645363817814681,8.050373296814886,0.9505139874943204,6000.0,0.0058526922384296775,0.0025661804430037816,22212.0
calibration,bi_corr_400_a_01,gel_ped,37134,100.0,0.16072813456468565,0.05540516770866343,0.06681398675963204,7.945544120668748,0.9512447357398057,6000.0,0.006257878624167117,0.0028363047001620746,22212.0
calibration,bi_corr_400_a_02,constant_velocity,0,100.0,0.22460998518739522,0.07865145850617555,0.08232491280586188,20.99245600413942,0.7899878861256707,6000.0,0.01842014487754398,0.008830631252155916,14495.0
calibration,bi_corr_400_a_02,social_force,4,100.0,0.21726661750934123,0.07630674558133589,0.08082895667977283,19.79693683085209,0.8034956203790561,6000.0,0.017799241117626766,0.008347706105553639,14495.0
calibration,bi_corr_400_a_02,isotropic_constrained,4,100.0,0.21726661743008993,0.07630674559795597,0.08082895668133082,19.79693705927982,0.803495620522412,6000.0,0.017799241117626766,0.008347706105553639,14495.0
calibration,bi_corr_400_a_02,isotropic_unconstrained,4,100.0,0.21726661743008993,0.07630674559795597,0.08082895668133082,19.79693705927982,0.803495620522412,6000.0,0.017799241117626766,0.008347706105553639,14495.0
calibration,bi_corr_400_a_02,shared_goal_frame,6,100.0,0.21244876471520405,0.07396942126858826,0.07928927693211682,19.257518607999387,0.8121139014613821,6000.0,0.017247326664367024,0.007657813038978958,14495.0
calibration,bi_corr_400_a_02,decoupled_scalar_geometry,8,100.0,0.21481649087456758,0.07463737311568035,0.07816233702856051,19.299346404719778,0.8079026102056309,6000.0,0.017109348051052086,0.007726802345636426,14495.0
calibration,bi_corr_400_a_02,tensor_persistence_only,2,100.0,0.20094478104475758,0.06952622740457534,0.08701402746339396,18.409721360790098,0.8319108464501951,6000.0,0.01628147637116247,0.007105898585719214,14495.0
calibration,bi_corr_400_a_02,tensor_no_isotropic,8,100.0,0.1984470889203759,0.06827037389738576,0.08275399377121023,17.524846677274066,0.8360634871150031,6000.0,0.01586754053121766,0.006484994825802001,14495.0
calibration,bi_corr_400_a_02,tensor_no_forward,8,100.0,0.19775237264728593,0.06811726212697376,0.08299547508630135,17.109031815725512,0.8372092838513064,6000.0,0.015798551224560194,0.006347016212487065,14495.0
calibration,bi_corr_400_a_02,tensor_no_closing,8,100.0,0.1993034912025072,0.06885324966709165,0.08294784672757796,18.14643383953919,0.8346454915726371,6000.0,0.016143497757847534,0.0068299413590893416,14495.0
calibration,bi_corr_400_a_02,tensor_no_wall,9,100.0,0.19705011559225522,0.06781148472153994,0.08274977031373541,17.156376659188716,0.8383634337558387,6000.0,0.015729561917902726,0.006347016212487065,14495.0
calibration,bi_corr_400_a_02,tensor_response,10,100.0,0.19717301979803548,0.06780671489846506,0.08273305733845747,17.160883655994255,0.838161738779942,6000.0,0.01586754053121766,0.006484994825802001,14495.0
calibration,bi_corr_400_a_02,tensor_without_cap,10,100.0,0.19717301979803548,0.06780671489846506,0.08273305733845747,17.160883655994255,0.838161738779942,6000.0,0.01586754053121766,0.006484994825802001,14495.0
calibration,bi_corr_400_a_02,unrestricted_ten_scalar,22,100.0,0.19420168777281455,0.06653426310405562,0.08213896334530728,16.652054424227174,0.8430026839964028,6000.0,0.016005519144532597,0.006278026905829596,14495.0
calibration,bi_corr_400_a_02,invariant_ridge,26,100.0,0.1933337566177831,0.06628553086110292,0.0815128265355071,16.62694080267702,0.8444028609839431,6000.0,0.01593652983787513,0.006347016212487065,14495.0
calibration,bi_corr_400_a_02,interaction_mlp,18434,100.0,0.16608190904482642,0.05629256594252814,0.0723107022474522,12.410631807001048,0.8851764725848634,6000.0,0.014211797171438428,0.00469127285270783,14495.0
calibration,bi_corr_400_a_02,goal_stable_neural,18434,100.0,0.1664190634906986,0.05642349901545734,0.07256604191441918,12.473965539972006,0.8847098045667081,6000.0,0.014280786478095895,0.004760262159365298,14495.0
calibration,bi_corr_400_a_02,tensor_residual,18700,100.0,0.1666273057971077,0.05685748212763715,0.07059042419752211,12.639649366155172,0.8844210958497641,6000.0,0.013659882718178683,0.00434632631942049,14495.0
calibration,bi_corr_400_a_02,tensor_residual_ungated,18700,100.0,0.1666273057971077,0.05685748212763715,0.07059042419752211,12.639649366155172,0.8844210958497641,6000.0,0.013659882718178683,0.00434632631942049,14495.0
calibration,bi_corr_400_a_02,gel_ped,37134,100.0,0.16453898570201345,0.05590939460990827,0.0704794178181564,12.386835926590674,0.8873000146792027,6000.0,0.014004829251466023,0.004553294239392894,14495.0
calibration,bi_corr_400_b_01,constant_velocity,0,100.0,0.21186376158827055,0.07355406083412096,0.06155928947874589,6.412747716113225,0.9759100990338365,2206.0,0.006832467887400929,0.004646078163432632,3659.0
calibration,bi_corr_400_b_01,social_force,4,100.0,0.21522222612291353,0.07717898985352356,0.09018180158573613,6.202188811139797,0.9751402993181076,2206.0,0.006012571740912818,0.0038261820169445205,3659.0
calibration,bi_corr_400_b_01,isotropic_constrained,4,100.0,0.2152222260785095,0.07717898984018307,0.09018180153270436,6.202188864732294,0.9751402993283655,2206.0,0.006012571740912818,0.0038261820169445205,3659.0
calibration,bi_corr_400_b_01,isotropic_unconstrained,4,100.0,0.2152222260785095,0.07717898984018307,0.09018180153270436,6.202188864732294,0.9751402993283655,2206.0,0.006012571740912818,0.0038261820169445205,3659.0
calibration,bi_corr_400_b_01,shared_goal_frame,6,100.0,0.2082435290078196,0.0738775461487376,0.08552385353137684,5.821418776370859,0.9767263399252188,2206.0,0.006285870456408855,0.004099480732440558,3659.0
calibration,bi_corr_400_b_01,decoupled_scalar_geometry,8,100.0,0.20013508131471702,0.0694324224866628,0.06168292153869201,5.8760220082185555,0.9785034828767033,2206.0,0.006285870456408855,0.004099480732440558,3659.0
calibration,bi_corr_400_b_01,tensor_persistence_only,2,100.0,0.19887270712838742,0.06687868489554684,0.06433435492324996,5.266861441490274,0.9787738109414055,2206.0,0.005192675594424706,0.003006285870456409,3659.0
calibration,bi_corr_400_b_01,tensor_no_isotropic,8,100.0,0.19989678055393964,0.0671420690797126,0.06605555432290586,5.192866003268843,0.9785546441882572,2206.0,0.004919376878928669,0.0024596884394643345,3659.0
calibration,bi_corr_400_b_01,tensor_no_forward,8,100.0,0.20119809258475393,0.0674531862098705,0.06609989678615241,5.264635889859139,0.9782745202569295,2206.0,0.004646078163432632,0.002186389723968297,3659.0
calibration,bi_corr_400_b_01,tensor_no_closing,8,100.0,0.19882254175119585,0.06698509470238195,0.06593643731840644,5.238774771413386,0.978784518146996,2206.0,0.004919376878928669,0.002732987154960372,3659.0
calibration,bi_corr_400_b_01,tensor_no_wall,9,100.0,0.20092558002356986,0.06736714136169979,0.06604524744046487,5.241744468957689,0.9783333325107331,2206.0,0.004646078163432632,0.002186389723968297,3659.0
calibration,bi_corr_400_b_01,tensor_response,10,100.0,0.20111235070379033,0.06743643348935012,0.06602530058185162,5.247416366575343,0.9782930332214951,2206.0,0.004646078163432632,0.002186389723968297,3659.0
calibration,bi_corr_400_b_01,tensor_without_cap,10,100.0,0.20111235070379033,0.06743643348935012,0.06602530058185162,5.247416366575343,0.9782930332214951,2206.0,0.004646078163432632,0.002186389723968297,3659.0
calibration,bi_corr_400_b_01,unrestricted_ten_scalar,22,100.0,0.20466734232954997,0.06810606844665194,0.06670309550534426,5.259224737874918,0.9775188378896992,2206.0,0.004646078163432632,0.002186389723968297,3659.0
calibration,bi_corr_400_b_01,invariant_ridge,26,100.0,0.20531357457733088,0.06854833977598267,0.0692565807533452,5.259436234184832,0.977376646294829,2206.0,0.004646078163432632,0.002186389723968297,3659.0
calibration,bi_corr_400_b_01,interaction_mlp,18434,100.0,0.1890721303601402,0.06469939685876093,0.06906175905319109,4.802634244310978,0.9808143422787264,2206.0,0.004099480732440558,0.001639792292976223,3659.0
calibration,bi_corr_400_b_01,goal_stable_neural,18434,100.0,0.1890721303601402,0.06469939685876093,0.06906175905319109,4.802634244310978,0.9808143422787264,2206.0,0.004099480732440558,0.001639792292976223,3659.0
calibration,bi_corr_400_b_01,tensor_residual,18700,100.0,0.18674141908811254,0.0635122145933086,0.06403433129093114,4.732277405903584,0.9812844339616288,2206.0,0.004099480732440558,0.001639792292976223,3659.0
calibration,bi_corr_400_b_01,tensor_residual_ungated,18700,100.0,0.18674141908811254,0.0635122145933086,0.06403433129093114,4.732277405903584,0.9812844339616288,2206.0,0.004099480732440558,0.001639792292976223,3659.0
calibration,bi_corr_400_b_01,gel_ped,37134,100.0,0.1869007083152731,0.06377417688922034,0.06595575568609505,4.733334094759873,0.9812524918297569,2206.0,0.004099480732440558,0.001639792292976223,3659.0
calibration,bi_corr_400_b_03,constant_velocity,0,100.0,0.23393491657691884,0.08145179119219026,0.07541710587999852,8.985973179507946,0.9491208059034629,6000.0,0.011890379601958415,0.007121510777643543,15727.0
calibration,bi_corr_400_b_03,social_force,4,100.0,0.22532324448909657,0.0787081056519407,0.07961903654285178,8.552941116825124,0.9527978132187261,6000.0,0.011254530425383099,0.006422076683410695,15727.0
calibration,bi_corr_400_b_03,isotropic_constrained,4,100.0,0.22532324451605223,0.07870810567265396,0.0796190365790895,8.552941066195082,0.9527978132074324,6000.0,0.011254530425383099,0.006422076683410695,15727.0
calibration,bi_corr_400_b_03,isotropic_unconstrained,4,100.0,0.22532324451605223,0.07870810567265396,0.0796190365790895,8.552941066195082,0.9527978132074324,6000.0,0.011254530425383099,0.006422076683410695,15727.0
calibration,bi_corr_400_b_03,shared_goal_frame,6,100.0,0.21833181000713017,0.07573924130700443,0.07641050044031657,8.129851105178963,0.9556815914071984,6000.0,0.011063775672410504,0.006040567177465505,15727.0
calibration,bi_corr_400_b_03,decoupled_scalar_geometry,8,100.0,0.2186710248879768,0.07567529643252663,0.07195058286382386,8.122366286326734,0.9555437723492589,6000.0,0.011381700260698163,0.006422076683410695,15727.0
calibration,bi_corr_400_b_03,tensor_persistence_only,2,100.0,0.21946546924323254,0.07409046123727288,0.08229332016782469,7.444149881449038,0.9552201615253025,6000.0,0.01049151141349272,0.005595472753862784,15727.0
calibration,bi_corr_400_b_03,tensor_no_isotropic,8,100.0,0.21884060858586332,0.0735264944927612,0.07939963305867306,7.501196988098145,0.9554747922470748,6000.0,0.010237171742862592,0.005341133083232657,15727.0
calibration,bi_corr_400_b_03,tensor_no_forward,8,100.0,0.21975245764763368,0.07385090073190298,0.08158348329298422,7.3902378823515615,0.9551029704513405,6000.0,0.00972849240160234,0.004896038659629936,15727.0
calibration,bi_corr_400_b_03,tensor_no_closing,8,100.0,0.21745754164527067,0.07314305213944619,0.07881243570459627,7.413571111811435,0.9560358101223411,6000.0,0.009982832072232467,0.005213963247917594,15727.0
calibration,bi_corr_400_b_03,tensor_no_wall,9,100.0,0.21939651345226943,0.07358075655008697,0.0794259074552654,7.423149925042074,0.9552482966492082,6000.0,0.009664907483944808,0.004832453741972404,15727.0
calibration,bi_corr_400_b_03,tensor_response,10,100.0,0.21911510150285493,0.07351230996283792,0.07936846661841393,7.424936023535315,0.9553630257956607,6000.0,0.009664907483944808,0.004832453741972404,15727.0
calibration,bi_corr_400_b_03,tensor_without_cap,10,100.0,0.21911510150285493,0.07351230996283792,0.07936846661841393,7.424936023535315,0.9553630257956607,6000.0,0.009664907483944808,0.004832453741972404,15727.0
calibration,bi_corr_400_b_03,unrestricted_ten_scalar,22,100.0,0.2208330733959643,0.07366687820764778,0.08089448664510514,7.45058165616136,0.9546603294395251,6000.0,0.00934698289565715,0.00464169898899981,15727.0
calibration,bi_corr_400_b_03,invariant_ridge,26,100.0,0.22053538401516054,0.07358594767054143,0.08042298971374809,7.431588496481761,0.9547824854280348,6000.0,0.00934698289565715,0.00464169898899981,15727.0
calibration,bi_corr_400_b_03,interaction_mlp,18434,100.0,0.19582374961344767,0.06599725381551215,0.0749166400205648,6.235170324661832,0.9643482501125736,6000.0,0.008329624213136645,0.00349717047116424,15727.0
calibration,bi_corr_400_b_03,goal_stable_neural,18434,100.0,0.19582182690567698,0.06599118727638986,0.07491720529808153,6.233282194471201,0.9643489502070224,6000.0,0.008329624213136645,0.00349717047116424,15727.0
calibration,bi_corr_400_b_03,tensor_residual,18700,100.0,0.19636406066151563,0.06624658432152063,0.07276064952962302,6.278507701436873,0.9641512402056541,6000.0,0.008202454377821581,0.0035607553888217713,15727.0
calibration,bi_corr_400_b_03,tensor_residual_ungated,18700,100.0,0.19636406066151563,0.06624658432152063,0.07276064952962302,6.278507701436873,0.9641512402056541,6000.0,0.008202454377821581,0.0035607553888217713,15727.0
calibration,bi_corr_400_b_03,gel_ped,37134,100.0,0.1951090260256885,0.06576009107781554,0.07326250958692328,6.190809701017557,0.9646080209085117,6000.0,0.008202454377821581,0.0033700006358491764,15727.0
calibration,bi_corr_400_b_05,constant_velocity,0,100.0,0.2377363882111235,0.0832931710042853,0.0850384991174996,21.283988758093408,0.7802411205522737,6000.0,0.017939433838051348,0.009052007899934168,12152.0
calibration,bi_corr_400_b_05,social_force,4,100.0,0.22769571988843146,0.08016679140580597,0.08298756521625134,19.913315734927465,0.798411921553344,6000.0,0.01728110599078341,0.008722843976300198,12152.0
calibration,bi_corr_400_b_05,isotropic_constrained,4,100.0,0.22769571988912507,0.08016679142102455,0.08298756521541004,19.913315974159318,0.7984119215521157,6000.0,0.01728110599078341,0.008722843976300198,12152.0
calibration,bi_corr_400_b_05,isotropic_unconstrained,4,100.0,0.22769571988912507,0.08016679142102455,0.08298756521541004,19.913315974159318,0.7984119215521157,6000.0,0.01728110599078341,0.008722843976300198,12152.0
calibration,bi_corr_400_b_05,shared_goal_frame,6,100.0,0.22160924639672266,0.0772759500977713,0.08142419528259912,19.0884279370347,0.8090450746016498,6000.0,0.01662277814351547,0.007899934167215274,12152.0
calibration,bi_corr_400_b_05,decoupled_scalar_geometry,8,100.0,0.223781544219097,0.07803822144735038,0.08074948186688086,19.15833935191435,0.8052831012855054,6000.0,0.016869651086240948,0.008229098090849244,12152.0
calibration,bi_corr_400_b_05,tensor_persistence_only,2,100.0,0.21419439975059731,0.07389485801021171,0.09178792986039319,18.384914478215016,0.8216096594624227,6000.0,0.01662277814351547,0.008064516129032258,12152.0
calibration,bi_corr_400_b_05,tensor_no_isotropic,8,100.0,0.20979260518463932,0.0720614614812105,0.08648523167175627,17.389313846322562,0.8288663303480975,6000.0,0.01555299539170507,0.0069947333772218566,12152.0
calibration,bi_corr_400_b_05,tensor_no_forward,8,100.0,0.2092448049963074,0.07195371793583126,0.08684071356060818,17.17962236853416,0.8297588752737761,6000.0,0.015470704410796577,0.0069124423963133645,12152.0
calibration,bi_corr_400_b_05,tensor_no_closing,8,100.0,0.21138732842317767,0.07287824101142552,0.0870951424659219,18.039094146171433,0.8262547216538356,6000.0,0.015635286372613563,0.007241606319947334,12152.0
calibration,bi_corr_400_b_05,tensor_no_wall,9,100.0,0.2084684342901076,0.07165029999248251,0.0862612839886445,17.165279254334486,0.8310198387044048,6000.0,0.015717577353522055,0.007159315339038842,12152.0
calibration,bi_corr_400_b_05,tensor_response,10,100.0,0.20831947125336522,0.07161228698764288,0.0861934681221087,17.104741038656062,0.8312612450803066,6000.0,0.015635286372613563,0.007159315339038842,12152.0
calibration,bi_corr_400_b_05,tensor_without_cap,10,100.0,0.20831947125336522,0.07161228698764288,0.0861934681221087,17.104741038656062,0.8312612450803066,6000.0,0.015635286372613563,0.007159315339038842,12152.0
calibration,bi_corr_400_b_05,unrestricted_ten_scalar,22,100.0,0.2082137640510995,0.07139274627999241,0.08654288332273138,16.876461028231024,0.8314324472834844,6000.0,0.014976958525345621,0.006336405529953917,12152.0
calibration,bi_corr_400_b_05,invariant_ridge,26,100.0,0.2070370953057933,0.07098745528436536,0.08574657120749718,16.916908894119242,0.8333322997141528,6000.0,0.0152238314680711,0.0067478604344963795,12152.0
calibration,bi_corr_400_b_05,interaction_mlp,18434,100.0,0.18593555758847247,0.06307545681766932,0.07846682979665906,13.305123116006122,0.865575010244938,6000.0,0.014483212639894667,0.005678077682685977,12152.0
calibration,bi_corr_400_b_05,goal_stable_neural,18434,100.0,0.18728554688540122,0.06336208295420448,0.07922117808893782,13.391966624676947,0.8636159326847413,6000.0,0.014318630678077683,0.005678077682685977,12152.0
calibration,bi_corr_400_b_05,tensor_residual,18700,100.0,0.1852362742235369,0.06319814648965047,0.07674906914674254,13.668363839849643,0.8665842243654378,6000.0,0.014483212639894667,0.005348913759052008,12152.0
calibration,bi_corr_400_b_05,tensor_residual_ungated,18700,100.0,0.1852362742235369,0.06319814648965047,0.07674906914674254,13.668363839849643,0.8665842243654378,6000.0,0.014483212639894667,0.005348913759052008,12152.0
calibration,bi_corr_400_b_05,gel_ped,37134,100.0,0.18387432020481245,0.062483815103159826,0.07676115552154658,13.277163047309324,0.8685388971549866,6000.0,0.014483212639894667,0.005348913759052008,12152.0
calibration,bi_corr_400_b_07,constant_velocity,0,100.0,0.23933686173298738,0.08284865178750118,0.08832728187427495,24.154970362722516,0.7236319716942041,6000.0,0.02420774647887324,0.011003521126760563,13632.0
calibration,bi_corr_400_b_07,social_force,4,100.0,0.2313457458555413,0.0806828246210444,0.08789893673309704,22.56242590997369,0.7417789447769461,6000.0,0.023547535211267605,0.010269953051643193,13632.0
calibration,bi_corr_400_b_07,isotropic_constrained,4,100.0,0.23134574580906836,0.08068282462376171,0.08789893665577685,22.56242610577266,0.7417789448806894,6000.0,0.023547535211267605,0.010269953051643193,13632.0
calibration,bi_corr_400_b_07,isotropic_unconstrained,4,100.0,0.23134574580906836,0.08068282462376171,0.08789893665577685,22.56242610577266,0.7417789448806894,6000.0,0.023547535211267605,0.010269953051643193,13632.0
calibration,bi_corr_400_b_07,shared_goal_frame,6,100.0,0.22632127160374405,0.07850845707540126,0.09010306974071426,22.127939470485572,0.7528734734353419,6000.0,0.02171361502347418,0.00858274647887324,13632.0
calibration,bi_corr_400_b_07,decoupled_scalar_geometry,8,100.0,0.22989315326375945,0.07941603196121387,0.08501856516427975,22.188679643813792,0.7450114435429454,6000.0,0.022887323943661973,0.009609741784037559,13632.0
calibration,bi_corr_400_b_07,tensor_persistence_only,2,100.0,0.21462798384042991,0.07348531083016373,0.09317488852876304,21.70135656277902,0.7777502363415609,6000.0,0.02266725352112676,0.009022887323943662,13632.0
calibration,bi_corr_400_b_07,tensor_no_isotropic,8,100.0,0.21050805202164088,0.07189938410404151,0.09092089186315067,19.892599829840357,0.7862008172373613,6000.0,0.02164025821596244,0.007995892018779342,13632.0
calibration,bi_corr_400_b_07,tensor_no_forward,8,100.0,0.20995138631382754,0.07169978420966909,0.08858341765552286,19.689836066851782,0.7873300596731203,6000.0,0.021566901408450703,0.007775821596244132,13632.0
calibration,bi_corr_400_b_07,tensor_no_closing,8,100.0,0.21259915117122372,0.0727762990116251,0.09258891170406802,21.076461531913964,0.781932136637002,6000.0,0.0221537558685446,0.008509389671361502,13632.0
calibration,bi_corr_400_b_07,tensor_no_wall,9,100.0,0.20905781526189338,0.07145012069314437,0.09069997415320949,19.59796849181714,0.7891364902142388,6000.0,0.02164025821596244,0.007922535211267605,13632.0
calibration,bi_corr_400_b_07,tensor_response,10,100.0,0.2090511031069392,0.07143837916641317,0.0906165720364369,19.573281271873626,0.7891500302565376,6000.0,0.021566901408450703,0.007775821596244132,13632.0
calibration,bi_corr_400_b_07,tensor_without_cap,10,100.0,0.2090511031069392,0.07143837916641317,0.0906165720364369,19.573281271873626,0.7891500302565376,6000.0,0.021566901408450703,0.007775821596244132,13632.0
calibration,bi_corr_400_b_07,unrestricted_ten_scalar,22,100.0,0.21141177782933307,0.0719050725597854,0.0911372289125389,19.581350213699324,0.7843611670973313,6000.0,0.02068661971830986,0.007482394366197183,13632.0
calibration,bi_corr_400_b_07,invariant_ridge,26,100.0,0.20984683890571007,0.07145266582120294,0.09101529094264152,19.33212611336053,0.7875418092175374,6000.0,0.021566901408450703,0.0077024647887323945,13632.0
calibration,bi_corr_400_b_07,interaction_mlp,18434,100.0,0.1793281773860847,0.060926689291068085,0.07895047004226882,14.639599297892278,0.8448450323912711,6000.0,0.02061326291079812,0.006895539906103286,13632.0
calibration,bi_corr_400_b_07,goal_stable_neural,18434,100.0,0.18005861186951422,0.06112338468492817,0.079308426507572,14.75234441356687,0.8435785125654218,6000.0,0.020539906103286387,0.006822183098591549,13632.0
calibration,bi_corr_400_b_07,tensor_residual,18700,100.0,0.1801239535708839,0.06126669787351269,0.0777315328812376,15.139154079413096,0.8434649639765306,6000.0,0.02112676056338028,0.007409037558685446,13632.0
calibration,bi_corr_400_b_07,tensor_residual_ungated,18700,100.0,0.1801239535708839,0.06126669787351269,0.0777315328812376,15.139154079413096,0.8434649639765306,6000.0,0.02112676056338028,0.007409037558685446,13632.0
calibration,bi_corr_400_b_07,gel_ped,37134,100.0,0.17746857252073048,0.06021456603605492,0.07736420784658604,14.79045471494047,0.8480462130142044,6000.0,0.020759976525821597,0.006895539906103286,13632.0
calibration,bi_corr_400_b_09,constant_velocity,0,100.0,0.22650740688558463,0.07986277271797242,0.07294052290997637,12.94690736219297,0.9121032677271721,6000.0,0.0095883022712291,0.006771738479055552,16687.0
calibration,bi_corr_400_b_09,social_force,4,100.0,0.21433010938244476,0.075684033891354,0.07102441486737682,12.196450271334013,0.9213000811618361,6000.0,0.008509618265715826,0.005752981362737461,16687.0
calibration,bi_corr_400_b_09,isotropic_constrained,4,100.0,0.21433010944120243,0.07568403392401786,0.07102441490919703,12.19645034482059,0.9213000811186857,6000.0,0.008509618265715826,0.005752981362737461,16687.0
calibration,bi_corr_400_b_09,isotropic_unconstrained,4,100.0,0.21433010944120243,0.07568403392401786,0.07102441490919703,12.19645034482059,0.9213000811186857,6000.0,0.008509618265715826,0.005752981362737461,16687.0
calibration,bi_corr_400_b_09,shared_goal_frame,6,100.0,0.20790430542314087,0.07345168223308896,0.07176964355590199,11.516571726857062,0.9259483261882681,6000.0,0.007790495595373644,0.00509378558159046,16687.0
calibration,bi_corr_400_b_09,decoupled_scalar_geometry,8,100.0,0.2081141835582802,0.07337666339761509,0.07027123252276309,11.53960779788919,0.9257987412928322,6000.0,0.007730568706178462,0.005033858692395278,16687.0
calibration,bi_corr_400_b_09,tensor_persistence_only,2,100.0,0.1912614557750933,0.06662932517715689,0.07409868599718501,10.208691880606949,0.9373295479411103,6000.0,0.0064721040330796425,0.003775394019296458,16687.0
calibration,bi_corr_400_b_09,tensor_no_isotropic,8,100.0,0.1885101066927215,0.06554009420343439,0.07001677420168027,9.91918633715699,0.9391196428212303,6000.0,0.0062323964762989155,0.0035956133517109127,16687.0
calibration,bi_corr_400_b_09,tensor_no_forward,8,100.0,0.18831494935586301,0.06539996443874958,0.07142091873882114,9.82447245122003,0.939245631803787,6000.0,0.00605261580871337,0.0034757595733205487,16687.0
calibration,bi_corr_400_b_09,tensor_no_closing,8,100.0,0.18982235804632197,0.06608959715580848,0.0698722063674411,10.04848461860783,0.9382690953603393,6000.0,0.006412177143884461,0.0037154671301012766,16687.0
calibration,bi_corr_400_b_09,tensor_no_wall,9,100.0,0.1883549929492876,0.06537939472103164,0.0701023190738254,9.794982037465516,0.9392197912437373,6000.0,0.005992688919518188,0.003415832684125367,16687.0
calibration,bi_corr_400_b_09,tensor_response,10,100.0,0.1881037598554557,0.06532112876788147,0.07007591076840022,9.77722353965839,0.9393818237534868,6000.0,0.005992688919518188,0.003415832684125367,16687.0
calibration,bi_corr_400_b_09,tensor_without_cap,10,100.0,0.1881037598554557,0.06532112876788147,0.07007591076840022,9.77722353965839,0.9393818237534868,6000.0,0.005992688919518188,0.003415832684125367,16687.0
calibration,bi_corr_400_b_09,unrestricted_ten_scalar,22,100.0,0.1853238113502036,0.06415905488390215,0.07004161152635534,9.51568554005969,0.9411603121847837,6000.0,0.005812908251932643,0.0032360520165398213,16687.0
calibration,bi_corr_400_b_09,invariant_ridge,26,100.0,0.18523328712536363,0.0641684330433849,0.0698511996566045,9.515835240985961,0.9412177804205804,6000.0,0.005992688919518188,0.003415832684125367,16687.0
calibration,bi_corr_400_b_09,interaction_mlp,18434,100.0,0.1622328109019507,0.055453136387984915,0.0674523771517459,7.420521472828865,0.9549094742404391,6000.0,0.005033858692395278,0.0026967100137831844,16687.0
calibration,bi_corr_400_b_09,goal_stable_neural,18434,100.0,0.16222846673277827,0.05545701317032953,0.06745158522709742,7.413497898565632,0.9549118890201411,6000.0,0.005033858692395278,0.0026967100137831844,16687.0
calibration,bi_corr_400_b_09,tensor_residual,18700,100.0,0.16479875891948068,0.05654490983787957,0.06703129529674554,7.774154063773048,0.9534718498037424,6000.0,0.004614370468029005,0.002457002457002457,16687.0
calibration,bi_corr_400_b_09,tensor_residual_ungated,18700,100.0,0.16479875891948068,0.05654490983787957,0.06703129529674554,7.774154063773048,0.9534718498037424,6000.0,0.004614370468029005,0.002457002457002457,16687.0
calibration,bi_corr_400_b_09,gel_ped,37134,100.0,0.16247633239075993,0.05563455893193614,0.06662526494613114,7.561518799448946,0.9547740053039514,6000.0,0.004854078024809732,0.002576856235392821,16687.0
corridor held-out,bi_corr_400_a_03,constant_velocity,0,100.0,0.23351911411069828,0.08182003549797037,0.08648923538307349,22.590942274410985,0.7657574668788314,6000.0,0.018906188669370667,0.009943739369357583,15286.0
corridor held-out,bi_corr_400_a_03,social_force,4,100.0,0.22583675073591913,0.07911035650791537,0.0851319885138826,20.959233791153633,0.7809162729872741,6000.0,0.01707444720659427,0.008111997906581186,15286.0
corridor held-out,bi_corr_400_a_03,isotropic_constrained,4,100.0,0.2258367506128465,0.07911035652505405,0.08513198849507385,20.959233517811544,0.780916273226059,6000.0,0.01707444720659427,0.008111997906581186,15286.0
corridor held-out,bi_corr_400_a_03,isotropic_unconstrained,4,100.0,0.2258367506128465,0.07911035652505405,0.08513198849507385,20.959233517811544,0.780916273226059,6000.0,0.01707444720659427,0.008111997906581186,15286.0
corridor held-out,bi_corr_400_a_03,shared_goal_frame,6,100.0,0.22143032989247938,0.0767134310267549,0.08398892448513723,20.67233740472502,0.789382185862602,6000.0,0.01655109250294387,0.007326965851105587,15286.0
corridor held-out,bi_corr_400_a_03,decoupled_scalar_geometry,8,100.0,0.22337213568222697,0.07742280175229789,0.08190976272705494,20.6032729953547,0.7856720153911749,6000.0,0.01642025382703127,0.007457804527018186,15286.0
corridor held-out,bi_corr_400_a_03,tensor_persistence_only,2,100.0,0.21083266818106974,0.0729415641026971,0.09244257591379802,19.879477146073828,0.8090600972534805,6000.0,0.015438963757686773,0.006607353133586288,15286.0
corridor held-out,bi_corr_400_a_03,tensor_no_isotropic,8,100.0,0.20815256360122988,0.07153724460486989,0.08857966925606879,18.63726923672656,0.8138836978849732,6000.0,0.015242705743817872,0.006345675781761088,15286.0
corridor held-out,bi_corr_400_a_03,tensor_no_forward,8,100.0,0.20780810940974836,0.07150935464019836,0.08839820188393593,18.279155136747928,0.8144991646881617,6000.0,0.015504383095643072,0.006738191809498888,15286.0
corridor held-out,bi_corr_400_a_03,tensor_no_closing,8,100.0,0.20861953273168646,0.07194481293802625,0.08904351608446348,19.43700139895144,0.8130476951591653,6000.0,0.015111867067905273,0.006280256443804789,15286.0
corridor held-out,bi_corr_400_a_03,tensor_no_wall,9,100.0,0.20669294507502742,0.07110835651207777,0.0887365688966226,18.421880630291767,0.8164847355827848,6000.0,0.01570064110951197,0.006803611147455188,15286.0
corridor held-out,bi_corr_400_a_03,tensor_response,10,100.0,0.20702047530707968,0.07110217400033289,0.08874844646051866,18.42662908958642,0.8159026700420299,6000.0,0.015504383095643072,0.006738191809498888,15286.0
corridor held-out,bi_corr_400_a_03,tensor_without_cap,10,100.0,0.20702047530707968,0.07110217400033289,0.08874844646051866,18.42662908958642,0.8159026700420299,6000.0,0.015504383095643072,0.006738191809498888,15286.0
corridor held-out,bi_corr_400_a_03,unrestricted_ten_scalar,22,100.0,0.20370730696903228,0.06977454716538127,0.08737452225524066,17.917930986653772,0.821748127036101,6000.0,0.015308125081774173,0.006541933795629988,15286.0
corridor held-out,bi_corr_400_a_03,invariant_ridge,26,100.0,0.2017801716876168,0.0692925487240431,0.08697386582698939,17.806527551030292,0.8251048116457019,6000.0,0.015373544419730472,0.006607353133586288,15286.0
corridor held-out,bi_corr_400_a_03,interaction_mlp,18434,100.0,0.17173918363162863,0.05843834751368904,0.07798195002125916,13.201318264823204,0.8733049418080745,6000.0,0.014523093026298574,0.00582232107811069,15286.0
corridor held-out,bi_corr_400_a_03,goal_stable_neural,18434,100.0,0.17196353520577326,0.05854441030325366,0.07830473317158929,13.274031842966664,0.8729737092827066,6000.0,0.014392254350385974,0.00575690174015439,15286.0
corridor held-out,bi_corr_400_a_03,tensor_residual,18700,100.0,0.1743003594399067,0.059483083848550666,0.07492609262876149,13.957282521370495,0.8694979143605258,6000.0,0.014195996336517075,0.00549522438832919,15286.0
corridor held-out,bi_corr_400_a_03,tensor_residual_ungated,18700,100.0,0.1743003594399067,0.059483083848550666,0.07492609262876149,13.957282521370495,0.8694979143605258,6000.0,0.014195996336517075,0.00549522438832919,15286.0
corridor held-out,bi_corr_400_a_03,gel_ped,37134,100.0,0.17070615963989125,0.05816746897115972,0.07540692363650921,13.546194097399347,0.8748245182776071,6000.0,0.014195996336517075,0.00549522438832919,15286.0
corridor held-out,bi_corr_400_b_02,constant_velocity,0,100.0,0.2207364967731481,0.07637285995499318,0.06720139186788017,6.838438439305945,0.969149986917952,4507.0,0.00584652862362972,0.0037352821762078768,12315.0
corridor held-out,bi_corr_400_b_02,social_force,4,100.0,0.21948613307910517,0.07752009258331678,0.0867292609471907,6.634001339606737,0.9694984973478824,4507.0,0.0055217214778725135,0.003329273244011368,12315.0
corridor held-out,bi_corr_400_b_02,isotropic_constrained,4,100.0,0.2194861330767922,0.07752009258331527,0.08672926092221958,6.63400132513753,0.9694984973485252,4507.0,0.0055217214778725135,0.003329273244011368,12315.0
corridor held-out,bi_corr_400_b_02,isotropic_unconstrained,4,100.0,0.2194861330767922,0.07752009258331527,0.08672926092221958,6.63400132513753,0.9694984973485252,4507.0,0.0055217214778725135,0.003329273244011368,12315.0
corridor held-out,bi_corr_400_b_02,shared_goal_frame,6,100.0,0.21185043178337498,0.07407645779802038,0.0812857765088366,6.360474191192294,0.9715838152282499,4507.0,0.006008932196508323,0.0036540803897685747,12315.0
corridor held-out,bi_corr_400_b_02,decoupled_scalar_geometry,8,100.0,0.20792090624774975,0.07158386400968803,0.06573537250230685,6.3828205759524375,0.9726281986228206,4507.0,0.005927730410069021,0.0036540803897685747,12315.0
corridor held-out,bi_corr_400_b_02,tensor_persistence_only,2,100.0,0.21064556321197125,0.07027727865972225,0.07240760389117416,5.775381553053387,0.9719061219282763,4507.0,0.005765326837190418,0.003572878603329273,12315.0
corridor held-out,bi_corr_400_b_02,tensor_no_isotropic,8,100.0,0.21116635079445667,0.07022535760350476,0.07247907483176466,5.778720815343763,0.9717670349334457,4507.0,0.005602923264311815,0.003329273244011368,12315.0
corridor held-out,bi_corr_400_b_02,tensor_no_forward,8,100.0,0.21246136610222724,0.07064003740166093,0.07400307760875573,5.703340651977682,0.9714196857116232,4507.0,0.0055217214778725135,0.003329273244011368,12315.0
corridor held-out,bi_corr_400_b_02,tensor_no_closing,8,100.0,0.2095997116931274,0.06993131167675291,0.07193935486155263,5.723321344734283,0.9721844006063138,4507.0,0.0054405196914332115,0.003329273244011368,12315.0
corridor held-out,bi_corr_400_b_02,tensor_no_wall,9,100.0,0.21203722057714708,0.07035441555690378,0.07249920192666376,5.705325715583728,0.9715336839654494,4507.0,0.005765326837190418,0.003572878603329273,12315.0
corridor held-out,bi_corr_400_b_02,tensor_response,10,100.0,0.21185704293844304,0.07034460764339785,0.07246960139977889,5.7151276378915945,0.9715820416492802,4507.0,0.005765326837190418,0.003572878603329273,12315.0
corridor held-out,bi_corr_400_b_02,tensor_without_cap,10,100.0,0.21185704293844304,0.07034460764339785,0.07246960139977889,5.7151276378915945,0.9715820416492802,4507.0,0.005765326837190418,0.003572878603329273,12315.0
corridor held-out,bi_corr_400_b_02,unrestricted_ten_scalar,22,100.0,0.21593553438551294,0.07126711735520597,0.07435548313576201,5.699517274709836,0.9704773530760264,4507.0,0.00535931790499391,0.0030856678846934633,12315.0
corridor held-out,bi_corr_400_b_02,invariant_ridge,26,100.0,0.21588866088440734,0.0713056088309136,0.07507040014726742,5.736354907722327,0.9704901687492967,4507.0,0.0054405196914332115,0.003166869671132765,12315.0
corridor held-out,bi_corr_400_b_02,interaction_mlp,18434,100.0,0.1942492557457024,0.06542335142227089,0.07065719624908312,5.1487989699335515,0.9761094698030406,4507.0,0.005034510759236703,0.002598457166057653,12315.0
corridor held-out,bi_corr_400_b_02,goal_stable_neural,18434,100.0,0.1942492557457024,0.06542335142227089,0.07065719624908312,5.1487989699335515,0.9761094698030406,4507.0,0.005034510759236703,0.002598457166057653,12315.0
corridor held-out,bi_corr_400_b_02,tensor_residual,18700,100.0,0.19332641610493567,0.06485457888032925,0.06660549257429034,5.169208170919449,0.976335928920796,4507.0,0.0048721071863581,0.002598457166057653,12315.0
corridor held-out,bi_corr_400_b_02,tensor_residual_ungated,18700,100.0,0.19332641610493567,0.06485457888032925,0.06660549257429034,5.169208170919449,0.976335928920796,4507.0,0.0048721071863581,0.002598457166057653,12315.0
corridor held-out,bi_corr_400_b_02,gel_ped,37134,100.0,0.1927988417374232,0.06479208048565895,0.06821920263538024,5.129457854564159,0.9764649079070978,4507.0,0.004953308972797402,0.002598457166057653,12315.0
corridor held-out,bi_corr_400_b_04,constant_velocity,0,100.0,0.2369582200471856,0.08305636234763784,0.08584396069058953,18.967850777681605,0.8255001009002861,6000.0,0.016731734523145567,0.009016545826361777,10758.0
corridor held-out,bi_corr_400_b_04,social_force,4,100.0,0.22820194969707142,0.0801081182936409,0.08449367627722944,17.682502306658854,0.8381583402884222,6000.0,0.015616285554935862,0.007994050938836214,10758.0
corridor held-out,bi_corr_400_b_04,isotropic_constrained,4,100.0,0.22820194967456287,0.08010811830373948,0.0844936762745911,17.68250230853924,0.8381583403203485,6000.0,0.015616285554935862,0.007994050938836214,10758.0
corridor held-out,bi_corr_400_b_04,isotropic_unconstrained,4,100.0,0.22820194967456287,0.08010811830373948,0.0844936762745911,17.68250230853924,0.8381583403203485,6000.0,0.015616285554935862,0.007994050938836214,10758.0
corridor held-out,bi_corr_400_b_04,shared_goal_frame,6,100.0,0.22545524977735923,0.07835602227370814,0.08315998678007482,17.147526497539857,0.8420308333172665,6000.0,0.015244469232199293,0.007901096858152074,10758.0
corridor held-out,bi_corr_400_b_04,decoupled_scalar_geometry,8,100.0,0.22700972939802871,0.07888897383681921,0.08181253059252679,17.28079291657351,0.8398449769272651,6000.0,0.015523331474251719,0.008087005019520357,10758.0
corridor held-out,bi_corr_400_b_04,tensor_persistence_only,2,100.0,0.221299066143138,0.07621288919389058,0.09834993922980735,16.57462319876069,0.8478013553956928,6000.0,0.014500836586726157,0.006692693809258227,10758.0
corridor held-out,bi_corr_400_b_04,tensor_no_isotropic,8,100.0,0.21794061332309184,0.0746448573426065,0.09295564276800866,15.738086510227664,0.8523858602820662,6000.0,0.01412902026398959,0.006413831567205801,10758.0
corridor held-out,bi_corr_400_b_04,tensor_no_forward,8,100.0,0.21779062879956979,0.07470773319496733,0.09419027990671437,15.709326721074229,0.8525889634840588,6000.0,0.014500836586726157,0.006785647889942369,10758.0
corridor held-out,bi_corr_400_b_04,tensor_no_closing,8,100.0,0.2196977058171839,0.07548048865290719,0.09353098226787264,16.430115828453253,0.8499960601145073,6000.0,0.014314928425357873,0.006506785647889942,10758.0
corridor held-out,bi_corr_400_b_04,tensor_no_wall,9,100.0,0.2175616820565841,0.0744845780345386,0.09300212805744751,15.703652186259127,0.8528987246326539,6000.0,0.01412902026398959,0.006599739728574084,10758.0
corridor held-out,bi_corr_400_b_04,tensor_response,10,100.0,0.21726750364192854,0.07441480626964037,0.09291065199513743,15.594977481439974,0.8532962648874655,6000.0,0.01412902026398959,0.006599739728574084,10758.0
corridor held-out,bi_corr_400_b_04,tensor_without_cap,10,100.0,0.21726750364192854,0.07441480626964037,0.09291065199513743,15.594977481439974,0.8532962648874655,6000.0,0.01412902026398959,0.006599739728574084,10758.0
corridor held-out,bi_corr_400_b_04,unrestricted_ten_scalar,22,100.0,0.21858718117330386,0.07447196834428457,0.09385771367126046,15.57196797233933,0.8515087026840452,6000.0,0.014036066183305447,0.006320877486521658,10758.0
corridor held-out,bi_corr_400_b_04,invariant_ridge,26,100.0,0.21688502837191434,0.07399423695208313,0.09332404161847656,15.414622954040313,0.8538123214681167,6000.0,0.014036066183305447,0.006413831567205801,10758.0
corridor held-out,bi_corr_400_b_04,interaction_mlp,18434,100.0,0.18759798003784658,0.06343032772867889,0.08083593133743894,12.08493849864904,0.8906275506781832,6000.0,0.014686744748094442,0.006227923405837516,10758.0
corridor held-out,bi_corr_400_b_04,goal_stable_neural,18434,100.0,0.1886479720319553,0.0636062472611243,0.08114527252606345,12.117732286566914,0.8893998020819911,6000.0,0.014779698828778583,0.006320877486521658,10758.0
corridor held-out,bi_corr_400_b_04,tensor_residual,18700,100.0,0.18787677755875049,0.06367108817041604,0.07859946886301214,12.189569213273293,0.8903022228038169,6000.0,0.014686744748094442,0.006413831567205801,10758.0
corridor held-out,bi_corr_400_b_04,tensor_residual_ungated,18700,100.0,0.18787677755875049,0.06367108817041604,0.07859946886301214,12.189569213273293,0.8903022228038169,6000.0,0.014686744748094442,0.006413831567205801,10758.0
corridor held-out,bi_corr_400_b_04,gel_ped,37134,100.0,0.1859146099274296,0.06285519021315561,0.07861879374318699,12.03427997153371,0.8925816043089487,6000.0,0.014686744748094442,0.006227923405837516,10758.0
corridor held-out,bi_corr_400_b_06,constant_velocity,0,100.0,0.24056189197722572,0.08299682767182154,0.08928624994832841,23.203533051180607,0.7123567166685933,6000.0,0.021189261149323273,0.007321943643221655,9014.0
corridor held-out,bi_corr_400_b_06,social_force,4,100.0,0.23324990283785665,0.08074509227189253,0.08826583179737287,21.73848163193917,0.7295770669467754,6000.0,0.02019081428888396,0.007321943643221655,9014.0
corridor held-out,bi_corr_400_b_06,isotropic_constrained,4,100.0,0.23324990279368193,0.08074509227441592,0.08826583173772341,21.738481670618974,0.729577067049205,6000.0,0.02019081428888396,0.007321943643221655,9014.0
corridor held-out,bi_corr_400_b_06,isotropic_unconstrained,4,100.0,0.23324990279368193,0.08074509227441592,0.08826583173772341,21.738481670618974,0.729577067049205,6000.0,0.02019081428888396,0.007321943643221655,9014.0
corridor held-out,bi_corr_400_b_06,shared_goal_frame,6,100.0,0.22867465493283506,0.07866110238170218,0.08960170716654837,21.000863608345675,0.7400818299414433,6000.0,0.019414244508542268,0.006434435322831151,9014.0
corridor held-out,bi_corr_400_b_06,decoupled_scalar_geometry,8,100.0,0.2316346127833791,0.07951504434894846,0.0856620437413726,21.04920082983198,0.7333095356591274,6000.0,0.018970490348347017,0.0059906811626359,9014.0
corridor held-out,bi_corr_400_b_06,tensor_persistence_only,2,100.0,0.22427156255832945,0.07632762069920537,0.09868724276951742,21.609006490347436,0.7499948277454639,6000.0,0.019192367428444643,0.006434435322831151,9014.0
corridor held-out,bi_corr_400_b_06,tensor_no_isotropic,8,100.0,0.22013006734237525,0.07470606286615832,0.095742871757664,20.320504924466775,0.7591429799783245,6000.0,0.0188595518082982,0.006212558242733526,9014.0
corridor held-out,bi_corr_400_b_06,tensor_no_forward,8,100.0,0.21994490001991177,0.07468511525191716,0.09426135408540452,19.96786819755012,0.7595480140781457,6000.0,0.019303305968493455,0.006545373862879965,9014.0
corridor held-out,bi_corr_400_b_06,tensor_no_closing,8,100.0,0.2216826627247949,0.07546536080281852,0.09708046056075517,20.922031050329863,0.7557334297614815,6000.0,0.018637674728200576,0.0061016197026847125,9014.0
corridor held-out,bi_corr_400_b_06,tensor_no_wall,9,100.0,0.21882422700539933,0.07426228993524675,0.09537836674474681,19.816807821027805,0.7619920948374306,6000.0,0.0188595518082982,0.006212558242733526,9014.0
corridor held-out,bi_corr_400_b_06,tensor_response,10,100.0,0.218627590548385,0.07422017390213707,0.09530068391471802,19.760449577858076,0.762419652645282,6000.0,0.0188595518082982,0.006212558242733526,9014.0
corridor held-out,bi_corr_400_b_06,tensor_without_cap,10,100.0,0.218627590548385,0.07422017390213707,0.09530068391471802,19.760449577858076,0.762419652645282,6000.0,0.0188595518082982,0.006212558242733526,9014.0
corridor held-out,bi_corr_400_b_06,unrestricted_ten_scalar,22,100.0,0.21953698847994318,0.07422541476066845,0.09561194040754034,19.40028799639392,0.7604390753119005,6000.0,0.01830485910805414,0.005657865542489461,9014.0
corridor held-out,bi_corr_400_b_06,invariant_ridge,26,100.0,0.21718290257366246,0.07342317390909552,0.09509023227640273,19.413019158226714,0.7655491336251676,6000.0,0.01874861326824939,0.0059906811626359,9014.0
corridor held-out,bi_corr_400_b_06,interaction_mlp,18434,100.0,0.18923438900026968,0.06406559641025238,0.08286096913388802,14.993420917894536,0.8220079108883782,6000.0,0.018526736188151764,0.005435988462391835,9014.0
corridor held-out,bi_corr_400_b_06,goal_stable_neural,18434,100.0,0.18975042597373037,0.06431022585554998,0.08391913890128248,15.155893180151047,0.8210358282099277,6000.0,0.01841579764810295,0.005435988462391835,9014.0
corridor held-out,bi_corr_400_b_06,tensor_residual,18700,100.0,0.19134440210972925,0.06492396019258888,0.07996688526425824,15.980894961397404,0.8180164643955634,6000.0,0.018526736188151764,0.00488129576214777,9014.0
corridor held-out,bi_corr_400_b_06,tensor_residual_ungated,18700,100.0,0.19134440210972925,0.06492396019258888,0.07996688526425824,15.980894961397404,0.8180164643955634,6000.0,0.018526736188151764,0.00488129576214777,9014.0
corridor held-out,bi_corr_400_b_06,gel_ped,37134,100.0,0.18800313417815942,0.06365774582801514,0.0804069649690354,15.247610850617978,0.824316589104076,6000.0,0.018082982027956513,0.0047703572220989575,9014.0
corridor held-out,bi_corr_400_b_10,constant_velocity,0,100.0,0.225856763420161,0.0788940201271342,0.07856644726958634,20.763564272677364,0.7842561106814656,6000.0,0.01738952536824877,0.009308510638297872,9776.0
corridor held-out,bi_corr_400_b_10,social_force,4,100.0,0.21632581659196157,0.07610762751389832,0.07827468384246172,19.037823478874873,0.8020803079115413,6000.0,0.015752864157119476,0.008081014729950901,9776.0
corridor held-out,bi_corr_400_b_10,isotropic_constrained,4,100.0,0.21632581664041442,0.07610762753557485,0.07827468381620048,19.03782348655877,0.8020803078228808,6000.0,0.015752864157119476,0.008081014729950901,9776.0
corridor held-out,bi_corr_400_b_10,isotropic_unconstrained,4,100.0,0.21632581664041442,0.07610762753557485,0.07827468381620048,19.03782348655877,0.8020803078228808,6000.0,0.015752864157119476,0.008081014729950901,9776.0
corridor held-out,bi_corr_400_b_10,shared_goal_frame,6,100.0,0.21260784328916754,0.0742951361906599,0.07845607525169927,18.825269743689446,0.8088251020393444,6000.0,0.015343698854337152,0.007467266775777414,9776.0
corridor held-out,bi_corr_400_b_10,decoupled_scalar_geometry,8,100.0,0.2133207764667442,0.07447408570616627,0.0763684223574637,18.773979456429995,0.8075408272661614,6000.0,0.015343698854337152,0.007671849427168576,9776.0
corridor held-out,bi_corr_400_b_10,tensor_persistence_only,2,100.0,0.20165213050459171,0.06931123367945816,0.08453540684737743,17.838074351532235,0.8280200047261996,6000.0,0.013911620294599018,0.006444353518821604,9776.0
corridor held-out,bi_corr_400_b_10,tensor_no_isotropic,8,100.0,0.1986190339427653,0.06815793168181394,0.08136096582466323,16.982983839917594,0.8331546783595265,6000.0,0.014013911620294599,0.006648936170212766,9776.0
corridor held-out,bi_corr_400_b_10,tensor_no_forward,8,100.0,0.19835068749969353,0.06808669090887796,0.08156443273549288,16.695478005631234,0.8336052102408752,6000.0,0.013502454991816694,0.006239770867430442,9776.0
corridor held-out,bi_corr_400_b_10,tensor_no_closing,8,100.0,0.19993780801926164,0.06885659379434964,0.08136787547471028,17.641196518090467,0.83093171157474,6000.0,0.013502454991816694,0.006239770867430442,9776.0
corridor held-out,bi_corr_400_b_10,tensor_no_wall,9,100.0,0.1981652435209417,0.06794243552397077,0.0815498260561606,16.670824771563904,0.8339161997082805,6000.0,0.013604746317512274,0.006239770867430442,9776.0
corridor held-out,bi_corr_400_b_10,tensor_response,10,100.0,0.1977746866028708,0.06783376721992267,0.08147351637070444,16.60680096119073,0.834570212044474,6000.0,0.013502454991816694,0.006239770867430442,9776.0
corridor held-out,bi_corr_400_b_10,tensor_without_cap,10,100.0,0.1977746866028708,0.06783376721992267,0.08147351637070444,16.60680096119073,0.834570212044474,6000.0,0.013502454991816694,0.006239770867430442,9776.0
corridor held-out,bi_corr_400_b_10,unrestricted_ten_scalar,22,100.0,0.19528200374892946,0.06669414139672816,0.08118659872995547,16.064357853472607,0.8387139713631764,6000.0,0.013400163666121113,0.006239770867430442,9776.0
corridor held-out,bi_corr_400_b_10,invariant_ridge,26,100.0,0.1941692489549556,0.06632691286283669,0.08015175271015426,16.067623554990945,0.840546812746773,6000.0,0.013297872340425532,0.00603518821603928,9776.0
corridor held-out,bi_corr_400_b_10,interaction_mlp,18434,100.0,0.16307816962075378,0.05512420841349691,0.06905116804427697,11.895120786934687,0.8875229390249736,6000.0,0.011968085106382979,0.004500818330605565,9776.0
corridor held-out,bi_corr_400_b_10,goal_stable_neural,18434,100.0,0.16385523329654247,0.05528871340115599,0.06952858550055013,11.925367666532352,0.886448484087099,6000.0,0.011968085106382979,0.004500818330605565,9776.0
corridor held-out,bi_corr_400_b_10,tensor_residual,18700,100.0,0.16844405525438405,0.05711060883256221,0.06868095703650529,12.696075927795778,0.8799993274927149,6000.0,0.011968085106382979,0.004500818330605565,9776.0
corridor held-out,bi_corr_400_b_10,tensor_residual_ungated,18700,100.0,0.16844405525438405,0.05711060883256221,0.06868095703650529,12.696075927795778,0.8799993274927149,6000.0,0.011968085106382979,0.004500818330605565,9776.0
corridor held-out,bi_corr_400_b_10,gel_ped,37134,100.0,0.16384329906916908,0.055451021954663185,0.06794008095536379,12.218726363944524,0.886465024300454,6000.0,0.01217266775777414,0.004705400981996726,9776.0
altered geometry,bi_corr_400_a_04,constant_velocity,0,100.0,0.22816453769158862,0.07898982117110064,0.08540915028670536,23.8271635482475,0.712510609395176,6000.0,0.022117550686053655,0.010785719161717524,14649.0
altered geometry,bi_corr_400_a_04,social_force,4,100.0,0.2236427920001237,0.07774887110108254,0.08586060321529727,22.402528781470544,0.723792579305676,6000.0,0.019796573144924567,0.009215646119189022,14649.0
altered geometry,bi_corr_400_a_04,isotropic_constrained,4,100.0,0.2236427918475824,0.07774887108222461,0.0858606031304553,22.402528587205026,0.7237925796824647,6000.0,0.019796573144924567,0.009215646119189022,14649.0
altered geometry,bi_corr_400_a_04,isotropic_unconstrained,4,100.0,0.2236427918475824,0.07774887108222461,0.0858606031304553,22.402528587205026,0.7237925796824647,6000.0,0.019796573144924567,0.009215646119189022,14649.0
altered geometry,bi_corr_400_a_04,shared_goal_frame,6,100.0,0.22288890141607665,0.07651396866716709,0.08816832869800013,22.471330491584556,0.7256516081990555,6000.0,0.019113932691651306,0.008669533756570414,14649.0
altered geometry,bi_corr_400_a_04,decoupled_scalar_geometry,8,100.0,0.22529759596920998,0.07694914619930637,0.08189706734302397,22.494239426605873,0.7196899643121409,6000.0,0.020069629326233872,0.009488702300498328,14649.0
altered geometry,bi_corr_400_a_04,tensor_persistence_only,2,100.0,0.21344028043737123,0.07300017147681041,0.0948745306213764,22.22021579524228,0.7484187346284914,6000.0,0.019182196736978633,0.008533005665915762,14649.0
altered geometry,bi_corr_400_a_04,tensor_no_isotropic,8,100.0,0.21136803518418507,0.07183827814358389,0.09229596687689627,20.67656006062161,0.7532801160216669,6000.0,0.019318724827633287,0.008669533756570414,14649.0
altered geometry,bi_corr_400_a_04,tensor_no_forward,8,100.0,0.2112978287549849,0.07191951156855855,0.09068104205011934,20.596967673279792,0.7534439860731736,6000.0,0.018909140555669328,0.008464741620588436,14649.0
altered geometry,bi_corr_400_a_04,tensor_no_closing,8,100.0,0.21279165866855135,0.07264054584095685,0.09342802000049207,21.647182226650585,0.7499454674479881,6000.0,0.018089972011741416,0.007918629257969828,14649.0
altered geometry,bi_corr_400_a_04,tensor_no_wall,9,100.0,0.21049882121109711,0.07163094606023564,0.09235762292766606,20.246808468887608,0.7553051281908472,6000.0,0.018909140555669328,0.008328213529933784,14649.0
altered geometry,bi_corr_400_a_04,tensor_response,10,100.0,0.21069823401503246,0.07161236164527388,0.09229904233476742,20.24099700588663,0.7548412927836252,6000.0,0.018977404600996655,0.008464741620588436,14649.0
altered geometry,bi_corr_400_a_04,tensor_without_cap,10,100.0,0.21069823401503246,0.07161236164527388,0.09229904233476742,20.24099700588663,0.7548412927836252,6000.0,0.018977404600996655,0.008464741620588436,14649.0
altered geometry,bi_corr_400_a_04,unrestricted_ten_scalar,22,100.0,0.2090952021216132,0.07075487157624663,0.09053755629740334,20.000195064786904,0.7585575292290406,6000.0,0.01870434841968735,0.008191685439279131,14649.0
altered geometry,bi_corr_400_a_04,invariant_ridge,26,100.0,0.20696062670704782,0.06989894252603342,0.09020361454830697,19.818206742259246,0.7634619604137688,6000.0,0.018840876510342004,0.008191685439279131,14649.0
altered geometry,bi_corr_400_a_04,interaction_mlp,18434,100.0,0.17929851706081537,0.06061327623792411,0.07980331743235157,14.935942180289093,0.8224670675596705,6000.0,0.018431292238378045,0.007577309031333196,14649.0
altered geometry,bi_corr_400_a_04,goal_stable_neural,18434,100.0,0.18071394386574516,0.06100457267949351,0.08110291025521635,15.029345253182578,0.81965302617319,6000.0,0.018431292238378045,0.007577309031333196,14649.0
altered geometry,bi_corr_400_a_04,tensor_residual,18700,100.0,0.18274738711726735,0.061676411314442736,0.07759903306369728,16.04203263628652,0.8155715637646549,6000.0,0.01925046078230596,0.008328213529933784,14649.0
altered geometry,bi_corr_400_a_04,tensor_residual_ungated,18700,100.0,0.18274738711726735,0.061676411314442736,0.07759903306369728,16.04203263628652,0.8155715637646549,6000.0,0.01925046078230596,0.008328213529933784,14649.0
altered geometry,bi_corr_400_a_04,gel_ped,37134,100.0,0.17814832484190754,0.06012981694020091,0.07733226522724601,15.304630183837828,0.8247374939232933,6000.0,0.018909140555669328,0.00805515734862448,14649.0
altered geometry,bi_corr_400_a_05,constant_velocity,0,100.0,0.22763402106027597,0.07944385689237222,0.08256353917373965,25.506263721904062,0.6727207040472896,6000.0,0.02040030792917629,0.009237875288683603,12990.0
altered geometry,bi_corr_400_a_05,social_force,4,100.0,0.2184746514861427,0.07667653452960399,0.0814561044888095,23.169215073677073,0.698528471758793,6000.0,0.01924557351809084,0.008391070053887607,12990.0
altered geometry,bi_corr_400_a_05,isotropic_constrained,4,100.0,0.21847465151471498,0.07667653454996444,0.08145610444146761,23.169214870418493,0.6985284716799397,6000.0,0.01924557351809084,0.008391070053887607,12990.0
altered geometry,bi_corr_400_a_05,isotropic_unconstrained,4,100.0,0.21847465151471498,0.07667653454996444,0.08145610444146761,23.169214870418493,0.6985284716799397,6000.0,0.01924557351809084,0.008391070053887607,12990.0
altered geometry,bi_corr_400_a_05,shared_goal_frame,6,100.0,0.2132989798621788,0.07430347951894221,0.08340474588185699,22.652401956506456,0.7126430213033257,6000.0,0.018706697459584296,0.007775211701308699,12990.0
altered geometry,bi_corr_400_a_05,decoupled_scalar_geometry,8,100.0,0.21531522303922995,0.07480870856498435,0.0793518795100145,22.837634105935678,0.7071847683192567,6000.0,0.01901462663587375,0.008160123171670516,12990.0
altered geometry,bi_corr_400_a_05,tensor_persistence_only,2,100.0,0.20335091924943685,0.07070797607608297,0.0876588342897633,22.648693183490362,0.7388220720991124,6000.0,0.018706697459584296,0.007852193995381063,12990.0
altered geometry,bi_corr_400_a_05,tensor_no_isotropic,8,100.0,0.19988709098805996,0.0692545684802753,0.08530098540655907,21.026021449846382,0.7476439695775936,6000.0,0.017782909930715934,0.007082371054657428,12990.0
altered geometry,bi_corr_400_a_05,tensor_no_forward,8,100.0,0.199801516967653,0.06919992339254137,0.084032611642928,20.8611872143845,0.7478599965098752,6000.0,0.017782909930715934,0.007236335642802155,12990.0
altered geometry,bi_corr_400_a_05,tensor_no_closing,8,100.0,0.2009252416004757,0.06991412797002766,0.08570761833669865,21.96941565942255,0.7450158469078292,6000.0,0.017397998460354117,0.006928406466512702,12990.0
altered geometry,bi_corr_400_a_05,tensor_no_wall,9,100.0,0.19943220281000423,0.06901920755692689,0.08539612294229405,20.767165083586207,0.748791248821741,6000.0,0.017859892224788298,0.007159353348729792,12990.0
altered geometry,bi_corr_400_a_05,tensor_response,10,100.0,0.19894588185279052,0.06887510727060739,0.08529489538624484,20.662377465902615,0.7500149140421847,6000.0,0.01793687451886066,0.007159353348729792,12990.0
altered geometry,bi_corr_400_a_05,tensor_without_cap,10,100.0,0.19894588185279052,0.06887510727060739,0.08529489538624484,20.662377465902615,0.7500149140421847,6000.0,0.01793687451886066,0.007159353348729792,12990.0
altered geometry,bi_corr_400_a_05,unrestricted_ten_scalar,22,100.0,0.19724188919824137,0.0680546145492379,0.08500478684936548,20.20412057025837,0.75427887261519,6000.0,0.017321016166281754,0.006543494996150885,12990.0
altered geometry,bi_corr_400_a_05,invariant_ridge,26,100.0,0.19560222124212362,0.06752317363597728,0.08401057972936066,20.076895035335113,0.7583472417232503,6000.0,0.017782909930715934,0.006851424172440339,12990.0
altered geometry,bi_corr_400_a_05,interaction_mlp,18434,100.0,0.17442600935374408,0.059176508729363655,0.07529251176527119,15.120642090445157,0.8078383665952998,6000.0,0.016936104695919937,0.006004618937644342,12990.0
altered geometry,bi_corr_400_a_05,goal_stable_neural,18434,100.0,0.17457688190153,0.0592840318741584,0.07588941340617095,15.319020967200803,0.8075057963113753,6000.0,0.016551193225558123,0.005850654349499615,12990.0
altered geometry,bi_corr_400_a_05,tensor_residual,18700,100.0,0.176575586326077,0.06013686396256943,0.0738533904422987,16.005782477255394,0.8030728906262512,6000.0,0.017397998460354117,0.006312548113933795,12990.0
altered geometry,bi_corr_400_a_05,tensor_residual_ungated,18700,100.0,0.176575586326077,0.06013686396256943,0.0738533904422987,16.005782477255394,0.8030728906262512,6000.0,0.017397998460354117,0.006312548113933795,12990.0
altered geometry,bi_corr_400_a_05,gel_ped,37134,100.0,0.1731457764507406,0.058800308751047,0.07361397074763028,15.331220075882143,0.8106488284298929,6000.0,0.01724403387220939,0.0062355658198614316,12990.0
altered geometry,bi_corr_400_b_08,constant_velocity,0,100.0,0.23146531684219218,0.07877422986465246,0.08775060472912048,25.87059344131203,0.6347727687635145,6000.0,0.026263952724885097,0.010833880499015102,9138.0
altered geometry,bi_corr_400_b_08,social_force,4,100.0,0.2260698288571295,0.07810112422642736,0.08835550773375007,24.43694995062783,0.6516013107740366,6000.0,0.025716787043116657,0.01039614795360035,9138.0
altered geometry,bi_corr_400_b_08,isotropic_constrained,4,100.0,0.22606982872888876,0.07810112418414687,0.08835550758177278,24.436949898510907,0.6516013111693031,6000.0,0.025716787043116657,0.01039614795360035,9138.0
altered geometry,bi_corr_400_b_08,isotropic_unconstrained,4,100.0,0.22606982872888876,0.07810112418414687,0.08835550758177278,24.436949898510907,0.6516013111693031,6000.0,0.025716787043116657,0.01039614795360035,9138.0
altered geometry,bi_corr_400_b_08,shared_goal_frame,6,100.0,0.22256549380518126,0.07632757794230602,0.09034397870638855,23.946271615104884,0.6623187341735428,6000.0,0.02484132195228715,0.009739549135478223,9138.0
altered geometry,bi_corr_400_b_08,decoupled_scalar_geometry,8,100.0,0.2254913931399924,0.07710954434111351,0.08478614918540249,24.066374587501237,0.6533818971366419,6000.0,0.02538848763405559,0.010177281680892974,9138.0
altered geometry,bi_corr_400_b_08,tensor_persistence_only,2,100.0,0.2106045272363553,0.07118319634632925,0.09292104002410496,23.558482230394425,0.697638349917278,6000.0,0.024184723134165025,0.008973517181002408,9138.0
altered geometry,bi_corr_400_b_08,tensor_no_isotropic,8,100.0,0.207305998245671,0.06997289191025428,0.0909979183795674,21.506477631448583,0.7070354730202107,6000.0,0.023528124316042898,0.008426351499233969,9138.0
altered geometry,bi_corr_400_b_08,tensor_no_forward,8,100.0,0.20761715394269273,0.07019220654645524,0.08897234098728639,21.416092046801577,0.7061553634835829,6000.0,0.023746990588750273,0.008426351499233969,9138.0
altered geometry,bi_corr_400_b_08,tensor_no_closing,8,100.0,0.2095559910089612,0.07100570010059214,0.0929216125635511,22.874129186586465,0.7006415895154281,6000.0,0.02341869117968921,0.008426351499233969,9138.0
altered geometry,bi_corr_400_b_08,tensor_no_wall,9,100.0,0.20688088444996855,0.06984133984551093,0.09082671820989628,21.23568183787924,0.708235781407594,6000.0,0.023746990588750273,0.007988618953819216,9138.0
altered geometry,bi_corr_400_b_08,tensor_response,10,100.0,0.20670995348038287,0.0698304405065453,0.09077116850226792,21.08783104360091,0.7087177103035608,6000.0,0.023637557452396585,0.007988618953819216,9138.0
altered geometry,bi_corr_400_b_08,tensor_without_cap,10,100.0,0.20670995348038287,0.0698304405065453,0.09077116850226792,21.08783104360091,0.7087177103035608,6000.0,0.023637557452396585,0.007988618953819216,9138.0
altered geometry,bi_corr_400_b_08,unrestricted_ten_scalar,22,100.0,0.20988032368020987,0.07089092744311876,0.09167575935979763,21.22225741444845,0.6997142302206554,6000.0,0.023746990588750273,0.008098052090172904,9138.0
altered geometry,bi_corr_400_b_08,invariant_ridge,26,100.0,0.20710158013145413,0.07001862102166836,0.09150463636241091,21.15255436739013,0.7076129549083082,6000.0,0.023746990588750273,0.008098052090172904,9138.0
altered geometry,bi_corr_400_b_08,interaction_mlp,18434,100.0,0.18392685203961862,0.062376248354652365,0.0818606298993583,16.443463937774435,0.7693881727085612,6000.0,0.023309258043335522,0.007769752681111841,9138.0
altered geometry,bi_corr_400_b_08,goal_stable_neural,18434,100.0,0.18539239786478393,0.06264447316717985,0.08358733301589953,16.72504301053856,0.7656984591782124,6000.0,0.02341869117968921,0.0075508864084044645,9138.0
altered geometry,bi_corr_400_b_08,tensor_residual,18700,100.0,0.1832928720966282,0.062044565273863796,0.07907276234837653,16.89188537357505,0.7709752307861091,6000.0,0.023309258043335522,0.007769752681111841,9138.0
altered geometry,bi_corr_400_b_08,tensor_residual_ungated,18700,100.0,0.1832928720966282,0.062044565273863796,0.07907276234837653,16.89188537357505,0.7709752307861091,6000.0,0.023309258043335522,0.007769752681111841,9138.0
altered geometry,bi_corr_400_b_08,gel_ped,37134,100.0,0.18104387807108915,0.061225002226960125,0.07924085880893168,16.413390223352003,0.7765609947929641,6000.0,0.02341869117968921,0.007879185817465528,9138.0
crossing external,crossing_90_d_1,constant_velocity,0,100.0,0.4080601850013467,0.14145429071399607,0.15560737961586601,11.640473813663723,0.8671832681978686,6000.0,0.018877957989896305,0.014978285916866082,22566.0
crossing external,crossing_90_d_1,social_force,4,100.0,0.3985146556024247,0.13931371506817902,0.16881608701439277,11.246962776712113,0.8733244087291295,6000.0,0.017592838784011345,0.013959053443233182,22566.0
crossing external,crossing_90_d_1,isotropic_constrained,4,100.0,0.39851465566700134,0.13931371509412813,0.1688160870721176,11.24696281398786,0.8733244086880757,6000.0,0.017592838784011345,0.013959053443233182,22566.0
crossing external,crossing_90_d_1,isotropic_unconstrained,4,100.0,0.39851465566700134,0.13931371509412813,0.1688160870721176,11.24696281398786,0.8733244086880757,6000.0,0.017592838784011345,0.013959053443233182,22566.0
crossing external,crossing_90_d_1,shared_goal_frame,6,100.0,0.39932441646373806,0.14101604717646551,0.19401975185074263,10.76311157382906,0.8728090894056066,6000.0,0.01675086413187982,0.01289550651422494,22566.0
crossing external,crossing_90_d_1,decoupled_scalar_geometry,8,100.0,0.3841807390932142,0.13366325608652246,0.15839175070038788,10.797105339995289,0.8822731508730957,6000.0,0.017459895417885313,0.013648852255605779,22566.0
crossing external,crossing_90_d_1,tensor_persistence_only,2,100.0,0.34662081343245127,0.1196695643873869,0.16061805438578255,8.944025191304966,0.9041673231223804,6000.0,0.016440662944252414,0.012408047505096163,22566.0
crossing external,crossing_90_d_1,tensor_no_isotropic,8,100.0,0.34499198616313065,0.11918384491154131,0.16332009110188378,8.88062534140874,0.9050658734333631,6000.0,0.016086147301249666,0.012097846317468759,22566.0
crossing external,crossing_90_d_1,tensor_no_forward,8,100.0,0.3429088046952231,0.11822062372578157,0.15897334585684378,8.873421184274854,0.9062089024549962,6000.0,0.015687317202871576,0.011831959585216698,22566.0
crossing external,crossing_90_d_1,tensor_no_closing,8,100.0,0.34763040810023776,0.12021717487742356,0.16442154549854504,8.905396634255844,0.9036082507312088,6000.0,0.015510059381370202,0.011654701763715324,22566.0
crossing external,crossing_90_d_1,tensor_no_wall,9,100.0,0.3453651333811421,0.11920181912426704,0.1638942270137064,8.898552714608012,0.9048603987304014,6000.0,0.015775946113622263,0.011876274040592041,22566.0
crossing external,crossing_90_d_1,tensor_response,10,100.0,0.3455160948183177,0.11927429064707638,0.16387077119718685,8.894275203386986,0.9047772082255994,6000.0,0.015554373836745546,0.011699016219090667,22566.0
crossing external,crossing_90_d_1,tensor_without_cap,10,100.0,0.3455160948183177,0.11927429064707638,0.16387077119718685,8.894275203386986,0.9047772082255994,6000.0,0.015554373836745546,0.011699016219090667,22566.0
crossing external,crossing_90_d_1,unrestricted_ten_scalar,22,100.0,0.34265895881046904,0.11822290510543754,0.1612429959886043,8.843467597141709,0.9063455264353819,6000.0,0.01582026056899761,0.011699016219090667,22566.0
crossing external,crossing_90_d_1,invariant_ridge,26,100.0,0.3456920554271314,0.1194430331834049,0.16578574522515258,8.88117085573505,0.9046801955122553,6000.0,0.015643002747496235,0.011654701763715324,22566.0
crossing external,crossing_90_d_1,interaction_mlp,18434,100.0,0.3708126811860373,0.1286019588365886,0.20780763634572824,8.636835801388102,0.8903235206664123,6000.0,0.014269254630860586,0.010236639191704333,22566.0
crossing external,crossing_90_d_1,goal_stable_neural,18434,100.0,0.37064789277261617,0.12855109567479578,0.20781303676098672,8.628112291025069,0.8904209790222966,6000.0,0.014269254630860586,0.010236639191704333,22566.0
crossing external,crossing_90_d_1,tensor_residual,18700,100.0,0.3392606785634956,0.11645990039148689,0.16783377290191062,8.529387780478428,0.9081939297275561,6000.0,0.013959053443233182,0.010015066914827616,22566.0
crossing external,crossing_90_d_1,tensor_residual_ungated,18700,100.0,0.3392606785634956,0.11645990039148689,0.16783377290191062,8.529387780478428,0.9081939297275561,6000.0,0.013959053443233182,0.010015066914827616,22566.0
crossing external,crossing_90_d_1,gel_ped,37134,100.0,0.3499514686900805,0.12085024023573405,0.184673659273158,8.463068795206443,0.9023167757068109,6000.0,0.014047682353983869,0.010148010280953646,22566.0
crossing external,crossing_90_d_2,constant_velocity,0,100.0,0.3993939471248907,0.13757601470344788,0.16894256868587823,8.272994610634695,0.9009396361265762,6000.0,0.01844649405489499,0.014612734748305368,17998.0
crossing external,crossing_90_d_2,social_force,4,100.0,0.3943681207547327,0.1368862816640569,0.1866485904958443,8.040977686907627,0.9034170284250979,6000.0,0.017501944660517837,0.013612623624847206,17998.0
crossing external,crossing_90_d_2,isotropic_constrained,4,100.0,0.3943681208189985,0.13688628168645464,0.18664859054899852,8.040977691742668,0.9034170283936198,6000.0,0.017501944660517837,0.013612623624847206,17998.0
crossing external,crossing_90_d_2,isotropic_unconstrained,4,100.0,0.3943681208189985,0.13688628168645464,0.18664859054899852,8.040977691742668,0.9034170283936198,6000.0,0.017501944660517837,0.013612623624847206,17998.0
crossing external,crossing_90_d_2,shared_goal_frame,6,100.0,0.40134495738565185,0.14093495115429924,0.21804040357765359,7.67016623638837,0.8999694670128144,6000.0,0.016501833537059675,0.012501389043227026,17998.0
crossing external,crossing_90_d_2,decoupled_scalar_geometry,8,100.0,0.37776298995477176,0.13016393718363037,0.17052427863818914,7.710581826656112,0.9113791776663487,6000.0,0.017557506389598843,0.013612623624847206,17998.0
crossing external,crossing_90_d_2,tensor_persistence_only,2,100.0,0.3505377132231609,0.11931572656333765,0.17334418972194288,6.515679634604928,0.923692634534191,6000.0,0.015946216246249582,0.011779086565173909,17998.0
crossing external,crossing_90_d_2,tensor_no_isotropic,8,100.0,0.3483485347685973,0.1186320204286395,0.17540761939446292,6.54030379734596,0.9246427680139112,6000.0,0.01561284587176353,0.011556839648849872,17998.0
crossing external,crossing_90_d_2,tensor_no_forward,8,100.0,0.34705099911345916,0.11795582100554668,0.17136745414300147,6.520996582794412,0.9252031067643526,6000.0,0.015279475497277475,0.011056784087120792,17998.0
crossing external,crossing_90_d_2,tensor_no_closing,8,100.0,0.35067725707872094,0.11955801909327915,0.17645800841931114,6.512581385433349,0.923631868784699,6000.0,0.015112790310034449,0.01116790754528281,17998.0
crossing external,crossing_90_d_2,tensor_no_wall,9,100.0,0.34925653248134986,0.11887094447521061,0.17604034347971423,6.524792124841764,0.9242494069748793,6000.0,0.01500166685187243,0.010890098899877763,17998.0
crossing external,crossing_90_d_2,tensor_response,10,100.0,0.34931144713172485,0.11890682919422431,0.17600304711072845,6.544232205617986,0.9242255841170368,6000.0,0.01494610512279142,0.010834537170796755,17998.0
crossing external,crossing_90_d_2,tensor_without_cap,10,100.0,0.34931144713172485,0.11890682919422431,0.17600304711072845,6.544232205617986,0.9242255841170368,6000.0,0.01494610512279142,0.010834537170796755,17998.0
crossing external,crossing_90_d_2,unrestricted_ten_scalar,22,100.0,0.348501203306989,0.11840479524947639,0.17339332832441892,6.566196775686718,0.9245767008521014,6000.0,0.014557173019224358,0.010278919879986664,17998.0
crossing external,crossing_90_d_2,invariant_ridge,26,100.0,0.35208738273222656,0.11987413216159984,0.17881892375323943,6.626611592530147,0.9230164586042111,6000.0,0.014890543393710412,0.010612290254472719,17998.0
crossing external,crossing_90_d_2,interaction_mlp,18434,100.0,0.3868801521536792,0.1340997931180579,0.2299333169202615,6.86268465186224,0.9070499000065788,6000.0,0.013057006334037115,0.009167685298366484,17998.0
crossing external,crossing_90_d_2,goal_stable_neural,18434,100.0,0.3868612539724003,0.1340888737141224,0.22992812600392873,6.856973162512013,0.9070589805702997,6000.0,0.013057006334037115,0.009167685298366484,17998.0
crossing external,crossing_90_d_2,tensor_residual,18700,100.0,0.3503302809376792,0.11913715251119186,0.17899849543255777,6.73251379799274,0.9237829182742534,6000.0,0.013279253250361151,0.00944549394377153,17998.0
crossing external,crossing_90_d_2,tensor_residual_ungated,18700,100.0,0.3503302809376792,0.11913715251119186,0.17899849543255777,6.73251379799274,0.9237829182742534,6000.0,0.013279253250361151,0.00944549394377153,17998.0
crossing external,crossing_90_d_2,gel_ped,37134,100.0,0.36178062693490104,0.12412827518414467,0.19949152678054238,6.649268103531679,0.9187192737541316,6000.0,0.01333481497944216,0.009223247027447494,17998.0
crossing external,crossing_90_d_3,constant_velocity,0,100.0,0.3721267453211786,0.1282650539281492,0.156336256812784,7.157240652002288,0.9130712091295343,6000.0,0.01564920979237682,0.013634955066625348,12908.0
crossing external,crossing_90_d_3,social_force,4,100.0,0.3698783407497463,0.12865055115936447,0.176774948411079,6.944026153648972,0.9141184900982182,6000.0,0.013325069724202046,0.011465757669662225,12908.0
crossing external,crossing_90_d_3,isotropic_constrained,4,100.0,0.3698783407401122,0.1286505511542058,0.17677494838723137,6.944026166227193,0.914118490102692,6000.0,0.013325069724202046,0.011465757669662225,12908.0
crossing external,crossing_90_d_3,isotropic_unconstrained,4,100.0,0.3698783407401122,0.1286505511542058,0.17677494838723137,6.944026166227193,0.914118490102692,6000.0,0.013325069724202046,0.011465757669662225,12908.0
crossing external,crossing_90_d_3,shared_goal_frame,6,100.0,0.37661340808092003,0.13288334295974566,0.2078566510841719,6.614058273972038,0.9109624041382485,6000.0,0.013015184381778741,0.01100092965602727,12908.0
crossing external,crossing_90_d_3,decoupled_scalar_geometry,8,100.0,0.3518468051955376,0.121410882409761,0.15830187602784784,6.631437914708341,0.9222878197141893,6000.0,0.013867369073442826,0.011853114347691355,12908.0
crossing external,crossing_90_d_3,tensor_persistence_only,2,100.0,0.3274205813584125,0.11159158595963557,0.15903214022716974,5.631132771994439,0.9327032919552766,6000.0,0.01193058568329718,0.009916330957545709,12908.0
crossing external,crossing_90_d_3,tensor_no_isotropic,8,100.0,0.3267220217606882,0.11132342603043499,0.161668538651967,5.597651927656633,0.9329901438802007,6000.0,0.011698171676479702,0.009683916950728231,12908.0
crossing external,crossing_90_d_3,tensor_no_forward,8,100.0,0.32577609322800194,0.11071367475836064,0.15832726042690112,5.596813758656701,0.9333775972627503,6000.0,0.011620700340873877,0.009606445615122404,12908.0
crossing external,crossing_90_d_3,tensor_no_closing,8,100.0,0.3278720986283075,0.11193851812788774,0.1624926176382086,5.629467206158652,0.9325175578951197,6000.0,0.01154322900526805,0.009528974279516579,12908.0
crossing external,crossing_90_d_3,tensor_no_wall,9,100.0,0.3274126299178509,0.11147622563090615,0.16220187343887546,5.592546425861551,0.9327065605297458,6000.0,0.011698171676479702,0.009683916950728231,12908.0
crossing external,crossing_90_d_3,tensor_response,10,100.0,0.32744145367711863,0.11151044644704702,0.16216176613566935,5.608193012921698,0.9326947116570949,6000.0,0.011698171676479702,0.009683916950728231,12908.0
crossing external,crossing_90_d_3,tensor_without_cap,10,100.0,0.32744145367711863,0.11151044644704702,0.16216176613566935,5.608193012921698,0.9326947116570949,6000.0,0.011698171676479702,0.009683916950728231,12908.0
crossing external,crossing_90_d_3,unrestricted_ten_scalar,22,100.0,0.32762841447773516,0.11137968100427167,0.1602202061886125,5.624951261751331,0.9326178304750136,6000.0,0.01100092965602727,0.008986674930275797,12908.0
crossing external,crossing_90_d_3,invariant_ridge,26,100.0,0.3307569760448169,0.1127496446380933,0.16505775194039018,5.683790510220266,0.9313248059537244,6000.0,0.011233343662844748,0.00914161760148745,12908.0
crossing external,crossing_90_d_3,interaction_mlp,18434,100.0,0.36463845408124124,0.1267995189023344,0.20368795379044077,5.974094476916749,0.9165345377415154,6000.0,0.010768515649209793,0.008986674930275797,12908.0
crossing external,crossing_90_d_3,goal_stable_neural,18434,100.0,0.3646376003573312,0.12679930461380226,0.20368795692389874,5.974094476916749,0.9165349285745533,6000.0,0.010768515649209793,0.008986674930275797,12908.0
crossing external,crossing_90_d_3,tensor_residual,18700,100.0,0.3367814787771915,0.11503686599680996,0.16507888163293674,5.753147190917675,0.9288002827629033,6000.0,0.010691044313603966,0.00875426092345832,12908.0
crossing external,crossing_90_d_3,tensor_residual_ungated,18700,100.0,0.3367814787771915,0.11503686599680996,0.16507888163293674,5.753147190917675,0.9288002827629033,6000.0,0.010691044313603966,0.00875426092345832,12908.0
crossing external,crossing_90_d_3,gel_ped,37134,100.0,0.3457064619499352,0.11908481231286608,0.1807731019219134,5.8163918477128975,0.9249765788302863,6000.0,0.010536101642392316,0.008676789587852495,12908.0
crossing external,crossing_90_d_5,constant_velocity,0,100.0,0.40905218315230474,0.14233191590703495,0.16124791538778147,11.691881775342438,0.8412457357224268,6000.0,0.016122143924834506,0.012972453555413196,18732.0
crossing external,crossing_90_d_5,social_force,4,100.0,0.3948953611778599,0.1381187508411671,0.16786115006134322,11.288665173677478,0.8520441865157534,6000.0,0.013986760623531923,0.011050608584240871,18732.0
crossing external,crossing_90_d_5,isotropic_constrained,4,100.0,0.3948953612742724,0.1381187508820877,0.16786115017395284,11.28866522241294,0.8520441864435074,6000.0,0.013986760623531923,0.011050608584240871,18732.0
crossing external,crossing_90_d_5,isotropic_unconstrained,4,100.0,0.3948953612742724,0.1381187508820877,0.16786115017395284,11.28866522241294,0.8520441864435074,6000.0,0.013986760623531923,0.011050608584240871,18732.0
crossing external,crossing_90_d_5,shared_goal_frame,6,100.0,0.3904860553396462,0.13745101944032326,0.18555171535763104,10.723330705375627,0.855329817718122,6000.0,0.013506299380738843,0.01046337817638266,18732.0
crossing external,crossing_90_d_5,decoupled_scalar_geometry,8,100.0,0.3822173774559948,0.13318287764420472,0.1602365790847142,10.797165645427185,0.8613918310244517,6000.0,0.013879991458466795,0.010943839419175741,18732.0
crossing external,crossing_90_d_5,tensor_persistence_only,2,100.0,0.3537016706063302,0.122178200962333,0.16670758627361068,9.152886699684025,0.8813023305210629,6000.0,0.01323937646807602,0.010089686098654708,18732.0
crossing external,crossing_90_d_5,tensor_no_isotropic,8,100.0,0.35007149252856906,0.12100814302505827,0.16689906154827527,9.007177162153718,0.8837263081179214,6000.0,0.01243860773008755,0.009449071108263934,18732.0
crossing external,crossing_90_d_5,tensor_no_forward,8,100.0,0.3493592811669829,0.1205620054608002,0.1644463007949521,8.99960591564658,0.8841989384652128,6000.0,0.012385223147554986,0.009395686525731368,18732.0
crossing external,crossing_90_d_5,tensor_no_closing,8,100.0,0.3525198121723315,0.12196842917505937,0.16776204290768976,9.161117007712264,0.8820942378331218,6000.0,0.01243860773008755,0.009502455690796498,18732.0
crossing external,crossing_90_d_5,tensor_no_wall,9,100.0,0.35056155063879835,0.121140339350884,0.1675017174240354,8.970038823126705,0.8834005418094981,6000.0,0.01243860773008755,0.009342301943198805,18732.0
crossing external,crossing_90_d_5,tensor_response,10,100.0,0.3506250291211965,0.12118376114860006,0.16746533176121692,8.99877614606423,0.8833583111269538,6000.0,0.012385223147554986,0.009342301943198805,18732.0
crossing external,crossing_90_d_5,tensor_without_cap,10,100.0,0.3506250291211965,0.12118376114860006,0.16746533176121692,8.99877614606423,0.8833583111269538,6000.0,0.012385223147554986,0.009342301943198805,18732.0
crossing external,crossing_90_d_5,unrestricted_ten_scalar,22,100.0,0.3492225767874181,0.12029044883733829,0.1655769027703913,8.884713597226181,0.8842895467065359,6000.0,0.0120649156523596,0.008915225282938288,18732.0
crossing external,crossing_90_d_5,invariant_ridge,26,100.0,0.3509948814158205,0.12109818746371073,0.16886332326480438,8.885253773798883,0.8831121053764585,6000.0,0.012118300234892163,0.009021994448003416,18732.0
crossing external,crossing_90_d_5,interaction_mlp,18434,100.0,0.3636770434880253,0.12552759237481578,0.1879606358537695,8.941900886056267,0.8745127085455475,6000.0,0.01126414691437113,0.008327994875080076,18732.0
crossing external,crossing_90_d_5,goal_stable_neural,18434,100.0,0.3678761338111089,0.1260726051563654,0.1890722240579857,8.964163524319396,0.871598174805649,6000.0,0.01126414691437113,0.008327994875080076,18732.0
crossing external,crossing_90_d_5,tensor_residual,18700,100.0,0.34827953123867245,0.1200083396827753,0.16726618200836038,8.995923782898526,0.8849136351834412,6000.0,0.011157377749306,0.008221225710014948,18732.0
crossing external,crossing_90_d_5,tensor_residual_ungated,18700,100.0,0.34827953123867245,0.1200083396827753,0.16726618200836038,8.995923782898526,0.8849136351834412,6000.0,0.011157377749306,0.008221225710014948,18732.0
crossing external,crossing_90_d_5,gel_ped,37134,100.0,0.35287051966545835,0.12168725706672952,0.17597919658849862,8.859780910601144,0.8818595219291004,6000.0,0.011317531496903694,0.008381379457612642,18732.0
crossing external,crossing_90_d_6,constant_velocity,0,100.0,0.41797725092601234,0.14517034658057357,0.15047066483834964,17.327089535417993,0.7813275718268395,6000.0,0.02000116624876086,0.015336171205318095,17149.0
crossing external,crossing_90_d_6,social_force,4,100.0,0.3993942259296613,0.1393590590382851,0.15193576928876923,16.62144818688754,0.8003394326529066,6000.0,0.019126479678115343,0.014169922444457403,17149.0
crossing external,crossing_90_d_6,isotropic_constrained,4,100.0,0.39939422601983604,0.13935905908322577,0.15193576939043052,16.621448243089855,0.8003394325627484,6000.0,0.019126479678115343,0.014169922444457403,17149.0
crossing external,crossing_90_d_6,isotropic_unconstrained,4,100.0,0.39939422601983604,0.13935905908322577,0.15193576939043052,16.621448243089855,0.8003394325627484,6000.0,0.019126479678115343,0.014169922444457403,17149.0
crossing external,crossing_90_d_6,shared_goal_frame,6,100.0,0.39008395657204176,0.13681534951987673,0.16581153010484073,15.98469436711477,0.8095395023069774,6000.0,0.018018543355297685,0.01300367368359671,17149.0
crossing external,crossing_90_d_6,decoupled_scalar_geometry,8,100.0,0.38925236753465564,0.13533499447559685,0.14770057712861503,15.938640995307093,0.8103506919763327,6000.0,0.018485042859641962,0.013703422940113126,17149.0
crossing external,crossing_90_d_6,tensor_persistence_only,2,100.0,0.3555510776036741,0.12257832037407682,0.15830050471709395,13.568933518028725,0.8417685764026251,6000.0,0.017027231908566098,0.011662487608606916,17149.0
crossing external,crossing_90_d_6,tensor_no_isotropic,8,100.0,0.35091184565273426,0.1209289079384007,0.15711211517094986,13.518644630615864,0.8458708459940646,6000.0,0.017552043850953408,0.012070674674908157,17149.0
crossing external,crossing_90_d_6,tensor_no_forward,8,100.0,0.3507023349416281,0.12064838733905148,0.15473324107872766,13.328700706073743,0.8460548356155668,6000.0,0.017493731412910375,0.011954049798822088,17149.0
crossing external,crossing_90_d_6,tensor_no_closing,8,100.0,0.35364761295824426,0.12202400711846476,0.1580864439399453,13.610188292259,0.8434582447820549,6000.0,0.016385795090092716,0.0109627383520905,17149.0
crossing external,crossing_90_d_6,tensor_no_wall,9,100.0,0.3512050986892951,0.12093141850409739,0.15753787025455435,13.36294176062227,0.8456131303935561,6000.0,0.017027231908566098,0.011604175170563882,17149.0
crossing external,crossing_90_d_6,tensor_response,10,100.0,0.3513781854026459,0.12100997916110448,0.15751579788467515,13.387375577809046,0.8454609179068263,6000.0,0.017027231908566098,0.011604175170563882,17149.0
crossing external,crossing_90_d_6,tensor_without_cap,10,100.0,0.3513781854026459,0.12100997916110448,0.15751579788467515,13.387375577809046,0.8454609179068263,6000.0,0.017027231908566098,0.011604175170563882,17149.0
crossing external,crossing_90_d_6,unrestricted_ten_scalar,22,100.0,0.34927573089374137,0.11992703080064658,0.15554576718676916,13.089124135819608,0.8473047395073239,6000.0,0.016852294594436993,0.011487550294477813,17149.0
crossing external,crossing_90_d_6,invariant_ridge,26,100.0,0.3503616027235341,0.12049004857218096,0.15850539046962256,13.174117995080445,0.8463538276134621,6000.0,0.016968919470523064,0.011604175170563882,17149.0
crossing external,crossing_90_d_6,interaction_mlp,18434,100.0,0.34681150780847536,0.1186618887213959,0.17198384907640624,12.031590171171569,0.8494517414168851,6000.0,0.014753046824887749,0.009213365210799464,17149.0
crossing external,crossing_90_d_6,goal_stable_neural,18434,100.0,0.3466168200845724,0.11858787207867838,0.17200711298002302,12.008251744896196,0.8496207189183288,6000.0,0.014753046824887749,0.009213365210799464,17149.0
crossing external,crossing_90_d_6,tensor_residual,18700,100.0,0.3375163108442912,0.11482359110513414,0.15752436366708225,12.052359281751203,0.8574135462706022,6000.0,0.015219546329232026,0.009621552277100705,17149.0
crossing external,crossing_90_d_6,tensor_residual_ungated,18700,100.0,0.3375163108442912,0.11482359110513414,0.15752436366708225,12.052359281751203,0.8574135462706022,6000.0,0.015219546329232026,0.009621552277100705,17149.0
crossing external,crossing_90_d_6,gel_ped,37134,100.0,0.3396703710338301,0.11585386054043881,0.1633525526913382,11.93847696062304,0.8555877388005215,6000.0,0.015336171205318095,0.009563239839057672,17149.0
crossing external,crossing_90_d_7,constant_velocity,0,100.0,0.40712891206799184,0.1408317731421834,0.1498419352057722,19.10384825556146,0.7660146096903814,6000.0,0.022908140063665303,0.016427921782628467,17592.0
crossing external,crossing_90_d_7,social_force,4,100.0,0.3897179098905223,0.13538815267349671,0.1515540115088672,18.052790710150468,0.78559960477624,6000.0,0.02205547976352888,0.015575261482492041,17592.0
crossing external,crossing_90_d_7,isotropic_constrained,4,100.0,0.3897179099911887,0.13538815271331228,0.151554011622328,18.05279071272779,0.7855996046654782,6000.0,0.02205547976352888,0.015575261482492041,17592.0
crossing external,crossing_90_d_7,isotropic_unconstrained,4,100.0,0.3897179099911887,0.13538815271331228,0.151554011622328,18.05279071272779,0.7855996046654782,6000.0,0.02205547976352888,0.015575261482492041,17592.0
crossing external,crossing_90_d_7,shared_goal_frame,6,100.0,0.38721945326952206,0.13484705402380848,0.1692651223161091,17.809880161683715,0.7883398073693934,6000.0,0.020463847203274217,0.01409731696225557,17592.0
crossing external,crossing_90_d_7,decoupled_scalar_geometry,8,100.0,0.3853572167779019,0.13323700896465746,0.14826916676754232,17.605193262295924,0.7903707669213522,6000.0,0.02131650750341064,0.015063665302410186,17592.0
crossing external,crossing_90_d_7,tensor_persistence_only,2,100.0,0.3813531403821626,0.12834886288424555,0.17485312842904244,15.972824242526807,0.7947044638594551,6000.0,0.01983856298317417,0.01318781264211005,17592.0
crossing external,crossing_90_d_7,tensor_no_isotropic,8,100.0,0.3784630301123351,0.12704345415878315,0.17574289723467112,15.594441750622817,0.7978043646683705,6000.0,0.019781718963165076,0.013017280582082765,17592.0
crossing external,crossing_90_d_7,tensor_no_forward,8,100.0,0.37956664256778644,0.1272312118389821,0.17306131711232298,15.523957595067321,0.796623425161314,6000.0,0.019668030923146885,0.013017280582082765,17592.0
crossing external,crossing_90_d_7,tensor_no_closing,8,100.0,0.3781710906427049,0.12755321036006595,0.17608104759971757,16.020085916937276,0.798116184396814,6000.0,0.018985902683037743,0.012562528422010005,17592.0
crossing external,crossing_90_d_7,tensor_no_wall,9,100.0,0.3798906983442774,0.12738079830470803,0.1768997126600697,15.561763581280559,0.7962760106106207,6000.0,0.01983856298317417,0.01318781264211005,17592.0
crossing external,crossing_90_d_7,tensor_response,10,100.0,0.3795857919264343,0.12738970401401756,0.17674491780979415,15.571047792972056,0.7966029037098689,6000.0,0.01972487494315598,0.013130968622100956,17592.0
crossing external,crossing_90_d_7,tensor_without_cap,10,100.0,0.3795857919264343,0.12738970401401756,0.17674491780979415,15.571047792972056,0.7966029037098689,6000.0,0.01972487494315598,0.013130968622100956,17592.0
crossing external,crossing_90_d_7,unrestricted_ten_scalar,22,100.0,0.38294107374717873,0.12756500707403448,0.1765322655153725,15.567969303285428,0.7929912258613077,6000.0,0.01972487494315598,0.013130968622100956,17592.0
crossing external,crossing_90_d_7,invariant_ridge,26,100.0,0.383464899883512,0.12788221921296067,0.17934891674115103,15.548745648290708,0.7924245027848471,6000.0,0.020009095043201454,0.013415188722146431,17592.0
crossing external,crossing_90_d_7,interaction_mlp,18434,100.0,0.35142720192926175,0.11939969616699656,0.1776070278964918,13.838571239288196,0.8256605781174711,6000.0,0.018474306502955888,0.011255115961800819,17592.0
crossing external,crossing_90_d_7,goal_stable_neural,18434,100.0,0.3511128170363977,0.1191236240028336,0.17886359098177987,13.724128968540185,0.8259723648200737,6000.0,0.018531150522964984,0.011311959981809913,17592.0
crossing external,crossing_90_d_7,tensor_residual,18700,100.0,0.34112206263952916,0.1152052263622271,0.16059963542177863,13.648123763208158,0.8357352147444589,6000.0,0.01858799454297408,0.011653024101864484,17592.0
crossing external,crossing_90_d_7,tensor_residual_ungated,18700,100.0,0.34112206263952916,0.1152052263622271,0.16059963542177863,13.648123763208158,0.8357352147444589,6000.0,0.01858799454297408,0.011653024101864484,17592.0
crossing external,crossing_90_d_7,gel_ped,37134,100.0,0.34342824413559236,0.11631879089425384,0.1677974195528153,13.572066048552747,0.8335066579586743,6000.0,0.01870168258299227,0.011596180081855388,17592.0
crossing external,crossing_90_d_8,constant_velocity,0,100.0,0.4170404856445794,0.14359793178630836,0.1581771001726247,21.978934844227112,0.7388503966194642,6000.0,0.024536235468711354,0.016324511501360377,20215.0
crossing external,crossing_90_d_8,social_force,4,100.0,0.3995105028872578,0.13796407288515322,0.15746190507854632,20.758059829138602,0.7603434309858006,6000.0,0.023299530051941627,0.015087806084590651,20215.0
crossing external,crossing_90_d_8,isotropic_constrained,4,100.0,0.39951050303196445,0.13796407294276256,0.15746190520476158,20.75805976110041,0.7603434308121887,6000.0,0.023299530051941627,0.015087806084590651,20215.0
crossing external,crossing_90_d_8,isotropic_unconstrained,4,100.0,0.39951050303196445,0.13796407294276256,0.15746190520476158,20.75805976110041,0.7603434308121887,6000.0,0.023299530051941627,0.015087806084590651,20215.0
crossing external,crossing_90_d_8,shared_goal_frame,6,100.0,0.3948727989896113,0.1369343613243704,0.1748691935971258,20.664636679666422,0.7658752257482215,6000.0,0.022903784318575315,0.014345782834528815,20215.0
crossing external,crossing_90_d_8,decoupled_scalar_geometry,8,100.0,0.3955831444941301,0.1363135716887681,0.15570018015358186,20.8832691602241,0.765032123512598,6000.0,0.023299530051941627,0.015087806084590651,20215.0
crossing external,crossing_90_d_8,tensor_persistence_only,2,100.0,0.37518329697791347,0.1269277592138325,0.17443860188845503,18.65960173089458,0.7886413986864618,6000.0,0.022211229285184268,0.013306950284442245,20215.0
crossing external,crossing_90_d_8,tensor_no_isotropic,8,100.0,0.3703907661421259,0.12499321472785303,0.17407894787249703,18.325764847849126,0.7940066323716485,6000.0,0.021370269601780855,0.012416522384368044,20215.0
crossing external,crossing_90_d_8,tensor_no_forward,8,100.0,0.3706689861030503,0.12498545758409746,0.17104859453835253,18.20521121154685,0.7936970512656398,6000.0,0.021617610685134802,0.01256492703438041,20215.0
crossing external,crossing_90_d_8,tensor_no_closing,8,100.0,0.37276791526713476,0.1261880046375072,0.17536210496221036,18.709059481062972,0.7913540375478579,6000.0,0.02067771456838981,0.012119713084343309,20215.0
crossing external,crossing_90_d_8,tensor_no_wall,9,100.0,0.37139778356081493,0.12517547495895234,0.17500624890156197,18.190700539140142,0.7928850012701278,6000.0,0.021370269601780855,0.012268117734355677,20215.0
crossing external,crossing_90_d_8,tensor_response,10,100.0,0.3714455954892057,0.1252559655897712,0.1749720837200049,18.206753930181467,0.7928316719002164,6000.0,0.021370269601780855,0.012268117734355677,20215.0
crossing external,crossing_90_d_8,tensor_without_cap,10,100.0,0.3714455954892057,0.1252559655897712,0.1749720837200049,18.206753930181467,0.7928316719002164,6000.0,0.021370269601780855,0.012268117734355677,20215.0
crossing external,crossing_90_d_8,unrestricted_ten_scalar,22,100.0,0.37203525304457835,0.12486584112827231,0.17352688485585274,18.15716608886879,0.792173404134699,6000.0,0.020925055651743754,0.011773435567647787,20215.0
crossing external,crossing_90_d_8,invariant_ridge,26,100.0,0.37283997877515024,0.12514968656722444,0.17619532829510232,18.209219707930934,0.7912733588589014,6000.0,0.021023992085085333,0.011822903784318575,20215.0
crossing external,crossing_90_d_8,interaction_mlp,18434,100.0,0.3565738385871709,0.11943411390593028,0.18439337793378502,15.137673566710511,0.8090885887983892,6000.0,0.01973781845164482,0.010239920850853327,20215.0
crossing external,crossing_90_d_8,goal_stable_neural,18434,100.0,0.3576123979490092,0.11946448355445403,0.1852388816840712,15.054086999356743,0.8079748695218077,6000.0,0.01958941380163245,0.01009151620084096,20215.0
crossing external,crossing_90_d_8,tensor_residual,18700,100.0,0.344539735254758,0.1151124715968034,0.16690920972073123,15.203456820978104,0.8217573761619625,6000.0,0.01973781845164482,0.010437793717536482,20215.0
crossing external,crossing_90_d_8,tensor_residual_ungated,18700,100.0,0.344539735254758,0.1151124715968034,0.16690920972073123,15.203456820978104,0.8217573761619625,6000.0,0.01973781845164482,0.010437793717536482,20215.0
crossing external,crossing_90_d_8,gel_ped,37134,100.0,0.34721238265176335,0.11611375494069849,0.17407524626679424,14.998381559283143,0.8189813401305768,6000.0,0.019391540934949294,0.01004204798417017,20215.0
crossing external,crossing_90_e_1,constant_velocity,0,100.0,0.40660815750547846,0.14068023259136844,0.1482081763426271,14.308451808589565,0.8311836979784442,6000.0,0.021418372203712517,0.0165992384578772,16808.0
crossing external,crossing_90_e_1,social_force,4,100.0,0.3920470121489968,0.13633785568709697,0.1543224433888599,13.77142762251914,0.8430582450219317,6000.0,0.019217039504997622,0.014457401237505949,16808.0
crossing external,crossing_90_e_1,isotropic_constrained,4,100.0,0.39204701218156185,0.1363378557090141,0.15432244344155008,13.771427362125616,0.8430582449958592,6000.0,0.019217039504997622,0.014457401237505949,16808.0
crossing external,crossing_90_e_1,isotropic_unconstrained,4,100.0,0.39204701218156185,0.1363378557090141,0.15432244344155008,13.771427362125616,0.8430582449958592,6000.0,0.019217039504997622,0.014457401237505949,16808.0
crossing external,crossing_90_e_1,shared_goal_frame,6,100.0,0.3856994822820488,0.1347473782966431,0.1678644408880511,13.043868635439884,0.8480991095179072,6000.0,0.018681580199904808,0.013921941932413136,16808.0
crossing external,crossing_90_e_1,decoupled_scalar_geometry,8,100.0,0.3811797870496762,0.13170353259333273,0.14617992231516821,13.077569288081367,0.8516382545221454,6000.0,0.01903855306996668,0.014278914802475012,16808.0
crossing external,crossing_90_e_1,tensor_persistence_only,2,100.0,0.3596147431459492,0.12285551515936693,0.16105123033720273,11.409332274239304,0.8679503712899984,6000.0,0.017432175154688243,0.012494050452165636,16808.0
crossing external,crossing_90_e_1,tensor_no_isotropic,8,100.0,0.3566303593957602,0.12167370910113379,0.16060477037741705,11.26391382527891,0.8701329933482649,6000.0,0.017253688719657306,0.012196573060447406,16808.0
crossing external,crossing_90_e_1,tensor_no_forward,8,100.0,0.3568030803885107,0.12153339080484418,0.1593928551651001,11.196541587647694,0.870007170128307,6000.0,0.017432175154688243,0.012375059495478343,16808.0
crossing external,crossing_90_e_1,tensor_no_closing,8,100.0,0.35759552957437296,0.12223276992120191,0.16047631285611907,11.333198844325496,0.8694291083795406,6000.0,0.01618277010947168,0.011244645406949073,16808.0
crossing external,crossing_90_e_1,tensor_no_wall,9,100.0,0.3567380027850792,0.12158716297249156,0.16113529675188104,11.293571110121114,0.8700545847994106,6000.0,0.017551166111375534,0.012375059495478343,16808.0
crossing external,crossing_90_e_1,tensor_response,10,100.0,0.3567771133295763,0.12163246901065346,0.16106171080792092,11.233052798910105,0.8700260904170003,6000.0,0.017253688719657306,0.01213707758210376,16808.0
crossing external,crossing_90_e_1,tensor_without_cap,10,100.0,0.3567771133295763,0.12163246901065346,0.16106171080792092,11.233052798910105,0.8700260904170003,6000.0,0.017253688719657306,0.01213707758210376,16808.0
crossing external,crossing_90_e_1,unrestricted_ten_scalar,22,100.0,0.35736000104743476,0.12139948960426677,0.16030726503714549,11.198258884942593,0.8696010514801122,6000.0,0.01707520228462637,0.012018086625416468,16808.0
crossing external,crossing_90_e_1,invariant_ridge,26,100.0,0.35851452372626347,0.12194278251968663,0.16297923317662769,11.211939432650992,0.8687571308877073,6000.0,0.017015706806282723,0.01183960019038553,16808.0
crossing external,crossing_90_e_1,interaction_mlp,18434,100.0,0.35232673296569655,0.12093158614741771,0.16965441915584495,10.82585267571817,0.8732484142226842,6000.0,0.016004283674440744,0.010947168015230843,16808.0
crossing external,crossing_90_e_1,goal_stable_neural,18434,100.0,0.35318345676483054,0.12097802795444781,0.17027736796242843,10.822250747170077,0.8726312420586526,6000.0,0.0159447881960971,0.010887672536887197,16808.0
crossing external,crossing_90_e_1,tensor_residual,18700,100.0,0.3418064898778219,0.11661050899103072,0.1533785015460863,10.935705082532602,0.8807048419761285,6000.0,0.016301761066158972,0.011244645406949073,16808.0
crossing external,crossing_90_e_1,tensor_residual_ungated,18700,100.0,0.3418064898778219,0.11661050899103072,0.1533785015460863,10.935705082532602,0.8807048419761285,6000.0,0.016301761066158972,0.011244645406949073,16808.0
crossing external,crossing_90_e_1,gel_ped,37134,100.0,0.3445984449594973,0.11787023383589706,0.15998063559215503,10.910253258249742,0.8787480212844178,6000.0,0.0159447881960971,0.011006663493574488,16808.0
crossing external,crossing_90_e_2,constant_velocity,0,100.0,0.41991187567551996,0.1446431429109907,0.15845496097349376,15.67883404669786,0.8168819129275788,6000.0,0.024379353455974282,0.01652080728701554,22396.0
crossing external,crossing_90_e_2,social_force,4,100.0,0.4062274544630605,0.14048791073394082,0.16466901846836415,15.009930715976886,0.8286226310134505,6000.0,0.022459367744240042,0.014645472405786748,22396.0
crossing external,crossing_90_e_2,isotropic_constrained,4,100.0,0.40622745451435527,0.1404879107532446,0.16466901853672086,15.009930713784328,0.8286226309701704,6000.0,0.022459367744240042,0.014645472405786748,22396.0
crossing external,crossing_90_e_2,isotropic_unconstrained,4,100.0,0.40622745451435527,0.1404879107532446,0.16466901853672086,15.009930713784328,0.8286226309701704,6000.0,0.022459367744240042,0.014645472405786748,22396.0
crossing external,crossing_90_e_2,shared_goal_frame,6,100.0,0.40053795503836687,0.1388728200387711,0.17809979413196939,14.314486677980362,0.8333895333640711,6000.0,0.021387747812109306,0.013529201643150563,22396.0
crossing external,crossing_90_e_2,decoupled_scalar_geometry,8,100.0,0.3965785647815045,0.13641300034551415,0.15683747084241978,14.440748050404515,0.8366672020211428,6000.0,0.02201285943918557,0.01424361493123772,22396.0
crossing external,crossing_90_e_2,tensor_persistence_only,2,100.0,0.3870827144698195,0.1313123431687012,0.17689654717071995,13.396260019022856,0.8443953811010154,6000.0,0.020673334524022147,0.012904090016074298,22396.0
crossing external,crossing_90_e_2,tensor_no_isotropic,8,100.0,0.3848895332223108,0.13023277305078174,0.17674286023651897,13.317716778706174,0.8461536736673748,6000.0,0.019914270405429542,0.012323629219503482,22396.0
crossing external,crossing_90_e_2,tensor_no_forward,8,100.0,0.38538438926980206,0.13019137538733264,0.17457889041267816,13.155061972071616,0.8457578160507556,6000.0,0.020182175388462224,0.01254688337203072,22396.0
crossing external,crossing_90_e_2,tensor_no_closing,8,100.0,0.3843584048853988,0.1304604086688905,0.17667109650718177,13.270620679969447,0.8465779812000975,6000.0,0.019646365422396856,0.012145025897481693,22396.0
crossing external,crossing_90_e_2,tensor_no_wall,9,100.0,0.3851608809026419,0.13020439417012863,0.17692975016750695,13.220653282078562,0.8459366734342509,6000.0,0.020226826218967674,0.012412930880514378,22396.0
crossing external,crossing_90_e_2,tensor_response,10,100.0,0.385078045549249,0.13024114030110406,0.1768921844678248,13.205269591578825,0.8460029341497266,6000.0,0.02027147704947312,0.012457581711019825,22396.0
crossing external,crossing_90_e_2,tensor_without_cap,10,100.0,0.385078045549249,0.13024114030110406,0.1768921844678248,13.205269591578825,0.8460029341497266,6000.0,0.02027147704947312,0.012457581711019825,22396.0
crossing external,crossing_90_e_2,unrestricted_ten_scalar,22,100.0,0.38708489841157395,0.13038937923933722,0.17560194754639197,13.158445718734633,0.8443936252365949,6000.0,0.019691016252902305,0.012055724236470798,22396.0
crossing external,crossing_90_e_2,invariant_ridge,26,100.0,0.38832955701703886,0.13102146445461219,0.1789229729708589,13.158604870580163,0.8433913221507153,6000.0,0.019780317913913197,0.01187712091444901,22396.0
crossing external,crossing_90_e_2,interaction_mlp,18434,100.0,0.3787205871359969,0.12881206142431978,0.17936721347813697,12.635767023073504,0.8510457990438776,6000.0,0.019378460439364174,0.01151991427040543,22396.0
crossing external,crossing_90_e_2,goal_stable_neural,18434,100.0,0.3783984664580623,0.128646241388939,0.17983794228396627,12.68053276810425,0.8512990771840837,6000.0,0.01928915877835328,0.011385961778889087,22396.0
crossing external,crossing_90_e_2,tensor_residual,18700,100.0,0.3697802341423904,0.12496949766782756,0.16417411320254544,12.340558836975497,0.8579954321287563,6000.0,0.020182175388462224,0.01201107340596535,22396.0
crossing external,crossing_90_e_2,tensor_residual_ungated,18700,100.0,0.3697802341423904,0.12496949766782756,0.16417411320254544,12.340558836975497,0.8579954321287563,6000.0,0.020182175388462224,0.01201107340596535,22396.0
crossing external,crossing_90_e_2,gel_ped,37134,100.0,0.37173150543878536,0.12597965006185316,0.170136156807009,12.505626668084691,0.856492807110069,6000.0,0.019691016252902305,0.011743168422932666,22396.0
crossing external,crossing_90_e_3,constant_velocity,0,100.0,0.4307936075334297,0.14961594472711315,0.163408463133426,15.835114468190278,0.780025193572512,6000.0,0.02387742278505486,0.018657257479820194,20689.0
crossing external,crossing_90_e_3,social_force,4,100.0,0.41572005132359174,0.14503837117622623,0.1694559947195405,15.294270797146533,0.7951498019585124,6000.0,0.02223403741118469,0.016965537242012663,20689.0
crossing external,crossing_90_e_3,isotropic_constrained,4,100.0,0.4157200514114665,0.145038371218759,0.1694559948496122,15.294270844315982,0.7951498018719101,6000.0,0.02223403741118469,0.016965537242012663,20689.0
crossing external,crossing_90_e_3,isotropic_unconstrained,4,100.0,0.4157200514114665,0.145038371218759,0.1694559948496122,15.294270844315982,0.7951498018719101,6000.0,0.02223403741118469,0.016965537242012663,20689.0
crossing external,crossing_90_e_3,shared_goal_frame,6,100.0,0.4065200038061025,0.14225113662480995,0.1797930966130447,14.67640454365795,0.8041163058972554,6000.0,0.02170235390787375,0.01628884914688965,20689.0
crossing external,crossing_90_e_3,decoupled_scalar_geometry,8,100.0,0.40318530122899615,0.1402248159564274,0.1621057069949812,14.775135058839586,0.8073168110706699,6000.0,0.02223403741118469,0.016917202378075306,20689.0
crossing external,crossing_90_e_3,tensor_persistence_only,2,100.0,0.3929730295020599,0.13521026543261686,0.1841616385994026,13.27205743304565,0.8169541303995662,6000.0,0.02044564744550244,0.014983807820580985,20689.0
crossing external,crossing_90_e_3,tensor_no_isotropic,8,100.0,0.3908632080538872,0.13432912115622145,0.18364539295485657,13.088845421673613,0.8189143534155855,6000.0,0.021074000676688093,0.015322151868142491,20689.0
crossing external,crossing_90_e_3,tensor_no_forward,8,100.0,0.3911845304522356,0.13430029796518714,0.1822581548636916,13.167812857261538,0.8186164958003515,6000.0,0.020832326357001305,0.015080477548455701,20689.0
crossing external,crossing_90_e_3,tensor_no_closing,8,100.0,0.39004633425203955,0.13430384446137358,0.18329131935748483,13.164732503738456,0.8196704723982308,6000.0,0.02020397312581565,0.014693798636956837,20689.0
crossing external,crossing_90_e_3,tensor_no_wall,9,100.0,0.39118635967678467,0.13438558794832164,0.18415205870236723,13.163940576377593,0.8186147994554882,6000.0,0.02092899608487602,0.015128812412393059,20689.0
crossing external,crossing_90_e_3,tensor_response,10,100.0,0.39099050230174226,0.1343634441660286,0.18401485633530903,13.204610093885766,0.8187963841910898,6000.0,0.020977330948813377,0.015225482140267775,20689.0
crossing external,crossing_90_e_3,tensor_without_cap,10,100.0,0.39099050230174226,0.1343634441660286,0.18401485633530903,13.204610093885766,0.8187963841910898,6000.0,0.020977330948813377,0.015225482140267775,20689.0
crossing external,crossing_90_e_3,unrestricted_ten_scalar,22,100.0,0.3936785793992291,0.13476653483909096,0.18374441691654697,12.932897848774365,0.8162962535381546,6000.0,0.02073565662912659,0.014983807820580985,20689.0
crossing external,crossing_90_e_3,invariant_ridge,26,100.0,0.3952174831469377,0.13540946748955296,0.18678981001977732,13.017862569426578,0.8148572373171984,6000.0,0.02092899608487602,0.015080477548455701,20689.0
crossing external,crossing_90_e_3,interaction_mlp,18434,100.0,0.3868456343454715,0.13358989429407844,0.185687380004831,12.826123223474456,0.8226178788690883,6000.0,0.01947895016675528,0.013727101358209677,20689.0
crossing external,crossing_90_e_3,goal_stable_neural,18434,100.0,0.38715023882624283,0.13352146034936171,0.18603200042069853,12.819038534039642,0.8223384254829329,6000.0,0.019382280438880566,0.013630431630334961,20689.0
crossing external,crossing_90_e_3,tensor_residual,18700,100.0,0.3774167149227579,0.12991975481082974,0.17215296222640764,12.898678668013098,0.831159471067155,6000.0,0.019043936391319058,0.013485427038522886,20689.0
crossing external,crossing_90_e_3,tensor_residual_ungated,18700,100.0,0.3774167149227579,0.12991975481082974,0.17215296222640764,12.898678668013098,0.831159471067155,6000.0,0.019043936391319058,0.013485427038522886,20689.0
crossing external,crossing_90_e_3,gel_ped,37134,100.0,0.3803712865564562,0.13114004589773007,0.17786704188581803,12.786018746993955,0.8285056191118403,6000.0,0.019527285030692638,0.013872105950021751,20689.0
crossing external,crossing_90_e_4,constant_velocity,0,100.0,0.43421555227022135,0.15110144266388623,0.15138988090377273,22.81919299928047,0.7198560704502301,6000.0,0.02644497228820269,0.01921351280021114,18945.0
crossing external,crossing_90_e_4,social_force,4,100.0,0.41645093273998174,0.14531860754243653,0.15363417054262057,21.68149800591199,0.7423096559039131,6000.0,0.024967009765109526,0.01762998152546846,18945.0
crossing external,crossing_90_e_4,isotropic_constrained,4,100.0,0.41645093280328316,0.14531860757379617,0.1536341706419771,21.68149801250169,0.7423096558255742,6000.0,0.024967009765109526,0.01762998152546846,18945.0
crossing external,crossing_90_e_4,isotropic_unconstrained,4,100.0,0.41645093280328316,0.14531860757379617,0.1536341706419771,21.68149801250169,0.7423096558255742,6000.0,0.024967009765109526,0.01762998152546846,18945.0
crossing external,crossing_90_e_4,shared_goal_frame,6,100.0,0.4067333251027565,0.14200063447444675,0.1640038854904031,20.788001362304612,0.7541954139044572,6000.0,0.023594615993665875,0.016152019002375298,18945.0
crossing external,crossing_90_e_4,decoupled_scalar_geometry,8,100.0,0.40626971178076526,0.14113089262320944,0.14869981561492715,20.781328762653366,0.7547554532533396,6000.0,0.0242808128793877,0.016943784639746634,18945.0
crossing external,crossing_90_e_4,tensor_persistence_only,2,100.0,0.3966986557539379,0.13564856628561484,0.1754987240295457,19.45180924892234,0.7661744713840402,6000.0,0.023964106624439166,0.016310372129849565,18945.0
crossing external,crossing_90_e_4,tensor_no_isotropic,8,100.0,0.3938048674010121,0.1343694790898646,0.17393128169081803,18.790534713201442,0.7695733921557488,6000.0,0.023436262866191607,0.015676959619952493,18945.0
crossing external,crossing_90_e_4,tensor_no_forward,8,100.0,0.3948022098784083,0.13448377101007725,0.17266164380173843,18.745877353553926,0.7684047663997209,6000.0,0.023330694114542097,0.015782528371602007,18945.0
crossing external,crossing_90_e_4,tensor_no_closing,8,100.0,0.3925587615539586,0.13434874858046397,0.1733357718322594,19.355284789153366,0.7710293500624277,6000.0,0.022538928477170758,0.015201900237529691,18945.0
crossing external,crossing_90_e_4,tensor_no_wall,9,100.0,0.39421878459504783,0.13433495151668126,0.1741738026808076,18.817412284948865,0.769088747768802,6000.0,0.02338347849036685,0.015782528371602007,18945.0
crossing external,crossing_90_e_4,tensor_response,10,100.0,0.39401954114012083,0.1343426378140209,0.17404670305768088,18.813029055216383,0.769322100064816,6000.0,0.023172340987067826,0.015624175244127738,18945.0
crossing external,crossing_90_e_4,tensor_without_cap,10,100.0,0.39401954114012083,0.1343426378140209,0.17404670305768088,18.813029055216383,0.769322100064816,6000.0,0.023172340987067826,0.015624175244127738,18945.0
crossing external,crossing_90_e_4,unrestricted_ten_scalar,22,100.0,0.3952560879591617,0.1341761643614336,0.1737062225928276,18.809735565932932,0.7678719607569191,6000.0,0.022961203483768806,0.015307468989179203,18945.0
crossing external,crossing_90_e_4,invariant_ridge,26,100.0,0.3962362740495866,0.1346325975703839,0.17618892828807567,18.860528236787612,0.7667192357077406,6000.0,0.022961203483768806,0.015307468989179203,18945.0
crossing external,crossing_90_e_4,interaction_mlp,18434,100.0,0.3783638371451355,0.12931579452540956,0.17247865110802027,16.90770377580185,0.7872891174402256,6000.0,0.021694378463974665,0.014146212721034574,18945.0
crossing external,crossing_90_e_4,goal_stable_neural,18434,100.0,0.37880999919656966,0.12915177331375113,0.17322913944022625,16.856117187253098,0.7867871694793197,6000.0,0.021272103457376616,0.013723937714436528,18945.0
crossing external,crossing_90_e_4,tensor_residual,18700,100.0,0.3707998851115942,0.12627825228829825,0.15952937297824846,17.06497213221564,0.7957088049267331,6000.0,0.022591712852995514,0.014937978358405912,18945.0
crossing external,crossing_90_e_4,tensor_residual_ungated,18700,100.0,0.3707998851115942,0.12627825228829825,0.15952937297824846,17.06497213221564,0.7957088049267331,6000.0,0.022591712852995514,0.014937978358405912,18945.0
crossing external,crossing_90_e_4,gel_ped,37134,100.0,0.3725857326759274,0.12710491743449068,0.16496433575696665,16.9770959687621,0.7937362504434325,6000.0,0.0220110847189232,0.014515703351807865,18945.0
crossing external,crossing_90_e_5,constant_velocity,0,100.0,0.42882769339794274,0.14838703569075964,0.1485958170495097,25.077526426128962,0.6759305504946225,6000.0,0.02556056370171735,0.01791521652307868,17527.0
crossing external,crossing_90_e_5,social_force,4,100.0,0.41254544927190007,0.14318049170852684,0.15324188914244954,23.443857562405356,0.7000726674881891,6000.0,0.024134192959434017,0.016488845780795344,17527.0
crossing external,crossing_90_e_5,isotropic_constrained,4,100.0,0.4125454493325339,0.1431804917493694,0.15324188921864038,23.44385759078623,0.7000726674000255,6000.0,0.024134192959434017,0.016488845780795344,17527.0
crossing external,crossing_90_e_5,isotropic_unconstrained,4,100.0,0.4125454493325339,0.1431804917493694,0.15324188921864038,23.44385759078623,0.7000726674000255,6000.0,0.024134192959434017,0.016488845780795344,17527.0
crossing external,crossing_90_e_5,shared_goal_frame,6,100.0,0.40493801777165367,0.14049879145147523,0.16410390363846494,22.540481650634998,0.7110321354653649,6000.0,0.02282193187653335,0.015347749186968677,17527.0
crossing external,crossing_90_e_5,decoupled_scalar_geometry,8,100.0,0.40549517323513234,0.1399692713528693,0.1484264175424496,22.52837110182312,0.7102364048713539,6000.0,0.023449535003138015,0.015918297483882012,17527.0
crossing external,crossing_90_e_5,tensor_persistence_only,2,100.0,0.40774400180043346,0.1381883360968242,0.1836390978767763,21.78965746790977,0.7070135029924313,6000.0,0.023221315684372683,0.014777200890055343,17527.0
crossing external,crossing_90_e_5,tensor_no_isotropic,8,100.0,0.40492939422062313,0.13689706647656355,0.18338633232113535,21.104899442079844,0.7110444430407596,6000.0,0.022479602898385347,0.01403548810406801,17527.0
crossing external,crossing_90_e_5,tensor_no_forward,8,100.0,0.4060344095116824,0.13703249946822119,0.1819741669756617,21.06354348887953,0.7094652246184204,6000.0,0.02305015119529868,0.014548981571290009,17527.0
crossing external,crossing_90_e_5,tensor_no_closing,8,100.0,0.40377637607618416,0.13691638643273726,0.18252567521589366,21.358236819618327,0.7126876759607617,6000.0,0.021794944942089348,0.013579049466537343,17527.0
crossing external,crossing_90_e_5,tensor_no_wall,9,100.0,0.40526979066098967,0.13682889562728084,0.1839582877624801,21.02234683145027,0.7105584285086217,6000.0,0.022878986706224683,0.014263707422833343,17527.0
crossing external,crossing_90_e_5,tensor_response,10,100.0,0.4049716616675896,0.1368174440789623,0.18379478765790927,20.93362844316585,0.710984116221884,6000.0,0.02282193187653335,0.01420665259314201,17527.0
crossing external,crossing_90_e_5,tensor_without_cap,10,100.0,0.4049716616675896,0.1368174440789623,0.18379478765790927,20.93362844316585,0.710984116221884,6000.0,0.02282193187653335,0.01420665259314201,17527.0
crossing external,crossing_90_e_5,unrestricted_ten_scalar,22,100.0,0.40808547603542455,0.13710830633574703,0.184478546289921,20.896579807888546,0.706522561455999,6000.0,0.02305015119529868,0.014606036400981343,17527.0
crossing external,crossing_90_e_5,invariant_ridge,26,100.0,0.4082686594248963,0.13729762972809986,0.18663023884461633,21.07439463966027,0.7062590271664853,6000.0,0.023221315684372683,0.014606036400981343,17527.0
crossing external,crossing_90_e_5,interaction_mlp,18434,100.0,0.3751999425249147,0.1278572424303228,0.17166586539542344,18.383175202195243,0.7519164489725991,6000.0,0.021452615963941348,0.013008501169624008,17527.0
crossing external,crossing_90_e_5,goal_stable_neural,18434,100.0,0.3756023156907433,0.12761694088114325,0.17278373281746234,18.333481862434013,0.751384062485796,6000.0,0.021737890112398014,0.013008501169624008,17527.0
crossing external,crossing_90_e_5,tensor_residual,18700,100.0,0.36972123969048154,0.1254907725495789,0.1595493292766093,18.757848485623406,0.7591086283768442,6000.0,0.021794944942089348,0.012951446339932676,17527.0
crossing external,crossing_90_e_5,tensor_residual_ungated,18700,100.0,0.36972123969048154,0.1254907725495789,0.1595493292766093,18.757848485623406,0.7591086283768442,6000.0,0.021794944942089348,0.012951446339932676,17527.0
crossing external,crossing_90_e_5,gel_ped,37134,100.0,0.37083873007158896,0.12611736721396843,0.16499739985972883,18.43444330187863,0.7576502290005415,6000.0,0.021566725623324016,0.012837336680550008,17527.0
crossing external,crossing_90_e_6,constant_velocity,0,100.0,0.4139040964301594,0.1429252319198045,0.15345590807174164,21.786136732855056,0.7588671589295692,6000.0,0.02407508990065216,0.015420247455354422,16407.0
crossing external,crossing_90_e_6,social_force,4,100.0,0.398937825949796,0.13809041250216827,0.15658966586826606,20.69986441092987,0.7759900304456571,6000.0,0.022856098006948253,0.014506003535076492,16407.0
crossing external,crossing_90_e_6,isotropic_constrained,4,100.0,0.39893782601416894,0.13809041252783527,0.1565896659430939,20.699864455552284,0.7759900303733642,6000.0,0.022856098006948253,0.014506003535076492,16407.0
crossing external,crossing_90_e_6,isotropic_unconstrained,4,100.0,0.39893782601416894,0.13809041252783527,0.1565896659430939,20.699864455552284,0.7759900303733642,6000.0,0.022856098006948253,0.014506003535076492,16407.0
crossing external,crossing_90_e_6,shared_goal_frame,6,100.0,0.395996055157092,0.1371549808925878,0.1719903946538246,20.02654524318919,0.7792815523770311,6000.0,0.02200280368135552,0.013652709209483757,16407.0
crossing external,crossing_90_e_6,decoupled_scalar_geometry,8,100.0,0.3936143903180822,0.13569144876911587,0.15237199291424083,20.106124687750295,0.781928531059808,6000.0,0.02236850124946669,0.01414030596696532,16407.0
crossing external,crossing_90_e_6,tensor_persistence_only,2,100.0,0.39550820863980474,0.132321033643954,0.18285001230424805,19.006160673367813,0.7798250446594066,6000.0,0.021941854086670324,0.013043213262631803,16407.0
crossing external,crossing_90_e_6,tensor_no_isotropic,8,100.0,0.3940539519747323,0.13135563030447753,0.18300374516869197,18.645928069425914,0.7814412044724173,6000.0,0.022063753276040713,0.012982263667946609,16407.0
crossing external,crossing_90_e_6,tensor_no_forward,8,100.0,0.3951802973557504,0.13148163789068645,0.18061572148605312,18.49872265211586,0.780189982334749,6000.0,0.02181995489729993,0.012921314073261412,16407.0
crossing external,crossing_90_e_6,tensor_no_closing,8,100.0,0.39237520709926893,0.13127113607444355,0.18291658628992863,18.79065013898425,0.7832994419788001,6000.0,0.02121045895044798,0.012616566099835436,16407.0
crossing external,crossing_90_e_6,tensor_no_wall,9,100.0,0.39529273566718715,0.1314806799648045,0.18384631101636334,18.505802762774184,0.7800648820531587,6000.0,0.022185652465411106,0.013104162857317,16407.0
crossing external,crossing_90_e_6,tensor_response,10,100.0,0.3949394988085606,0.13147518305786593,0.1837277656626508,18.50184242280979,0.7804577781086991,6000.0,0.02212470287072591,0.013043213262631803,16407.0
crossing external,crossing_90_e_6,tensor_without_cap,10,100.0,0.3949394988085606,0.13147518305786593,0.1837277656626508,18.50184242280979,0.7804577781086991,6000.0,0.02212470287072591,0.013043213262631803,16407.0
crossing external,crossing_90_e_6,unrestricted_ten_scalar,22,100.0,0.39972622442130495,0.13210327211356968,0.1833285418937879,18.267114120159043,0.7751037588642142,6000.0,0.02212470287072591,0.013104162857317,16407.0
crossing external,crossing_90_e_6,invariant_ridge,26,100.0,0.4001479573843952,0.1324108461193754,0.18642741458634832,18.097251054765895,0.7746289529280576,6000.0,0.022185652465411106,0.013104162857317,16407.0
crossing external,crossing_90_e_6,interaction_mlp,18434,100.0,0.37159500277443275,0.1250948761375989,0.18296257903082658,16.21307472069104,0.805644585652651,6000.0,0.020600963003596026,0.011458523800816725,16407.0
crossing external,crossing_90_e_6,goal_stable_neural,18434,100.0,0.37138752084829724,0.12492689893418107,0.1838499229063699,16.131272880810577,0.8058615636933902,6000.0,0.02054001340891083,0.011458523800816725,16407.0
crossing external,crossing_90_e_6,tensor_residual,18700,100.0,0.3608456598179201,0.12128659197051857,0.16566523923579124,16.34705316278277,0.8167264104534736,6000.0,0.02133235813981837,0.011763271774242702,16407.0
crossing external,crossing_90_e_6,tensor_residual_ungated,18700,100.0,0.3608456598179201,0.12128659197051857,0.16566523923579124,16.34705316278277,0.8167264104534736,6000.0,0.02133235813981837,0.011763271774242702,16407.0
crossing external,crossing_90_e_6,gel_ped,37134,100.0,0.36311486387104797,0.12214215997854522,0.17270331311310508,16.147156244668025,0.8144141042201306,6000.0,0.020722862192966415,0.011336624611446335,16407.0
