run,start_frame,model,horizon_s,pedestrians,mean_displacement_error_m,mean_graph_weight
crossing_90_d_1,97,constant velocity,0.4,4,0.09007675986018315,
crossing_90_d_1,97,constant velocity,0.8,4,0.15022050397373715,
crossing_90_d_1,97,constant velocity,1.2000000000000002,4,0.23470155263708897,
crossing_90_d_1,97,constant velocity,1.6,4,0.271721049877084,
crossing_90_d_1,97,constant velocity,2.0,4,0.36884495731251443,
crossing_90_d_1,97,constant velocity,2.4000000000000004,4,0.465642968203972,
crossing_90_d_1,97,constant velocity,2.8000000000000003,4,0.49204980062805226,
crossing_90_d_1,97,constant velocity,3.2,4,0.5244301338801569,
crossing_90_d_1,97,five-member graph ensemble,0.4,4,0.10036916104639312,
crossing_90_d_1,97,five-member graph ensemble,0.8,4,0.1721258741557788,
crossing_90_d_1,97,five-member graph ensemble,1.2000000000000002,4,0.298168471990786,
crossing_90_d_1,97,five-member graph ensemble,1.6,4,0.35358877905643826,
crossing_90_d_1,97,five-member graph ensemble,2.0,4,0.4659778273559869,
crossing_90_d_1,97,five-member graph ensemble,2.4000000000000004,4,0.6985620423029941,
crossing_90_d_1,97,five-member graph ensemble,2.8000000000000003,4,1.0321517730813918,
crossing_90_d_1,97,five-member graph ensemble,3.2,4,1.4393278049619895,
crossing_90_d_1,97,coordinate-median graph ensemble,0.4,4,0.10083976691454256,
crossing_90_d_1,97,coordinate-median graph ensemble,0.8,4,0.17380116582639205,
crossing_90_d_1,97,coordinate-median graph ensemble,1.2000000000000002,4,0.2982653072975429,
crossing_90_d_1,97,coordinate-median graph ensemble,1.6,4,0.3563978056334685,
crossing_90_d_1,97,coordinate-median graph ensemble,2.0,4,0.4702904139747923,
crossing_90_d_1,97,coordinate-median graph ensemble,2.4000000000000004,4,0.7001157137685241,
crossing_90_d_1,97,coordinate-median graph ensemble,2.8000000000000003,4,1.0261581989294604,
crossing_90_d_1,97,coordinate-median graph ensemble,3.2,4,1.4084819087138531,
crossing_90_d_1,97,anchored coarse HGB,0.4,4,0.0951435180308649,
crossing_90_d_1,97,anchored coarse HGB,0.8,4,0.15837702441789478,
crossing_90_d_1,97,anchored coarse HGB,1.2000000000000002,4,0.259648820812377,
crossing_90_d_1,97,anchored coarse HGB,1.6,4,0.2722258631885209,
crossing_90_d_1,97,anchored coarse HGB,2.0,4,0.34787888567058745,
crossing_90_d_1,97,anchored coarse HGB,2.4000000000000004,4,0.438541056102415,
crossing_90_d_1,97,anchored coarse HGB,2.8000000000000003,4,0.45590162908227616,
crossing_90_d_1,97,anchored coarse HGB,3.2,4,0.5796981691876586,
crossing_90_d_1,97,GEL-Ped instability guard,0.4,4,0.10542011088475675,0.6473378209167607
crossing_90_d_1,97,GEL-Ped instability guard,0.8,4,0.18420714139987224,0.6588001848597732
crossing_90_d_1,97,GEL-Ped instability guard,1.2000000000000002,4,0.3146780345583226,0.6701475087788246
crossing_90_d_1,97,GEL-Ped instability guard,1.6,4,0.3490966548289684,0.6672735083458866
crossing_90_d_1,97,GEL-Ped instability guard,2.0,4,0.42035537490413827,0.656074237060124
crossing_90_d_1,97,GEL-Ped instability guard,2.4000000000000004,4,0.5825773496260855,0.6282682582461335
crossing_90_d_1,97,GEL-Ped instability guard,2.8000000000000003,4,0.7976308038217372,0.594155620942935
crossing_90_d_1,97,GEL-Ped instability guard,3.2,4,1.0855412868961982,0.5488982337306327
crossing_90_d_1,137,constant velocity,0.4,5,0.11179646416736992,
crossing_90_d_1,137,constant velocity,0.8,5,0.21034340302205262,
crossing_90_d_1,137,constant velocity,1.2000000000000002,5,0.2887979768771144,
crossing_90_d_1,137,constant velocity,1.6,5,0.39623156874102894,
crossing_90_d_1,137,constant velocity,2.0,5,0.5523156858890566,
crossing_90_d_1,137,constant velocity,2.4000000000000004,5,0.6672324970280904,
crossing_90_d_1,137,constant velocity,2.8000000000000003,5,0.7336223279162548,
crossing_90_d_1,137,constant velocity,3.2,5,0.8395870672879143,
crossing_90_d_1,137,five-member graph ensemble,0.4,5,0.13374942698190218,
crossing_90_d_1,137,five-member graph ensemble,0.8,5,0.26610244274666567,
crossing_90_d_1,137,five-member graph ensemble,1.2000000000000002,5,0.37944949943306094,
crossing_90_d_1,137,five-member graph ensemble,1.6,5,0.6059444660727402,
crossing_90_d_1,137,five-member graph ensemble,2.0,5,0.873246958325125,
crossing_90_d_1,137,five-member graph ensemble,2.4000000000000004,5,1.2592955940466997,
crossing_90_d_1,137,five-member graph ensemble,2.8000000000000003,5,1.6966339289202754,
crossing_90_d_1,137,five-member graph ensemble,3.2,5,2.1990981521860276,
crossing_90_d_1,137,coordinate-median graph ensemble,0.4,5,0.13498742198666183,
crossing_90_d_1,137,coordinate-median graph ensemble,0.8,5,0.2707933390980184,
crossing_90_d_1,137,coordinate-median graph ensemble,1.2000000000000002,5,0.38779329646153327,
crossing_90_d_1,137,coordinate-median graph ensemble,1.6,5,0.6145338825249491,
crossing_90_d_1,137,coordinate-median graph ensemble,2.0,5,0.8880399858636491,
crossing_90_d_1,137,coordinate-median graph ensemble,2.4000000000000004,5,1.2954900750851965,
crossing_90_d_1,137,coordinate-median graph ensemble,2.8000000000000003,5,1.733889405072596,
crossing_90_d_1,137,coordinate-median graph ensemble,3.2,5,2.2202983158498504,
crossing_90_d_1,137,anchored coarse HGB,0.4,5,0.11845860167973443,
crossing_90_d_1,137,anchored coarse HGB,0.8,5,0.2226555982596191,
crossing_90_d_1,137,anchored coarse HGB,1.2000000000000002,5,0.2806698329757208,
crossing_90_d_1,137,anchored coarse HGB,1.6,5,0.3785394391535192,
crossing_90_d_1,137,anchored coarse HGB,2.0,5,0.5414803423971206,
crossing_90_d_1,137,anchored coarse HGB,2.4000000000000004,5,0.669650140614469,
crossing_90_d_1,137,anchored coarse HGB,2.8000000000000003,5,0.7530831488221879,
crossing_90_d_1,137,anchored coarse HGB,3.2,5,0.894237089296823,
crossing_90_d_1,137,GEL-Ped instability guard,0.4,5,0.1257047795249613,0.4925103003368842
crossing_90_d_1,137,GEL-Ped instability guard,0.8,5,0.24369256770752928,0.5089894727617801
crossing_90_d_1,137,GEL-Ped instability guard,1.2000000000000002,5,0.31696653237105943,0.5116176298035776
crossing_90_d_1,137,GEL-Ped instability guard,1.6,5,0.48183057984466304,0.49804418341604767
crossing_90_d_1,137,GEL-Ped instability guard,2.0,5,0.6574664164814894,0.4773978799062723
crossing_90_d_1,137,GEL-Ped instability guard,2.4000000000000004,5,0.9041432954651822,0.45138856834723806
crossing_90_d_1,137,GEL-Ped instability guard,2.8000000000000003,5,1.1662032528242043,0.42190864442594894
crossing_90_d_1,137,GEL-Ped instability guard,3.2,5,1.4437801300850324,0.38669918244450496
crossing_90_d_1,177,constant velocity,0.4,6,0.0952346572109571,
crossing_90_d_1,177,constant velocity,0.8,6,0.15761363102195824,
crossing_90_d_1,177,constant velocity,1.2000000000000002,6,0.2320795010458245,
crossing_90_d_1,177,constant velocity,1.6,6,0.34310993154843517,
crossing_90_d_1,177,constant velocity,2.0,6,0.4627981743029203,
crossing_90_d_1,177,constant velocity,2.4000000000000004,6,0.5537515780985621,
crossing_90_d_1,177,constant velocity,2.8000000000000003,6,0.6623103666774474,
crossing_90_d_1,177,constant velocity,3.2,6,0.7420572508413225,
crossing_90_d_1,177,five-member graph ensemble,0.4,6,0.11261703733745744,
crossing_90_d_1,177,five-member graph ensemble,0.8,6,0.17807241294454243,
crossing_90_d_1,177,five-member graph ensemble,1.2000000000000002,6,0.3366199440982401,
crossing_90_d_1,177,five-member graph ensemble,1.6,6,0.5652752766164973,
crossing_90_d_1,177,five-member graph ensemble,2.0,6,0.8983408417723534,
crossing_90_d_1,177,five-member graph ensemble,2.4000000000000004,6,1.2967570174600866,
crossing_90_d_1,177,five-member graph ensemble,2.8000000000000003,6,1.8506794190662486,
crossing_90_d_1,177,five-member graph ensemble,3.2,6,2.418712334587244,
crossing_90_d_1,177,coordinate-median graph ensemble,0.4,6,0.10998682528046398,
crossing_90_d_1,177,coordinate-median graph ensemble,0.8,6,0.1693599112259296,
crossing_90_d_1,177,coordinate-median graph ensemble,1.2000000000000002,6,0.33063326692239725,
crossing_90_d_1,177,coordinate-median graph ensemble,1.6,6,0.5531970184965337,
crossing_90_d_1,177,coordinate-median graph ensemble,2.0,6,0.8776736387696262,
crossing_90_d_1,177,coordinate-median graph ensemble,2.4000000000000004,6,1.2669066366690498,
crossing_90_d_1,177,coordinate-median graph ensemble,2.8000000000000003,6,1.8094770173455987,
crossing_90_d_1,177,coordinate-median graph ensemble,3.2,6,2.349885307175272,
crossing_90_d_1,177,anchored coarse HGB,0.4,6,0.10022480805925289,
crossing_90_d_1,177,anchored coarse HGB,0.8,6,0.1630622309624545,
crossing_90_d_1,177,anchored coarse HGB,1.2000000000000002,6,0.27520690538588993,
crossing_90_d_1,177,anchored coarse HGB,1.6,6,0.4007719374877598,
crossing_90_d_1,177,anchored coarse HGB,2.0,6,0.523588787004448,
crossing_90_d_1,177,anchored coarse HGB,2.4000000000000004,6,0.6256368274325778,
crossing_90_d_1,177,anchored coarse HGB,2.8000000000000003,6,0.8334284743375688,
crossing_90_d_1,177,anchored coarse HGB,3.2,6,1.0525993941134109,
crossing_90_d_1,177,GEL-Ped instability guard,0.4,6,0.10713766394574707,0.638583097731093
crossing_90_d_1,177,GEL-Ped instability guard,0.8,6,0.16207858959460872,0.5852042048202785
crossing_90_d_1,177,GEL-Ped instability guard,1.2000000000000002,6,0.283568558980943,0.5544310028878822
crossing_90_d_1,177,GEL-Ped instability guard,1.6,6,0.44787236749531584,0.525124738584071
crossing_90_d_1,177,GEL-Ped instability guard,2.0,6,0.6776060925890066,0.501405769478972
crossing_90_d_1,177,GEL-Ped instability guard,2.4000000000000004,6,0.9258364660324739,0.46221118456555416
crossing_90_d_1,177,GEL-Ped instability guard,2.8000000000000003,6,1.2934211992770186,0.4269282138509219
crossing_90_d_1,177,GEL-Ped instability guard,3.2,6,1.6979120389053153,0.3999539536149097
crossing_90_d_1,217,constant velocity,0.4,5,0.10961600255020416,
crossing_90_d_1,217,constant velocity,0.8,5,0.15807054464328069,
crossing_90_d_1,217,constant velocity,1.2000000000000002,5,0.23631055562021114,
crossing_90_d_1,217,constant velocity,1.6,5,0.3544742484923842,
crossing_90_d_1,217,constant velocity,2.0,5,0.4407050625833765,
crossing_90_d_1,217,constant velocity,2.4000000000000004,5,0.5255890133540891,
crossing_90_d_1,217,constant velocity,2.8000000000000003,5,0.6562410848381988,
crossing_90_d_1,217,constant velocity,3.2,5,0.6736629843455546,
crossing_90_d_1,217,five-member graph ensemble,0.4,5,0.11648827355625058,
crossing_90_d_1,217,five-member graph ensemble,0.8,5,0.2201048069613492,
crossing_90_d_1,217,five-member graph ensemble,1.2000000000000002,5,0.33364538764828083,
crossing_90_d_1,217,five-member graph ensemble,1.6,5,0.5275382313053167,
crossing_90_d_1,217,five-member graph ensemble,2.0,5,0.8545928620285833,
crossing_90_d_1,217,five-member graph ensemble,2.4000000000000004,5,1.3528138764410513,
crossing_90_d_1,217,five-member graph ensemble,2.8000000000000003,5,1.9877238051444308,
crossing_90_d_1,217,five-member graph ensemble,3.2,5,2.599607872937495,
crossing_90_d_1,217,coordinate-median graph ensemble,0.4,5,0.11495773456420148,
crossing_90_d_1,217,coordinate-median graph ensemble,0.8,5,0.2175954182768826,
crossing_90_d_1,217,coordinate-median graph ensemble,1.2000000000000002,5,0.34275970875095707,
crossing_90_d_1,217,coordinate-median graph ensemble,1.6,5,0.5346027122519977,
crossing_90_d_1,217,coordinate-median graph ensemble,2.0,5,0.8708910032762509,
crossing_90_d_1,217,coordinate-median graph ensemble,2.4000000000000004,5,1.3818167542527464,
crossing_90_d_1,217,coordinate-median graph ensemble,2.8000000000000003,5,2.0224790062111255,
crossing_90_d_1,217,coordinate-median graph ensemble,3.2,5,2.632396510244905,
crossing_90_d_1,217,anchored coarse HGB,0.4,5,0.11405567985725648,
crossing_90_d_1,217,anchored coarse HGB,0.8,5,0.16202350439875263,
crossing_90_d_1,217,anchored coarse HGB,1.2000000000000002,5,0.23806059158080334,
crossing_90_d_1,217,anchored coarse HGB,1.6,5,0.3477703851341637,
crossing_90_d_1,217,anchored coarse HGB,2.0,5,0.4275392827414188,
crossing_90_d_1,217,anchored coarse HGB,2.4000000000000004,5,0.5442288906787416,
crossing_90_d_1,217,anchored coarse HGB,2.8000000000000003,5,0.7597509744054481,
crossing_90_d_1,217,anchored coarse HGB,3.2,5,0.8897962189090467,
crossing_90_d_1,217,GEL-Ped instability guard,0.4,5,0.11718947502581416,0.2269776666864872
crossing_90_d_1,217,GEL-Ped instability guard,0.8,5,0.17292339141347235,0.21819513472755553
crossing_90_d_1,217,GEL-Ped instability guard,1.2000000000000002,5,0.2575729398502059,0.21497067338537823
crossing_90_d_1,217,GEL-Ped instability guard,1.6,5,0.37417143873448017,0.21010725354812054
crossing_90_d_1,217,GEL-Ped instability guard,2.0,5,0.4893876922782086,0.20513981097982897
crossing_90_d_1,217,GEL-Ped instability guard,2.4000000000000004,5,0.680702615370911,0.20670135274413626
crossing_90_d_1,217,GEL-Ped instability guard,2.8000000000000003,5,0.9741546904216234,0.20392293265458059
crossing_90_d_1,217,GEL-Ped instability guard,3.2,5,1.20085175667677,0.19655967660250953
crossing_90_d_1,263,constant velocity,0.4,4,0.12284931211295719,
crossing_90_d_1,263,constant velocity,0.8,4,0.22243894982942383,
crossing_90_d_1,263,constant velocity,1.2000000000000002,4,0.3694003264102409,
crossing_90_d_1,263,constant velocity,1.6,4,0.5055230468388271,
crossing_90_d_1,263,constant velocity,2.0,4,0.6001225239175492,
crossing_90_d_1,263,constant velocity,2.4000000000000004,4,0.6716441136843663,
crossing_90_d_1,263,constant velocity,2.8000000000000003,4,0.7852534250628773,
crossing_90_d_1,263,constant velocity,3.2,4,0.8700760789538113,
crossing_90_d_1,263,five-member graph ensemble,0.4,4,0.14646544876486217,
crossing_90_d_1,263,five-member graph ensemble,0.8,4,0.30806889488358347,
crossing_90_d_1,263,five-member graph ensemble,1.2000000000000002,4,0.5367475685627947,
crossing_90_d_1,263,five-member graph ensemble,1.6,4,0.7860728371493528,
crossing_90_d_1,263,five-member graph ensemble,2.0,4,1.0710829597658704,
crossing_90_d_1,263,five-member graph ensemble,2.4000000000000004,4,1.4423743289480815,
crossing_90_d_1,263,five-member graph ensemble,2.8000000000000003,4,1.9715010015889305,
crossing_90_d_1,263,five-member graph ensemble,3.2,4,2.526886345847899,
crossing_90_d_1,263,coordinate-median graph ensemble,0.4,4,0.14681717535016536,
crossing_90_d_1,263,coordinate-median graph ensemble,0.8,4,0.30569097574368853,
crossing_90_d_1,263,coordinate-median graph ensemble,1.2000000000000002,4,0.535765708011672,
crossing_90_d_1,263,coordinate-median graph ensemble,1.6,4,0.8019804282269755,
crossing_90_d_1,263,coordinate-median graph ensemble,2.0,4,1.1056293684872616,
crossing_90_d_1,263,coordinate-median graph ensemble,2.4000000000000004,4,1.5047913273970912,
crossing_90_d_1,263,coordinate-median graph ensemble,2.8000000000000003,4,2.0510576091553254,
crossing_90_d_1,263,coordinate-median graph ensemble,3.2,4,2.62965717060582,
crossing_90_d_1,263,anchored coarse HGB,0.4,4,0.1339107438520349,
crossing_90_d_1,263,anchored coarse HGB,0.8,4,0.26231169722464653,
crossing_90_d_1,263,anchored coarse HGB,1.2000000000000002,4,0.43553325853686814,
crossing_90_d_1,263,anchored coarse HGB,1.6,4,0.6053588555393373,
crossing_90_d_1,263,anchored coarse HGB,2.0,4,0.7417324757319183,
crossing_90_d_1,263,anchored coarse HGB,2.4000000000000004,4,0.8879034368108432,
crossing_90_d_1,263,anchored coarse HGB,2.8000000000000003,4,1.1080240323128685,
crossing_90_d_1,263,anchored coarse HGB,3.2,4,1.3151778079535483,
crossing_90_d_1,263,GEL-Ped instability guard,0.4,4,0.14154749960965643,0.759111609972372
crossing_90_d_1,263,GEL-Ped instability guard,0.8,4,0.29073423181231284,0.7696423473050926
crossing_90_d_1,263,GEL-Ped instability guard,1.2000000000000002,4,0.49014611696042437,0.7241386971898892
crossing_90_d_1,263,GEL-Ped instability guard,1.6,4,0.6936502640797704,0.7034217141213176
crossing_90_d_1,263,GEL-Ped instability guard,2.0,4,0.8965283046800459,0.680783090473589
crossing_90_d_1,263,GEL-Ped instability guard,2.4000000000000004,4,1.1354798465497074,0.6485056948462697
crossing_90_d_1,263,GEL-Ped instability guard,2.8000000000000003,4,1.4689235450134397,0.6083955110926674
crossing_90_d_1,263,GEL-Ped instability guard,3.2,4,1.8208551253473957,0.5600852164891762
crossing_90_d_1,330,constant velocity,0.4,4,0.13054579190244403,
crossing_90_d_1,330,constant velocity,0.8,4,0.1506946729624128,
crossing_90_d_1,330,constant velocity,1.2000000000000002,4,0.28924414948526045,
crossing_90_d_1,330,constant velocity,1.6,4,0.37750073273375223,
crossing_90_d_1,330,constant velocity,2.0,4,0.5258839680781818,
crossing_90_d_1,330,constant velocity,2.4000000000000004,4,0.6494118855542261,
crossing_90_d_1,330,constant velocity,2.8000000000000003,4,0.8370804342348899,
crossing_90_d_1,330,constant velocity,3.2,4,0.9548030174860062,
crossing_90_d_1,330,five-member graph ensemble,0.4,4,0.13568050655950598,
crossing_90_d_1,330,five-member graph ensemble,0.8,4,0.20592367314090382,
crossing_90_d_1,330,five-member graph ensemble,1.2000000000000002,4,0.5169275442528527,
crossing_90_d_1,330,five-member graph ensemble,1.6,4,0.807876816038216,
crossing_90_d_1,330,five-member graph ensemble,2.0,4,1.1231281588647422,
crossing_90_d_1,330,five-member graph ensemble,2.4000000000000004,4,1.4359971676517618,
crossing_90_d_1,330,five-member graph ensemble,2.8000000000000003,4,1.8712023387416574,
crossing_90_d_1,330,five-member graph ensemble,3.2,4,2.3938552140900002,
crossing_90_d_1,330,coordinate-median graph ensemble,0.4,4,0.1355817473067794,
crossing_90_d_1,330,coordinate-median graph ensemble,0.8,4,0.20863667234618308,
crossing_90_d_1,330,coordinate-median graph ensemble,1.2000000000000002,4,0.5287117905111715,
crossing_90_d_1,330,coordinate-median graph ensemble,1.6,4,0.82656301140668,
crossing_90_d_1,330,coordinate-median graph ensemble,2.0,4,1.1532318455145654,
crossing_90_d_1,330,coordinate-median graph ensemble,2.4000000000000004,4,1.4771588119112244,
crossing_90_d_1,330,coordinate-median graph ensemble,2.8000000000000003,4,1.9182899695027613,
crossing_90_d_1,330,coordinate-median graph ensemble,3.2,4,2.4462739275459264,
crossing_90_d_1,330,anchored coarse HGB,0.4,4,0.136883499206028,
crossing_90_d_1,330,anchored coarse HGB,0.8,4,0.1724039416191871,
crossing_90_d_1,330,anchored coarse HGB,1.2000000000000002,4,0.35604808091748485,
crossing_90_d_1,330,anchored coarse HGB,1.6,4,0.47454238948729477,
crossing_90_d_1,330,anchored coarse HGB,2.0,4,0.6357843215582809,
crossing_90_d_1,330,anchored coarse HGB,2.4000000000000004,4,0.794296046679864,
crossing_90_d_1,330,anchored coarse HGB,2.8000000000000003,4,1.0181447212544539,
crossing_90_d_1,330,anchored coarse HGB,3.2,4,1.2378879312038156,
crossing_90_d_1,330,GEL-Ped instability guard,0.4,4,0.13266951095806703,0.5624008418076193
crossing_90_d_1,330,GEL-Ped instability guard,0.8,4,0.17214917431711943,0.5749941165076682
crossing_90_d_1,330,GEL-Ped instability guard,1.2000000000000002,4,0.4038810770047241,0.5443767837990044
crossing_90_d_1,330,GEL-Ped instability guard,1.6,4,0.5925475809857893,0.5252769935066546
crossing_90_d_1,330,GEL-Ped instability guard,2.0,4,0.8389059942918782,0.5050230296221685
crossing_90_d_1,330,GEL-Ped instability guard,2.4000000000000004,4,1.0930428769175522,0.45809595939815506
crossing_90_d_1,330,GEL-Ped instability guard,2.8000000000000003,4,1.4322101771753655,0.40712755480097257
crossing_90_d_1,330,GEL-Ped instability guard,3.2,4,1.827791358899354,0.3663541301355838
crossing_90_d_1,370,constant velocity,0.4,5,0.1122801081447189,
crossing_90_d_1,370,constant velocity,0.8,5,0.2067233277219401,
crossing_90_d_1,370,constant velocity,1.2000000000000002,5,0.31311163089512617,
crossing_90_d_1,370,constant velocity,1.6,5,0.36498688241533256,
crossing_90_d_1,370,constant velocity,2.0,5,0.42604947837155044,
crossing_90_d_1,370,constant velocity,2.4000000000000004,5,0.5339760720194601,
crossing_90_d_1,370,constant velocity,2.8000000000000003,5,0.6643358916377775,
crossing_90_d_1,370,constant velocity,3.2,5,0.7764372352667146,
crossing_90_d_1,370,five-member graph ensemble,0.4,5,0.12875094608982252,
crossing_90_d_1,370,five-member graph ensemble,0.8,5,0.2330141775108224,
crossing_90_d_1,370,five-member graph ensemble,1.2000000000000002,5,0.3616587329811131,
crossing_90_d_1,370,five-member graph ensemble,1.6,5,0.5885476016197108,
crossing_90_d_1,370,five-member graph ensemble,2.0,5,1.018981881955836,
crossing_90_d_1,370,five-member graph ensemble,2.4000000000000004,5,1.462631432454776,
crossing_90_d_1,370,five-member graph ensemble,2.8000000000000003,5,1.958591494983517,
crossing_90_d_1,370,five-member graph ensemble,3.2,5,2.4420203871507886,
crossing_90_d_1,370,coordinate-median graph ensemble,0.4,5,0.1306784607810216,
crossing_90_d_1,370,coordinate-median graph ensemble,0.8,5,0.23781351347299742,
crossing_90_d_1,370,coordinate-median graph ensemble,1.2000000000000002,5,0.36922395807762676,
crossing_90_d_1,370,coordinate-median graph ensemble,1.6,5,0.5997337423798454,
crossing_90_d_1,370,coordinate-median graph ensemble,2.0,5,1.031914666917223,
crossing_90_d_1,370,coordinate-median graph ensemble,2.4000000000000004,5,1.4825723004625158,
crossing_90_d_1,370,coordinate-median graph ensemble,2.8000000000000003,5,1.9848092106665196,
crossing_90_d_1,370,coordinate-median graph ensemble,3.2,5,2.4901674845027815,
crossing_90_d_1,370,anchored coarse HGB,0.4,5,0.1158377838258288,
crossing_90_d_1,370,anchored coarse HGB,0.8,5,0.2198329981475879,
crossing_90_d_1,370,anchored coarse HGB,1.2000000000000002,5,0.3290712696678878,
crossing_90_d_1,370,anchored coarse HGB,1.6,5,0.38341893325285953,
crossing_90_d_1,370,anchored coarse HGB,2.0,5,0.5176924159782865,
crossing_90_d_1,370,anchored coarse HGB,2.4000000000000004,5,0.6761667279828104,
crossing_90_d_1,370,anchored coarse HGB,2.8000000000000003,5,0.849882726719045,
crossing_90_d_1,370,anchored coarse HGB,3.2,5,1.0363505299888496,
crossing_90_d_1,370,GEL-Ped instability guard,0.4,5,0.12331608527363373,0.6321759592575381
crossing_90_d_1,370,GEL-Ped instability guard,0.8,5,0.22857595426036847,0.6325482477081152
crossing_90_d_1,370,GEL-Ped instability guard,1.2000000000000002,5,0.3606197924222937,0.6166072777704774
crossing_90_d_1,370,GEL-Ped instability guard,1.6,5,0.5121340252591804,0.5858260146491744
crossing_90_d_1,370,GEL-Ped instability guard,2.0,5,0.8032097390502126,0.5543292626337102
crossing_90_d_1,370,GEL-Ped instability guard,2.4000000000000004,5,1.0971088191330423,0.5256700036930025
crossing_90_d_1,370,GEL-Ped instability guard,2.8000000000000003,5,1.4289750810947626,0.49934481522051544
crossing_90_d_1,370,GEL-Ped instability guard,3.2,5,1.7791373501244796,0.4814096665971962
crossing_90_d_1,410,constant velocity,0.4,7,0.10806466092252377,
crossing_90_d_1,410,constant velocity,0.8,7,0.19340410190838983,
crossing_90_d_1,410,constant velocity,1.2000000000000002,7,0.242084769683012,
crossing_90_d_1,410,constant velocity,1.6,7,0.2903830563498874,
crossing_90_d_1,410,constant velocity,2.0,7,0.27629211453697805,
crossing_90_d_1,410,constant velocity,2.4000000000000004,7,0.3847312967108159,
crossing_90_d_1,410,constant velocity,2.8000000000000003,7,0.5501607962382389,
crossing_90_d_1,410,constant velocity,3.2,7,0.6682143081071036,
crossing_90_d_1,410,five-member graph ensemble,0.4,7,0.10018548065259678,
crossing_90_d_1,410,five-member graph ensemble,0.8,7,0.19634227525431322,
crossing_90_d_1,410,five-member graph ensemble,1.2000000000000002,7,0.25311771977671993,
crossing_90_d_1,410,five-member graph ensemble,1.6,7,0.3752985713299318,
crossing_90_d_1,410,five-member graph ensemble,2.0,7,0.6268086530815509,
crossing_90_d_1,410,five-member graph ensemble,2.4000000000000004,7,0.9386635114499194,
crossing_90_d_1,410,five-member graph ensemble,2.8000000000000003,7,1.3149982692775732,
crossing_90_d_1,410,five-member graph ensemble,3.2,7,1.6921982336594632,
crossing_90_d_1,410,coordinate-median graph ensemble,0.4,7,0.10056594028499606,
crossing_90_d_1,410,coordinate-median graph ensemble,0.8,7,0.1983424256215678,
crossing_90_d_1,410,coordinate-median graph ensemble,1.2000000000000002,7,0.2512703037567094,
crossing_90_d_1,410,coordinate-median graph ensemble,1.6,7,0.3659733159013605,
crossing_90_d_1,410,coordinate-median graph ensemble,2.0,7,0.6153223320723009,
crossing_90_d_1,410,coordinate-median graph ensemble,2.4000000000000004,7,0.9299829661352552,
crossing_90_d_1,410,coordinate-median graph ensemble,2.8000000000000003,7,1.3099633275836386,
crossing_90_d_1,410,coordinate-median graph ensemble,3.2,7,1.6853473608953888,
crossing_90_d_1,410,anchored coarse HGB,0.4,7,0.10213329282320391,
crossing_90_d_1,410,anchored coarse HGB,0.8,7,0.19058990201357756,
crossing_90_d_1,410,anchored coarse HGB,1.2000000000000002,7,0.2206330578434493,
crossing_90_d_1,410,anchored coarse HGB,1.6,7,0.23514335123069532,
crossing_90_d_1,410,anchored coarse HGB,2.0,7,0.2380804645128192,
crossing_90_d_1,410,anchored coarse HGB,2.4000000000000004,7,0.3146649144379902,
crossing_90_d_1,410,anchored coarse HGB,2.8000000000000003,7,0.4476444324633847,
crossing_90_d_1,410,anchored coarse HGB,3.2,7,0.5326139271978664,
crossing_90_d_1,410,GEL-Ped instability guard,0.4,7,0.09588513050075419,0.6368063444681107
crossing_90_d_1,410,GEL-Ped instability guard,0.8,7,0.1861148923665503,0.6723153220641811
crossing_90_d_1,410,GEL-Ped instability guard,1.2000000000000002,7,0.2391204362728767,0.6868099167379715
crossing_90_d_1,410,GEL-Ped instability guard,1.6,7,0.338144771073,0.6840364307624541
crossing_90_d_1,410,GEL-Ped instability guard,2.0,7,0.5252116004943518,0.6613162637537389
crossing_90_d_1,410,GEL-Ped instability guard,2.4000000000000004,7,0.7419065974374348,0.6301913880805161
crossing_90_d_1,410,GEL-Ped instability guard,2.8000000000000003,7,1.0327913965362208,0.5889848252893614
crossing_90_d_1,410,GEL-Ped instability guard,3.2,7,1.3248333389001063,0.5491510981330988
crossing_90_d_1,450,constant velocity,0.4,8,0.09043158485276924,
crossing_90_d_1,450,constant velocity,0.8,8,0.1683774352949658,
crossing_90_d_1,450,constant velocity,1.2000000000000002,8,0.26142204939078983,
crossing_90_d_1,450,constant velocity,1.6,8,0.418071553939666,
crossing_90_d_1,450,constant velocity,2.0,8,0.5630397636747184,
crossing_90_d_1,450,constant velocity,2.4000000000000004,8,0.6467416988422515,
crossing_90_d_1,450,constant velocity,2.8000000000000003,8,0.7409014363186591,
crossing_90_d_1,450,constant velocity,3.2,8,0.7980278532651783,
crossing_90_d_1,450,five-member graph ensemble,0.4,8,0.0979827137091675,
crossing_90_d_1,450,five-member graph ensemble,0.8,8,0.15381868558503442,
crossing_90_d_1,450,five-member graph ensemble,1.2000000000000002,8,0.26022423004579914,
crossing_90_d_1,450,five-member graph ensemble,1.6,8,0.5221933960167506,
crossing_90_d_1,450,five-member graph ensemble,2.0,8,0.8311933405929108,
crossing_90_d_1,450,five-member graph ensemble,2.4000000000000004,8,1.2243935744704537,
crossing_90_d_1,450,five-member graph ensemble,2.8000000000000003,8,1.6791489412298373,
crossing_90_d_1,450,five-member graph ensemble,3.2,8,2.147401660413416,
crossing_90_d_1,450,coordinate-median graph ensemble,0.4,8,0.09902746626721089,
crossing_90_d_1,450,coordinate-median graph ensemble,0.8,8,0.15997696373260467,
crossing_90_d_1,450,coordinate-median graph ensemble,1.2000000000000002,8,0.275364930363711,
crossing_90_d_1,450,coordinate-median graph ensemble,1.6,8,0.5486398402223123,
crossing_90_d_1,450,coordinate-median graph ensemble,2.0,8,0.8715687073832359,
crossing_90_d_1,450,coordinate-median graph ensemble,2.4000000000000004,8,1.2839123684049663,
crossing_90_d_1,450,coordinate-median graph ensemble,2.8000000000000003,8,1.7436848468576454,
crossing_90_d_1,450,coordinate-median graph ensemble,3.2,8,2.220869215243166,
crossing_90_d_1,450,anchored coarse HGB,0.4,8,0.094508130032026,
crossing_90_d_1,450,anchored coarse HGB,0.8,8,0.16552613371863506,
crossing_90_d_1,450,anchored coarse HGB,1.2000000000000002,8,0.23972694771759828,
crossing_90_d_1,450,anchored coarse HGB,1.6,8,0.3854535969759335,
crossing_90_d_1,450,anchored coarse HGB,2.0,8,0.5244163618277802,
crossing_90_d_1,450,anchored coarse HGB,2.4000000000000004,8,0.5957188727228847,
crossing_90_d_1,450,anchored coarse HGB,2.8000000000000003,8,0.680031670500225,
crossing_90_d_1,450,anchored coarse HGB,3.2,8,0.7499739269460425,
crossing_90_d_1,450,GEL-Ped instability guard,0.4,8,0.09675658638326916,0.8240135691524997
crossing_90_d_1,450,GEL-Ped instability guard,0.8,8,0.1518072631353229,0.8488706308027691
crossing_90_d_1,450,GEL-Ped instability guard,1.2000000000000002,8,0.2579829199628443,0.8321708279180409
crossing_90_d_1,450,GEL-Ped instability guard,1.6,8,0.497422512650226,0.7819435492880011
crossing_90_d_1,450,GEL-Ped instability guard,2.0,8,0.7393169129240567,0.7274691524920481
crossing_90_d_1,450,GEL-Ped instability guard,2.4000000000000004,8,1.0042987276529467,0.6700155616340965
crossing_90_d_1,450,GEL-Ped instability guard,2.8000000000000003,8,1.3173630891652606,0.6157428567916307
crossing_90_d_1,450,GEL-Ped instability guard,3.2,8,1.6698507724195166,0.5732448911745254
crossing_90_d_1,490,constant velocity,0.4,7,0.11392467183051816,
crossing_90_d_1,490,constant velocity,0.8,7,0.2874863123614547,
crossing_90_d_1,490,constant velocity,1.2000000000000002,7,0.5330206987165713,
crossing_90_d_1,490,constant velocity,1.6,7,0.812292479415839,
crossing_90_d_1,490,constant velocity,2.0,7,0.9864035363793037,
crossing_90_d_1,490,constant velocity,2.4000000000000004,7,1.1099992181159966,
crossing_90_d_1,490,constant velocity,2.8000000000000003,7,1.2145171151464047,
crossing_90_d_1,490,constant velocity,3.2,7,1.3559720868672467,
crossing_90_d_1,490,five-member graph ensemble,0.4,7,0.11021849129426205,
crossing_90_d_1,490,five-member graph ensemble,0.8,7,0.3049123540590108,
crossing_90_d_1,490,five-member graph ensemble,1.2000000000000002,7,0.5839080350303777,
crossing_90_d_1,490,five-member graph ensemble,1.6,7,0.929891490193141,
crossing_90_d_1,490,five-member graph ensemble,2.0,7,1.3280639542497785,
crossing_90_d_1,490,five-member graph ensemble,2.4000000000000004,7,1.798016145084642,
crossing_90_d_1,490,five-member graph ensemble,2.8000000000000003,7,2.3580350439109696,
crossing_90_d_1,490,five-member graph ensemble,3.2,7,2.969795383551916,
crossing_90_d_1,490,coordinate-median graph ensemble,0.4,7,0.11124138838495104,
crossing_90_d_1,490,coordinate-median graph ensemble,0.8,7,0.30525297248634803,
crossing_90_d_1,490,coordinate-median graph ensemble,1.2000000000000002,7,0.5839523536359349,
crossing_90_d_1,490,coordinate-median graph ensemble,1.6,7,0.9342262119606402,
crossing_90_d_1,490,coordinate-median graph ensemble,2.0,7,1.3526629552760878,
crossing_90_d_1,490,coordinate-median graph ensemble,2.4000000000000004,7,1.8340899165167959,
crossing_90_d_1,490,coordinate-median graph ensemble,2.8000000000000003,7,2.409434948045621,
crossing_90_d_1,490,coordinate-median graph ensemble,3.2,7,3.0378558556383877,
crossing_90_d_1,490,anchored coarse HGB,0.4,7,0.11423591604526344,
crossing_90_d_1,490,anchored coarse HGB,0.8,7,0.2963134936673713,
crossing_90_d_1,490,anchored coarse HGB,1.2000000000000002,7,0.516413114469409,
crossing_90_d_1,490,anchored coarse HGB,1.6,7,0.775868280228246,
crossing_90_d_1,490,anchored coarse HGB,2.0,7,0.9455124789847852,
crossing_90_d_1,490,anchored coarse HGB,2.4000000000000004,7,1.0812380323338204,
crossing_90_d_1,490,anchored coarse HGB,2.8000000000000003,7,1.2059695505045833,
crossing_90_d_1,490,anchored coarse HGB,3.2,7,1.4084685401728945,
crossing_90_d_1,490,GEL-Ped instability guard,0.4,7,0.10984652744956346,0.46888393867190653
crossing_90_d_1,490,GEL-Ped instability guard,0.8,7,0.29570754004292865,0.4814032650164962
crossing_90_d_1,490,GEL-Ped instability guard,1.2000000000000002,7,0.5304572974940475,0.4511876787348314
crossing_90_d_1,490,GEL-Ped instability guard,1.6,7,0.8203305473296867,0.4235461500133891
crossing_90_d_1,490,GEL-Ped instability guard,2.0,7,1.0399533876131437,0.40491595920240997
crossing_90_d_1,490,GEL-Ped instability guard,2.4000000000000004,7,1.2852285267648402,0.38582105476521417
crossing_90_d_1,490,GEL-Ped instability guard,2.8000000000000003,7,1.565063583353482,0.36993387906409225
crossing_90_d_1,490,GEL-Ped instability guard,3.2,7,1.9212748023071082,0.36458195882394123
crossing_90_d_1,530,constant velocity,0.4,8,0.12032771802996253,
crossing_90_d_1,530,constant velocity,0.8,8,0.2560822788265518,
crossing_90_d_1,530,constant velocity,1.2000000000000002,8,0.463386289684045,
crossing_90_d_1,530,constant velocity,1.6,8,0.7069998134653346,
crossing_90_d_1,530,constant velocity,2.0,8,0.7950020316745213,
crossing_90_d_1,530,constant velocity,2.4000000000000004,8,0.8449854299108199,
crossing_90_d_1,530,constant velocity,2.8000000000000003,8,0.8444298420389199,
crossing_90_d_1,530,constant velocity,3.2,8,0.8906900682671165,
crossing_90_d_1,530,five-member graph ensemble,0.4,8,0.14737777070318075,
crossing_90_d_1,530,five-member graph ensemble,0.8,8,0.3315287302138267,
crossing_90_d_1,530,five-member graph ensemble,1.2000000000000002,8,0.6291309510795096,
crossing_90_d_1,530,five-member graph ensemble,1.6,8,0.9911917215346462,
crossing_90_d_1,530,five-member graph ensemble,2.0,8,1.3122766802358368,
crossing_90_d_1,530,five-member graph ensemble,2.4000000000000004,8,1.7340431377726298,
crossing_90_d_1,530,five-member graph ensemble,2.8000000000000003,8,2.305285815656657,
crossing_90_d_1,530,five-member graph ensemble,3.2,8,2.96194785229547,
crossing_90_d_1,530,coordinate-median graph ensemble,0.4,8,0.14872383629889321,
crossing_90_d_1,530,coordinate-median graph ensemble,0.8,8,0.33289398146694127,
crossing_90_d_1,530,coordinate-median graph ensemble,1.2000000000000002,8,0.633058569374756,
crossing_90_d_1,530,coordinate-median graph ensemble,1.6,8,1.003125958057986,
crossing_90_d_1,530,coordinate-median graph ensemble,2.0,8,1.3273427338779982,
crossing_90_d_1,530,coordinate-median graph ensemble,2.4000000000000004,8,1.7651999833785124,
crossing_90_d_1,530,coordinate-median graph ensemble,2.8000000000000003,8,2.3338438941572375,
crossing_90_d_1,530,coordinate-median graph ensemble,3.2,8,2.987607069702383,
crossing_90_d_1,530,anchored coarse HGB,0.4,8,0.1322324798181538,
crossing_90_d_1,530,anchored coarse HGB,0.8,8,0.28219690773227246,
crossing_90_d_1,530,anchored coarse HGB,1.2000000000000002,8,0.49766068447869827,
crossing_90_d_1,530,anchored coarse HGB,1.6,8,0.754240585614617,
crossing_90_d_1,530,anchored coarse HGB,2.0,8,0.8668483351408238,
crossing_90_d_1,530,anchored coarse HGB,2.4000000000000004,8,0.9551529985388798,
crossing_90_d_1,530,anchored coarse HGB,2.8000000000000003,8,1.0192356805078278,
crossing_90_d_1,530,anchored coarse HGB,3.2,8,1.2067087574953714,
crossing_90_d_1,530,GEL-Ped instability guard,0.4,8,0.14366518061190495,0.525486804149252
crossing_90_d_1,530,GEL-Ped instability guard,0.8,8,0.2980697783145267,0.513727303804522
crossing_90_d_1,530,GEL-Ped instability guard,1.2000000000000002,8,0.5233386765817858,0.47765112830011575
crossing_90_d_1,530,GEL-Ped instability guard,1.6,8,0.7964801973660972,0.4315372988561118
crossing_90_d_1,530,GEL-Ped instability guard,2.0,8,0.9765966521214793,0.3923733056448715
crossing_90_d_1,530,GEL-Ped instability guard,2.4000000000000004,8,1.187716683898887,0.3621345328594044
crossing_90_d_1,530,GEL-Ped instability guard,2.8000000000000003,8,1.4217098280102705,0.3421956269716323
crossing_90_d_1,530,GEL-Ped instability guard,3.2,8,1.8243850037203566,0.3380973810453598
crossing_90_d_1,570,constant velocity,0.4,4,0.0951797776038322,
crossing_90_d_1,570,constant velocity,0.8,4,0.19532589286780971,
crossing_90_d_1,570,constant velocity,1.2000000000000002,4,0.3590098876223976,
crossing_90_d_1,570,constant velocity,1.6,4,0.4512095948260306,
crossing_90_d_1,570,constant velocity,2.0,4,0.5311568867958019,
crossing_90_d_1,570,constant velocity,2.4000000000000004,4,0.6686671403291965,
crossing_90_d_1,570,constant velocity,2.8000000000000003,4,0.758631917236831,
crossing_90_d_1,570,constant velocity,3.2,4,0.8283990565758697,
crossing_90_d_1,570,five-member graph ensemble,0.4,4,0.10612442606067923,
crossing_90_d_1,570,five-member graph ensemble,0.8,4,0.197824416553043,
crossing_90_d_1,570,five-member graph ensemble,1.2000000000000002,4,0.36385093985029976,
crossing_90_d_1,570,five-member graph ensemble,1.6,4,0.5141125169760878,
crossing_90_d_1,570,five-member graph ensemble,2.0,4,0.7196885040770907,
crossing_90_d_1,570,five-member graph ensemble,2.4000000000000004,4,1.0367052908561958,
crossing_90_d_1,570,five-member graph ensemble,2.8000000000000003,4,1.373486121551971,
crossing_90_d_1,570,five-member graph ensemble,3.2,4,1.7054221157929836,
crossing_90_d_1,570,coordinate-median graph ensemble,0.4,4,0.1070183929489579,
crossing_90_d_1,570,coordinate-median graph ensemble,0.8,4,0.20028311245760988,
crossing_90_d_1,570,coordinate-median graph ensemble,1.2000000000000002,4,0.3678109024615345,
crossing_90_d_1,570,coordinate-median graph ensemble,1.6,4,0.5167880925820877,
crossing_90_d_1,570,coordinate-median graph ensemble,2.0,4,0.7188143482290079,
crossing_90_d_1,570,coordinate-median graph ensemble,2.4000000000000004,4,1.0308821704987152,
crossing_90_d_1,570,coordinate-median graph ensemble,2.8000000000000003,4,1.3675135805375667,
crossing_90_d_1,570,coordinate-median graph ensemble,3.2,4,1.6942635401837827,
crossing_90_d_1,570,anchored coarse HGB,0.4,4,0.09855459015047344,
crossing_90_d_1,570,anchored coarse HGB,0.8,4,0.20105639251908952,
crossing_90_d_1,570,anchored coarse HGB,1.2000000000000002,4,0.355938357034543,
crossing_90_d_1,570,anchored coarse HGB,1.6,4,0.4534205289304989,
crossing_90_d_1,570,anchored coarse HGB,2.0,4,0.5618436562564937,
crossing_90_d_1,570,anchored coarse HGB,2.4000000000000004,4,0.7334483811309619,
crossing_90_d_1,570,anchored coarse HGB,2.8000000000000003,4,0.9631949856007689,
crossing_90_d_1,570,anchored coarse HGB,3.2,4,1.1405746096803902,
crossing_90_d_1,570,GEL-Ped instability guard,0.4,4,0.10612442606067923,1.0
crossing_90_d_1,570,GEL-Ped instability guard,0.8,4,0.197824416553043,1.0
crossing_90_d_1,570,GEL-Ped instability guard,1.2000000000000002,4,0.36385093985029976,1.0
crossing_90_d_1,570,GEL-Ped instability guard,1.6,4,0.5124361836480728,0.9890985857252023
crossing_90_d_1,570,GEL-Ped instability guard,2.0,4,0.7109391159143605,0.9675134809722679
crossing_90_d_1,570,GEL-Ped instability guard,2.4000000000000004,4,1.0149394234964135,0.9448017328000691
crossing_90_d_1,570,GEL-Ped instability guard,2.8000000000000003,4,1.3298152967617445,0.927759365247648
crossing_90_d_1,570,GEL-Ped instability guard,3.2,4,1.6154719746814918,0.8942108715022454
crossing_90_d_2,88,constant velocity,0.4,4,0.11106257380692222,
crossing_90_d_2,88,constant velocity,0.8,4,0.20381935731716153,
crossing_90_d_2,88,constant velocity,1.2000000000000002,4,0.30753988202741817,
crossing_90_d_2,88,constant velocity,1.6,4,0.36263522958388417,
crossing_90_d_2,88,constant velocity,2.0,4,0.5243540999763415,
crossing_90_d_2,88,constant velocity,2.4000000000000004,4,0.5628053109493669,
crossing_90_d_2,88,constant velocity,2.8000000000000003,4,0.6901416905549703,
crossing_90_d_2,88,constant velocity,3.2,4,0.7318032492649882,
crossing_90_d_2,88,five-member graph ensemble,0.4,4,0.1192517863880508,
crossing_90_d_2,88,five-member graph ensemble,0.8,4,0.2726948560798603,
crossing_90_d_2,88,five-member graph ensemble,1.2000000000000002,4,0.4702315155994815,
crossing_90_d_2,88,five-member graph ensemble,1.6,4,0.6719394059037828,
crossing_90_d_2,88,five-member graph ensemble,2.0,4,0.9189309738483611,
crossing_90_d_2,88,five-member graph ensemble,2.4000000000000004,4,1.2054985280695238,
crossing_90_d_2,88,five-member graph ensemble,2.8000000000000003,4,1.5908136242586508,
crossing_90_d_2,88,five-member graph ensemble,3.2,4,2.0230702594504932,
crossing_90_d_2,88,coordinate-median graph ensemble,0.4,4,0.11893811514353908,
crossing_90_d_2,88,coordinate-median graph ensemble,0.8,4,0.271728857628895,
crossing_90_d_2,88,coordinate-median graph ensemble,1.2000000000000002,4,0.47029270524600264,
crossing_90_d_2,88,coordinate-median graph ensemble,1.6,4,0.6735108426235268,
crossing_90_d_2,88,coordinate-median graph ensemble,2.0,4,0.9261381938859454,
crossing_90_d_2,88,coordinate-median graph ensemble,2.4000000000000004,4,1.2067360550127935,
crossing_90_d_2,88,coordinate-median graph ensemble,2.8000000000000003,4,1.5912562843789047,
crossing_90_d_2,88,coordinate-median graph ensemble,3.2,4,2.0309813405874113,
crossing_90_d_2,88,anchored coarse HGB,0.4,4,0.12016014587345414,
crossing_90_d_2,88,anchored coarse HGB,0.8,4,0.24176292664091503,
crossing_90_d_2,88,anchored coarse HGB,1.2000000000000002,4,0.4039110495708138,
crossing_90_d_2,88,anchored coarse HGB,1.6,4,0.5642755511223676,
crossing_90_d_2,88,anchored coarse HGB,2.0,4,0.8246403020460396,
crossing_90_d_2,88,anchored coarse HGB,2.4000000000000004,4,0.9909659853665813,
crossing_90_d_2,88,anchored coarse HGB,2.8000000000000003,4,1.2533823995252837,
crossing_90_d_2,88,anchored coarse HGB,3.2,4,1.4815479169542085,
crossing_90_d_2,88,GEL-Ped instability guard,0.4,4,0.12096470912495262,0.734587358801077
crossing_90_d_2,88,GEL-Ped instability guard,0.8,4,0.2605975881594905,0.6517622259581515
crossing_90_d_2,88,GEL-Ped instability guard,1.2000000000000002,4,0.4468977870167611,0.6150130616381271
crossing_90_d_2,88,GEL-Ped instability guard,1.6,4,0.6387604494390041,0.5977309294931679
crossing_90_d_2,88,GEL-Ped instability guard,2.0,4,0.906899614015005,0.5919929173482072
crossing_90_d_2,88,GEL-Ped instability guard,2.4000000000000004,4,1.1355328840506727,0.5926593825545876
crossing_90_d_2,88,GEL-Ped instability guard,2.8000000000000003,4,1.443270863732275,0.5842227599195579
crossing_90_d_2,88,GEL-Ped instability guard,3.2,4,1.7464520616315693,0.5803103576476163
crossing_90_d_2,128,constant velocity,0.4,9,0.16833793480685916,
crossing_90_d_2,128,constant velocity,0.8,9,0.19654868425759972,
crossing_90_d_2,128,constant velocity,1.2000000000000002,9,0.3675722037074963,
crossing_90_d_2,128,constant velocity,1.6,9,0.5156449375976411,
crossing_90_d_2,128,constant velocity,2.0,9,0.6617865330679256,
crossing_90_d_2,128,constant velocity,2.4000000000000004,9,0.7862014706091928,
crossing_90_d_2,128,constant velocity,2.8000000000000003,9,0.8993505445808267,
crossing_90_d_2,128,constant velocity,3.2,9,1.0161602757043673,
crossing_90_d_2,128,five-member graph ensemble,0.4,9,0.19839355928942362,
crossing_90_d_2,128,five-member graph ensemble,0.8,9,0.27508674717429066,
crossing_90_d_2,128,five-member graph ensemble,1.2000000000000002,9,0.5737199417957544,
crossing_90_d_2,128,five-member graph ensemble,1.6,9,0.927492697173162,
crossing_90_d_2,128,five-member graph ensemble,2.0,9,1.3784142260817116,
crossing_90_d_2,128,five-member graph ensemble,2.4000000000000004,9,1.9136589204858743,
crossing_90_d_2,128,five-member graph ensemble,2.8000000000000003,9,2.465080728058853,
crossing_90_d_2,128,five-member graph ensemble,3.2,9,3.077031673265856,
crossing_90_d_2,128,coordinate-median graph ensemble,0.4,9,0.2005167015784876,
crossing_90_d_2,128,coordinate-median graph ensemble,0.8,9,0.2730795863273891,
crossing_90_d_2,128,coordinate-median graph ensemble,1.2000000000000002,9,0.570008917648767,
crossing_90_d_2,128,coordinate-median graph ensemble,1.6,9,0.9327245422063475,
crossing_90_d_2,128,coordinate-median graph ensemble,2.0,9,1.4067229523144342,
crossing_90_d_2,128,coordinate-median graph ensemble,2.4000000000000004,9,1.9627887034217304,
crossing_90_d_2,128,coordinate-median graph ensemble,2.8000000000000003,9,2.540740224343348,
crossing_90_d_2,128,coordinate-median graph ensemble,3.2,9,3.189505908047898,
crossing_90_d_2,128,anchored coarse HGB,0.4,9,0.1823983337033644,
crossing_90_d_2,128,anchored coarse HGB,0.8,9,0.22860687277230218,
crossing_90_d_2,128,anchored coarse HGB,1.2000000000000002,9,0.4139450653094239,
crossing_90_d_2,128,anchored coarse HGB,1.6,9,0.6003138543920793,
crossing_90_d_2,128,anchored coarse HGB,2.0,9,0.7914194222538982,
crossing_90_d_2,128,anchored coarse HGB,2.4000000000000004,9,0.9934745404819068,
crossing_90_d_2,128,anchored coarse HGB,2.8000000000000003,9,1.1635593401301847,
crossing_90_d_2,128,anchored coarse HGB,3.2,9,1.3405906674285735,
crossing_90_d_2,128,GEL-Ped instability guard,0.4,9,0.1882726395724178,0.6286435967944097
crossing_90_d_2,128,GEL-Ped instability guard,0.8,9,0.23925270548752986,0.5687241361805426
crossing_90_d_2,128,GEL-Ped instability guard,1.2000000000000002,9,0.4503659353204575,0.538203928610426
crossing_90_d_2,128,GEL-Ped instability guard,1.6,9,0.6766699929827226,0.5096625577836532
crossing_90_d_2,128,GEL-Ped instability guard,2.0,9,0.9288859521062621,0.48921100578499443
crossing_90_d_2,128,GEL-Ped instability guard,2.4000000000000004,9,1.2001791878779806,0.4642319846411557
crossing_90_d_2,128,GEL-Ped instability guard,2.8000000000000003,9,1.4308274462516632,0.43954711656259177
crossing_90_d_2,128,GEL-Ped instability guard,3.2,9,1.7002649563760768,0.41841415287953887
crossing_90_d_2,168,constant velocity,0.4,12,0.10140679094374112,
crossing_90_d_2,168,constant velocity,0.8,12,0.20779451907486302,
crossing_90_d_2,168,constant velocity,1.2000000000000002,12,0.38996767993806697,
crossing_90_d_2,168,constant velocity,1.6,12,0.5416600131621682,
crossing_90_d_2,168,constant velocity,2.0,12,0.6378237741994345,
crossing_90_d_2,168,constant velocity,2.4000000000000004,12,0.7067656667189707,
crossing_90_d_2,168,constant velocity,2.8000000000000003,12,0.7086872923528901,
crossing_90_d_2,168,constant velocity,3.2,12,0.7345018543473906,
crossing_90_d_2,168,five-member graph ensemble,0.4,12,0.09341421958031663,
crossing_90_d_2,168,five-member graph ensemble,0.8,12,0.19829282975322818,
crossing_90_d_2,168,five-member graph ensemble,1.2000000000000002,12,0.32187072689482293,
crossing_90_d_2,168,five-member graph ensemble,1.6,12,0.4540971647543668,
crossing_90_d_2,168,five-member graph ensemble,2.0,12,0.6343804887589972,
crossing_90_d_2,168,five-member graph ensemble,2.4000000000000004,12,0.9129331653875624,
crossing_90_d_2,168,five-member graph ensemble,2.8000000000000003,12,1.1946072183827292,
crossing_90_d_2,168,five-member graph ensemble,3.2,12,1.630558892284851,
crossing_90_d_2,168,coordinate-median graph ensemble,0.4,12,0.09270243809105692,
crossing_90_d_2,168,coordinate-median graph ensemble,0.8,12,0.20026960438247346,
crossing_90_d_2,168,coordinate-median graph ensemble,1.2000000000000002,12,0.32828577761162264,
crossing_90_d_2,168,coordinate-median graph ensemble,1.6,12,0.47043749885203523,
crossing_90_d_2,168,coordinate-median graph ensemble,2.0,12,0.6604113223667656,
crossing_90_d_2,168,coordinate-median graph ensemble,2.4000000000000004,12,0.9419228397577092,
crossing_90_d_2,168,coordinate-median graph ensemble,2.8000000000000003,12,1.2267193960591614,
crossing_90_d_2,168,coordinate-median graph ensemble,3.2,12,1.6841012545519742,
crossing_90_d_2,168,anchored coarse HGB,0.4,12,0.09782281641287267,
crossing_90_d_2,168,anchored coarse HGB,0.8,12,0.20328380180259906,
crossing_90_d_2,168,anchored coarse HGB,1.2000000000000002,12,0.35416259498434305,
crossing_90_d_2,168,anchored coarse HGB,1.6,12,0.47084882014273255,
crossing_90_d_2,168,anchored coarse HGB,2.0,12,0.536560341047778,
crossing_90_d_2,168,anchored coarse HGB,2.4000000000000004,12,0.6041031703857626,
crossing_90_d_2,168,anchored coarse HGB,2.8000000000000003,12,0.6204184514024603,
crossing_90_d_2,168,anchored coarse HGB,3.2,12,0.6792706674499559,
crossing_90_d_2,168,GEL-Ped instability guard,0.4,12,0.09486989463994616,0.7185570936981299
crossing_90_d_2,168,GEL-Ped instability guard,0.8,12,0.1964065680742866,0.7408978145204385
crossing_90_d_2,168,GEL-Ped instability guard,1.2000000000000002,12,0.3090116886571376,0.7455015094453442
crossing_90_d_2,168,GEL-Ped instability guard,1.6,12,0.4245219843831529,0.7385813143397082
crossing_90_d_2,168,GEL-Ped instability guard,2.0,12,0.5528318489206303,0.7248392422858516
crossing_90_d_2,168,GEL-Ped instability guard,2.4000000000000004,12,0.7325187173776336,0.6970128790475735
crossing_90_d_2,168,GEL-Ped instability guard,2.8000000000000003,12,0.9053835324408658,0.6623756475796059
crossing_90_d_2,168,GEL-Ped instability guard,3.2,12,1.215176487708604,0.6311720660136615
crossing_90_d_2,208,constant velocity,0.4,16,0.1459347340161451,
crossing_90_d_2,208,constant velocity,0.8,16,0.2565108203821391,
crossing_90_d_2,208,constant velocity,1.2000000000000002,16,0.4286274262095181,
crossing_90_d_2,208,constant velocity,1.6,16,0.598252931987878,
crossing_90_d_2,208,constant velocity,2.0,16,0.713532277813175,
crossing_90_d_2,208,constant velocity,2.4000000000000004,16,0.8738684857048649,
crossing_90_d_2,208,constant velocity,2.8000000000000003,16,0.965604913151902,
crossing_90_d_2,208,constant velocity,3.2,16,1.1025467267257354,
crossing_90_d_2,208,five-member graph ensemble,0.4,16,0.14336537698926619,
crossing_90_d_2,208,five-member graph ensemble,0.8,16,0.28245681976535525,
crossing_90_d_2,208,five-member graph ensemble,1.2000000000000002,16,0.500136710118964,
crossing_90_d_2,208,five-member graph ensemble,1.6,16,0.7837253792956834,
crossing_90_d_2,208,five-member graph ensemble,2.0,16,1.1449451502824743,
crossing_90_d_2,208,five-member graph ensemble,2.4000000000000004,16,1.6453157239216765,
crossing_90_d_2,208,five-member graph ensemble,2.8000000000000003,16,2.167020054122979,
crossing_90_d_2,208,five-member graph ensemble,3.2,16,2.7555440717349042,
crossing_90_d_2,208,coordinate-median graph ensemble,0.4,16,0.1435985037785625,
crossing_90_d_2,208,coordinate-median graph ensemble,0.8,16,0.28191541352918725,
crossing_90_d_2,208,coordinate-median graph ensemble,1.2000000000000002,16,0.5053305769081671,
crossing_90_d_2,208,coordinate-median graph ensemble,1.6,16,0.7905965393725222,
crossing_90_d_2,208,coordinate-median graph ensemble,2.0,16,1.1555860660632797,
crossing_90_d_2,208,coordinate-median graph ensemble,2.4000000000000004,16,1.6583722367552958,
crossing_90_d_2,208,coordinate-median graph ensemble,2.8000000000000003,16,2.1853081323606602,
crossing_90_d_2,208,coordinate-median graph ensemble,3.2,16,2.776641574073457,
crossing_90_d_2,208,anchored coarse HGB,0.4,16,0.14591282530635158,
crossing_90_d_2,208,anchored coarse HGB,0.8,16,0.25811301921069174,
crossing_90_d_2,208,anchored coarse HGB,1.2000000000000002,16,0.4254254898394323,
crossing_90_d_2,208,anchored coarse HGB,1.6,16,0.6179104365235711,
crossing_90_d_2,208,anchored coarse HGB,2.0,16,0.7777314368656105,
crossing_90_d_2,208,anchored coarse HGB,2.4000000000000004,16,0.9819102741309218,
crossing_90_d_2,208,anchored coarse HGB,2.8000000000000003,16,1.1596778606894147,
crossing_90_d_2,208,anchored coarse HGB,3.2,16,1.41229220144489,
crossing_90_d_2,208,GEL-Ped instability guard,0.4,16,0.13585799231214485,0.6157030310810254
crossing_90_d_2,208,GEL-Ped instability guard,0.8,16,0.2572608488902811,0.5916717592701909
crossing_90_d_2,208,GEL-Ped instability guard,1.2000000000000002,16,0.4536746651272925,0.5702295074842165
crossing_90_d_2,208,GEL-Ped instability guard,1.6,16,0.7004172126921031,0.5551500275643433
crossing_90_d_2,208,GEL-Ped instability guard,2.0,16,0.9585425238012567,0.5264913525764546
crossing_90_d_2,208,GEL-Ped instability guard,2.4000000000000004,16,1.2974575853474482,0.4919739460776873
crossing_90_d_2,208,GEL-Ped instability guard,2.8000000000000003,16,1.679628686540857,0.46140574635404585
crossing_90_d_2,208,GEL-Ped instability guard,3.2,16,2.1038133303098463,0.4329176949861789
crossing_90_d_2,248,constant velocity,0.4,19,0.11321149246699833,
crossing_90_d_2,248,constant velocity,0.8,19,0.2320262854692563,
crossing_90_d_2,248,constant velocity,1.2000000000000002,19,0.3536533354617189,
crossing_90_d_2,248,constant velocity,1.6,19,0.5158554031398024,
crossing_90_d_2,248,constant velocity,2.0,19,0.6338366570820813,
crossing_90_d_2,248,constant velocity,2.4000000000000004,19,0.7359350844199736,
crossing_90_d_2,248,constant velocity,2.8000000000000003,19,0.8413369750238808,
crossing_90_d_2,248,constant velocity,3.2,19,0.9438634748699737,
crossing_90_d_2,248,five-member graph ensemble,0.4,19,0.1156553114184806,
crossing_90_d_2,248,five-member graph ensemble,0.8,19,0.2445648165445738,
crossing_90_d_2,248,five-member graph ensemble,1.2000000000000002,19,0.4067265333946812,
crossing_90_d_2,248,five-member graph ensemble,1.6,19,0.6181979765399155,
crossing_90_d_2,248,five-member graph ensemble,2.0,19,0.87692902950881,
crossing_90_d_2,248,five-member graph ensemble,2.4000000000000004,19,1.2079273910986186,
crossing_90_d_2,248,five-member graph ensemble,2.8000000000000003,19,1.5779449472507348,
crossing_90_d_2,248,five-member graph ensemble,3.2,19,2.0019017447364833,
crossing_90_d_2,248,coordinate-median graph ensemble,0.4,19,0.1159650887350041,
crossing_90_d_2,248,coordinate-median graph ensemble,0.8,19,0.24516587385472385,
crossing_90_d_2,248,coordinate-median graph ensemble,1.2000000000000002,19,0.40157735613332207,
crossing_90_d_2,248,coordinate-median graph ensemble,1.6,19,0.6060535239588442,
crossing_90_d_2,248,coordinate-median graph ensemble,2.0,19,0.8644865883244037,
crossing_90_d_2,248,coordinate-median graph ensemble,2.4000000000000004,19,1.1901742982099455,
crossing_90_d_2,248,coordinate-median graph ensemble,2.8000000000000003,19,1.5584473718368557,
crossing_90_d_2,248,coordinate-median graph ensemble,3.2,19,1.9795990153453886,
crossing_90_d_2,248,anchored coarse HGB,0.4,19,0.1132923615841558,
crossing_90_d_2,248,anchored coarse HGB,0.8,19,0.2308832151656785,
crossing_90_d_2,248,anchored coarse HGB,1.2000000000000002,19,0.3497298458509724,
crossing_90_d_2,248,anchored coarse HGB,1.6,19,0.505226720659062,
crossing_90_d_2,248,anchored coarse HGB,2.0,19,0.6424433269266818,
crossing_90_d_2,248,anchored coarse HGB,2.4000000000000004,19,0.7883027565474355,
crossing_90_d_2,248,anchored coarse HGB,2.8000000000000003,19,0.9737111954860729,
crossing_90_d_2,248,anchored coarse HGB,3.2,19,1.1761725332184954,
crossing_90_d_2,248,GEL-Ped instability guard,0.4,19,0.11685649132502865,0.862676271967335
crossing_90_d_2,248,GEL-Ped instability guard,0.8,19,0.23985397306514766,0.8474669990949693
crossing_90_d_2,248,GEL-Ped instability guard,1.2000000000000002,19,0.3821444117614696,0.8286486502419081
crossing_90_d_2,248,GEL-Ped instability guard,1.6,19,0.5615309832160393,0.7948534796412902
crossing_90_d_2,248,GEL-Ped instability guard,2.0,19,0.7566647501553551,0.7627510900416682
crossing_90_d_2,248,GEL-Ped instability guard,2.4000000000000004,19,1.0055185516103855,0.7239247594987992
crossing_90_d_2,248,GEL-Ped instability guard,2.8000000000000003,19,1.2844290710782926,0.6842516383029106
crossing_90_d_2,248,GEL-Ped instability guard,3.2,19,1.606526114487717,0.6463475292118521
crossing_90_d_2,288,constant velocity,0.4,14,0.13730432785360686,
crossing_90_d_2,288,constant velocity,0.8,14,0.2637756115515452,
crossing_90_d_2,288,constant velocity,1.2000000000000002,14,0.47375341714303143,
crossing_90_d_2,288,constant velocity,1.6,14,0.6361084077097869,
crossing_90_d_2,288,constant velocity,2.0,14,0.741983788745389,
crossing_90_d_2,288,constant velocity,2.4000000000000004,14,0.8533387264203375,
crossing_90_d_2,288,constant velocity,2.8000000000000003,14,0.9428374554100518,
crossing_90_d_2,288,constant velocity,3.2,14,1.0901263546898778,
crossing_90_d_2,288,five-member graph ensemble,0.4,14,0.1455424108730556,
crossing_90_d_2,288,five-member graph ensemble,0.8,14,0.3128875868773943,
crossing_90_d_2,288,five-member graph ensemble,1.2000000000000002,14,0.5917041660961473,
crossing_90_d_2,288,five-member graph ensemble,1.6,14,0.856370424751356,
crossing_90_d_2,288,five-member graph ensemble,2.0,14,1.1816425704516846,
crossing_90_d_2,288,five-member graph ensemble,2.4000000000000004,14,1.5798358617757653,
crossing_90_d_2,288,five-member graph ensemble,2.8000000000000003,14,2.0446029729563713,
crossing_90_d_2,288,five-member graph ensemble,3.2,14,2.579604249489709,
crossing_90_d_2,288,coordinate-median graph ensemble,0.4,14,0.14463051146984124,
crossing_90_d_2,288,coordinate-median graph ensemble,0.8,14,0.315911725509643,
crossing_90_d_2,288,coordinate-median graph ensemble,1.2000000000000002,14,0.5993287664769119,
crossing_90_d_2,288,coordinate-median graph ensemble,1.6,14,0.8690154176292069,
crossing_90_d_2,288,coordinate-median graph ensemble,2.0,14,1.1976125152856467,
crossing_90_d_2,288,coordinate-median graph ensemble,2.4000000000000004,14,1.5986031948191408,
crossing_90_d_2,288,coordinate-median graph ensemble,2.8000000000000003,14,2.0700622899315126,
crossing_90_d_2,288,coordinate-median graph ensemble,3.2,14,2.6183471688438127,
crossing_90_d_2,288,anchored coarse HGB,0.4,14,0.14386357621679674,
crossing_90_d_2,288,anchored coarse HGB,0.8,14,0.28938542049868193,
crossing_90_d_2,288,anchored coarse HGB,1.2000000000000002,14,0.5106314825783019,
crossing_90_d_2,288,anchored coarse HGB,1.6,14,0.7127579103862728,
crossing_90_d_2,288,anchored coarse HGB,2.0,14,0.8877570309077265,
crossing_90_d_2,288,anchored coarse HGB,2.4000000000000004,14,1.1026683608917691,
crossing_90_d_2,288,anchored coarse HGB,2.8000000000000003,14,1.3327085095900375,
crossing_90_d_2,288,anchored coarse HGB,3.2,14,1.6263856394044438,
crossing_90_d_2,288,GEL-Ped instability guard,0.4,14,0.1489548776503319,0.61848962897208
crossing_90_d_2,288,GEL-Ped instability guard,0.8,14,0.3132883429666444,0.5934031065904175
crossing_90_d_2,288,GEL-Ped instability guard,1.2000000000000002,14,0.5676529080263238,0.5608806365920783
crossing_90_d_2,288,GEL-Ped instability guard,1.6,14,0.814875446026082,0.5445878754498295
crossing_90_d_2,288,GEL-Ped instability guard,2.0,14,1.0845674277085637,0.528390663414496
crossing_90_d_2,288,GEL-Ped instability guard,2.4000000000000004,14,1.4081710614299008,0.5041794756735279
crossing_90_d_2,288,GEL-Ped instability guard,2.8000000000000003,14,1.7916850997051736,0.4817176461269898
crossing_90_d_2,288,GEL-Ped instability guard,3.2,14,2.24897264140194,0.45819829386991173
crossing_90_d_2,328,constant velocity,0.4,14,0.12620255255269813,
crossing_90_d_2,328,constant velocity,0.8,14,0.2547466939025946,
crossing_90_d_2,328,constant velocity,1.2000000000000002,14,0.4102345811955583,
crossing_90_d_2,328,constant velocity,1.6,14,0.5483029012087358,
crossing_90_d_2,328,constant velocity,2.0,14,0.6430876452144217,
crossing_90_d_2,328,constant velocity,2.4000000000000004,14,0.7727444514662697,
crossing_90_d_2,328,constant velocity,2.8000000000000003,14,0.848357908671968,
crossing_90_d_2,328,constant velocity,3.2,14,0.9151872592962117,
crossing_90_d_2,328,five-member graph ensemble,0.4,14,0.13003486541828158,
crossing_90_d_2,328,five-member graph ensemble,0.8,14,0.28049850477327193,
crossing_90_d_2,328,five-member graph ensemble,1.2000000000000002,14,0.4885637519315248,
crossing_90_d_2,328,five-member graph ensemble,1.6,14,0.7770041220940096,
crossing_90_d_2,328,five-member graph ensemble,2.0,14,1.0918972957931958,
crossing_90_d_2,328,five-member graph ensemble,2.4000000000000004,14,1.5586276668067318,
crossing_90_d_2,328,five-member graph ensemble,2.8000000000000003,14,2.055578423603926,
crossing_90_d_2,328,five-member graph ensemble,3.2,14,2.5967224754068385,
crossing_90_d_2,328,coordinate-median graph ensemble,0.4,14,0.12945665137149912,
crossing_90_d_2,328,coordinate-median graph ensemble,0.8,14,0.27906003558829245,
crossing_90_d_2,328,coordinate-median graph ensemble,1.2000000000000002,14,0.48839151572160316,
crossing_90_d_2,328,coordinate-median graph ensemble,1.6,14,0.7796025332439178,
crossing_90_d_2,328,coordinate-median graph ensemble,2.0,14,1.0963523159517836,
crossing_90_d_2,328,coordinate-median graph ensemble,2.4000000000000004,14,1.5654302950501768,
crossing_90_d_2,328,coordinate-median graph ensemble,2.8000000000000003,14,2.065186615781836,
crossing_90_d_2,328,coordinate-median graph ensemble,3.2,14,2.6108391661591988,
crossing_90_d_2,328,anchored coarse HGB,0.4,14,0.1218675322734244,
crossing_90_d_2,328,anchored coarse HGB,0.8,14,0.24779525497472418,
crossing_90_d_2,328,anchored coarse HGB,1.2000000000000002,14,0.38717427618247097,
crossing_90_d_2,328,anchored coarse HGB,1.6,14,0.5276205873339955,
crossing_90_d_2,328,anchored coarse HGB,2.0,14,0.6183966137550172,
crossing_90_d_2,328,anchored coarse HGB,2.4000000000000004,14,0.7727787340478258,
crossing_90_d_2,328,anchored coarse HGB,2.8000000000000003,14,0.9173318133294285,
crossing_90_d_2,328,anchored coarse HGB,3.2,14,1.0756406134281729,
crossing_90_d_2,328,GEL-Ped instability guard,0.4,14,0.1282146107148964,0.7417565505474265
crossing_90_d_2,328,GEL-Ped instability guard,0.8,14,0.2658249361121204,0.7415795317548391
crossing_90_d_2,328,GEL-Ped instability guard,1.2000000000000002,14,0.44423051996720764,0.7314574616284749
crossing_90_d_2,328,GEL-Ped instability guard,1.6,14,0.6635974660847797,0.7043398511704722
crossing_90_d_2,328,GEL-Ped instability guard,2.0,14,0.8741285637905752,0.6575990466170376
crossing_90_d_2,328,GEL-Ped instability guard,2.4000000000000004,14,1.2000434271575198,0.6067341947947515
crossing_90_d_2,328,GEL-Ped instability guard,2.8000000000000003,14,1.5418485152935373,0.5594281131793942
crossing_90_d_2,328,GEL-Ped instability guard,3.2,14,1.9185199002894404,0.5195832410609159
crossing_90_d_2,368,constant velocity,0.4,14,0.16939704729593272,
crossing_90_d_2,368,constant velocity,0.8,14,0.3178822344151057,
crossing_90_d_2,368,constant velocity,1.2000000000000002,14,0.5153530503789951,
crossing_90_d_2,368,constant velocity,1.6,14,0.7126600999571441,
crossing_90_d_2,368,constant velocity,2.0,14,0.8354922661109582,
crossing_90_d_2,368,constant velocity,2.4000000000000004,14,0.9227465535169339,
crossing_90_d_2,368,constant velocity,2.8000000000000003,14,1.015592888749969,
crossing_90_d_2,368,constant velocity,3.2,14,1.1026950562087205,
crossing_90_d_2,368,five-member graph ensemble,0.4,14,0.159935668324634,
crossing_90_d_2,368,five-member graph ensemble,0.8,14,0.2849716658888288,
crossing_90_d_2,368,five-member graph ensemble,1.2000000000000002,14,0.4702929208181737,
crossing_90_d_2,368,five-member graph ensemble,1.6,14,0.6698177423060864,
crossing_90_d_2,368,five-member graph ensemble,2.0,14,0.8482255173892125,
crossing_90_d_2,368,five-member graph ensemble,2.4000000000000004,14,1.03757863331296,
crossing_90_d_2,368,five-member graph ensemble,2.8000000000000003,14,1.369645873109143,
crossing_90_d_2,368,five-member graph ensemble,3.2,14,1.8167603722433208,
crossing_90_d_2,368,coordinate-median graph ensemble,0.4,14,0.1600634580683688,
crossing_90_d_2,368,coordinate-median graph ensemble,0.8,14,0.2848607570230279,
crossing_90_d_2,368,coordinate-median graph ensemble,1.2000000000000002,14,0.46866031567470695,
crossing_90_d_2,368,coordinate-median graph ensemble,1.6,14,0.6661124149233916,
crossing_90_d_2,368,coordinate-median graph ensemble,2.0,14,0.8395108451736767,
crossing_90_d_2,368,coordinate-median graph ensemble,2.4000000000000004,14,1.0186687919643274,
crossing_90_d_2,368,coordinate-median graph ensemble,2.8000000000000003,14,1.343349292902966,
crossing_90_d_2,368,coordinate-median graph ensemble,3.2,14,1.7809824120269082,
crossing_90_d_2,368,anchored coarse HGB,0.4,14,0.15780713442232902,
crossing_90_d_2,368,anchored coarse HGB,0.8,14,0.28538596667691035,
crossing_90_d_2,368,anchored coarse HGB,1.2000000000000002,14,0.47045743162931536,
crossing_90_d_2,368,anchored coarse HGB,1.6,14,0.6567218393876768,
crossing_90_d_2,368,anchored coarse HGB,2.0,14,0.7743727453547733,
crossing_90_d_2,368,anchored coarse HGB,2.4000000000000004,14,0.8386692958634157,
crossing_90_d_2,368,anchored coarse HGB,2.8000000000000003,14,0.9249737237798519,
crossing_90_d_2,368,anchored coarse HGB,3.2,14,1.0316273193293877,
crossing_90_d_2,368,GEL-Ped instability guard,0.4,14,0.15817925916347345,0.655172540335095
crossing_90_d_2,368,GEL-Ped instability guard,0.8,14,0.28386116873435907,0.6445839270588016
crossing_90_d_2,368,GEL-Ped instability guard,1.2000000000000002,14,0.4691774067823797,0.655873744017632
crossing_90_d_2,368,GEL-Ped instability guard,1.6,14,0.6549923866132769,0.6569203196944021
crossing_90_d_2,368,GEL-Ped instability guard,2.0,14,0.8052680555423551,0.6531822262327369
crossing_90_d_2,368,GEL-Ped instability guard,2.4000000000000004,14,0.9545353344394867,0.6482226384261448
crossing_90_d_2,368,GEL-Ped instability guard,2.8000000000000003,14,1.143181731161219,0.6368564255435355
crossing_90_d_2,368,GEL-Ped instability guard,3.2,14,1.3886857051405845,0.622550015971712
crossing_90_d_2,408,constant velocity,0.4,14,0.13218103687112287,
crossing_90_d_2,408,constant velocity,0.8,14,0.2798686076638824,
crossing_90_d_2,408,constant velocity,1.2000000000000002,14,0.4143541018439035,
crossing_90_d_2,408,constant velocity,1.6,14,0.5208631607861133,
crossing_90_d_2,408,constant velocity,2.0,14,0.5895836051936679,
crossing_90_d_2,408,constant velocity,2.4000000000000004,14,0.6592781858497438,
crossing_90_d_2,408,constant velocity,2.8000000000000003,14,0.6956270471798253,
crossing_90_d_2,408,constant velocity,3.2,14,0.8039790144167187,
crossing_90_d_2,408,five-member graph ensemble,0.4,14,0.14051690546746537,
crossing_90_d_2,408,five-member graph ensemble,0.8,14,0.3218528122668289,
crossing_90_d_2,408,five-member graph ensemble,1.2000000000000002,14,0.5087272737075504,
crossing_90_d_2,408,five-member graph ensemble,1.6,14,0.7320214263311123,
crossing_90_d_2,408,five-member graph ensemble,2.0,14,0.9832653693513481,
crossing_90_d_2,408,five-member graph ensemble,2.4000000000000004,14,1.3632784508011497,
crossing_90_d_2,408,five-member graph ensemble,2.8000000000000003,14,1.812021828305197,
crossing_90_d_2,408,five-member graph ensemble,3.2,14,2.3387384328743615,
crossing_90_d_2,408,coordinate-median graph ensemble,0.4,14,0.14147175050588298,
crossing_90_d_2,408,coordinate-median graph ensemble,0.8,14,0.3217586893114566,
crossing_90_d_2,408,coordinate-median graph ensemble,1.2000000000000002,14,0.50550379887132,
crossing_90_d_2,408,coordinate-median graph ensemble,1.6,14,0.7244850832694404,
crossing_90_d_2,408,coordinate-median graph ensemble,2.0,14,0.9759846253012467,
crossing_90_d_2,408,coordinate-median graph ensemble,2.4000000000000004,14,1.3576237625560486,
crossing_90_d_2,408,coordinate-median graph ensemble,2.8000000000000003,14,1.8153981639603782,
crossing_90_d_2,408,coordinate-median graph ensemble,3.2,14,2.3487006229906413,
crossing_90_d_2,408,anchored coarse HGB,0.4,14,0.13986943440824823,
crossing_90_d_2,408,anchored coarse HGB,0.8,14,0.3050187196253627,
crossing_90_d_2,408,anchored coarse HGB,1.2000000000000002,14,0.45623875165158384,
crossing_90_d_2,408,anchored coarse HGB,1.6,14,0.5793125060831017,
crossing_90_d_2,408,anchored coarse HGB,2.0,14,0.678874262379934,
crossing_90_d_2,408,anchored coarse HGB,2.4000000000000004,14,0.8100035634629945,
crossing_90_d_2,408,anchored coarse HGB,2.8000000000000003,14,0.9493270447613282,
crossing_90_d_2,408,anchored coarse HGB,3.2,14,1.163613345083,
crossing_90_d_2,408,GEL-Ped instability guard,0.4,14,0.1435147877921645,0.7424918664547784
crossing_90_d_2,408,GEL-Ped instability guard,0.8,14,0.32257500543807477,0.7054057255975121
crossing_90_d_2,408,GEL-Ped instability guard,1.2000000000000002,14,0.49684680592841995,0.6752790276756904
crossing_90_d_2,408,GEL-Ped instability guard,1.6,14,0.6581993707742211,0.6579208527244738
crossing_90_d_2,408,GEL-Ped instability guard,2.0,14,0.8345574867139671,0.6445367182495143
crossing_90_d_2,408,GEL-Ped instability guard,2.4000000000000004,14,1.0685771345653259,0.6395473985445524
crossing_90_d_2,408,GEL-Ped instability guard,2.8000000000000003,14,1.3780695297194723,0.6306482999945082
crossing_90_d_2,408,GEL-Ped instability guard,3.2,14,1.8009317624542167,0.6235964444894113
crossing_90_d_2,448,constant velocity,0.4,13,0.130860419115256,
crossing_90_d_2,448,constant velocity,0.8,13,0.2791198804632789,
crossing_90_d_2,448,constant velocity,1.2000000000000002,13,0.408781943936556,
crossing_90_d_2,448,constant velocity,1.6,13,0.5304282922175951,
crossing_90_d_2,448,constant velocity,2.0,13,0.600754215321545,
crossing_90_d_2,448,constant velocity,2.4000000000000004,13,0.7130416470331986,
crossing_90_d_2,448,constant velocity,2.8000000000000003,13,0.8146126508295171,
crossing_90_d_2,448,constant velocity,3.2,13,0.8903566859084329,
crossing_90_d_2,448,five-member graph ensemble,0.4,13,0.13261068180915703,
crossing_90_d_2,448,five-member graph ensemble,0.8,13,0.28604957858579083,
crossing_90_d_2,448,five-member graph ensemble,1.2000000000000002,13,0.49251965954825155,
crossing_90_d_2,448,five-member graph ensemble,1.6,13,0.8150987227670721,
crossing_90_d_2,448,five-member graph ensemble,2.0,13,1.2180639209800082,
crossing_90_d_2,448,five-member graph ensemble,2.4000000000000004,13,1.7207401835720764,
crossing_90_d_2,448,five-member graph ensemble,2.8000000000000003,13,2.2046155124612934,
crossing_90_d_2,448,five-member graph ensemble,3.2,13,2.7510302894698095,
crossing_90_d_2,448,coordinate-median graph ensemble,0.4,13,0.13353339585750165,
crossing_90_d_2,448,coordinate-median graph ensemble,0.8,13,0.28700799763907753,
crossing_90_d_2,448,coordinate-median graph ensemble,1.2000000000000002,13,0.49677684478426687,
crossing_90_d_2,448,coordinate-median graph ensemble,1.6,13,0.8264128020954316,
crossing_90_d_2,448,coordinate-median graph ensemble,2.0,13,1.2423361025814375,
crossing_90_d_2,448,coordinate-median graph ensemble,2.4000000000000004,13,1.750271287209035,
crossing_90_d_2,448,coordinate-median graph ensemble,2.8000000000000003,13,2.241693549405535,
crossing_90_d_2,448,coordinate-median graph ensemble,3.2,13,2.791479071682741,
crossing_90_d_2,448,anchored coarse HGB,0.4,13,0.12599018443671303,
crossing_90_d_2,448,anchored coarse HGB,0.8,13,0.2801081078561242,
crossing_90_d_2,448,anchored coarse HGB,1.2000000000000002,13,0.4300663706407791,
crossing_90_d_2,448,anchored coarse HGB,1.6,13,0.5812764997401335,
crossing_90_d_2,448,anchored coarse HGB,2.0,13,0.706937693947949,
crossing_90_d_2,448,anchored coarse HGB,2.4000000000000004,13,0.8181045541954162,
crossing_90_d_2,448,anchored coarse HGB,2.8000000000000003,13,0.9274764991712067,
crossing_90_d_2,448,anchored coarse HGB,3.2,13,1.0468593846358696,
crossing_90_d_2,448,GEL-Ped instability guard,0.4,13,0.12093501923369512,0.56886164844911
crossing_90_d_2,448,GEL-Ped instability guard,0.8,13,0.2664633494023519,0.5563431034790569
crossing_90_d_2,448,GEL-Ped instability guard,1.2000000000000002,13,0.42964649691783335,0.5535835437095519
crossing_90_d_2,448,GEL-Ped instability guard,1.6,13,0.6279930504865541,0.5398002343075805
crossing_90_d_2,448,GEL-Ped instability guard,2.0,13,0.867589682804328,0.5252319591311216
crossing_90_d_2,448,GEL-Ped instability guard,2.4000000000000004,13,1.1697881055481931,0.5081215399424054
crossing_90_d_2,448,GEL-Ped instability guard,2.8000000000000003,13,1.4589906946563227,0.489315513494231
crossing_90_d_2,448,GEL-Ped instability guard,3.2,13,1.8025961215820803,0.4703469643220938
crossing_90_d_2,488,constant velocity,0.4,12,0.09819801069038799,
crossing_90_d_2,488,constant velocity,0.8,12,0.1550343731442935,
crossing_90_d_2,488,constant velocity,1.2000000000000002,12,0.2224268569420347,
crossing_90_d_2,488,constant velocity,1.6,12,0.28230551649024455,
crossing_90_d_2,488,constant velocity,2.0,12,0.34591504809996404,
crossing_90_d_2,488,constant velocity,2.4000000000000004,12,0.3914790510328088,
crossing_90_d_2,488,constant velocity,2.8000000000000003,12,0.46922495255890095,
crossing_90_d_2,488,constant velocity,3.2,12,0.5688684646479044,
crossing_90_d_2,488,five-member graph ensemble,0.4,12,0.1089241840639213,
crossing_90_d_2,488,five-member graph ensemble,0.8,12,0.22474463132562372,
crossing_90_d_2,488,five-member graph ensemble,1.2000000000000002,12,0.37262332353140293,
crossing_90_d_2,488,five-member graph ensemble,1.6,12,0.6643564845950709,
crossing_90_d_2,488,five-member graph ensemble,2.0,12,1.0495208406009398,
crossing_90_d_2,488,five-member graph ensemble,2.4000000000000004,12,1.478909096223435,
crossing_90_d_2,488,five-member graph ensemble,2.8000000000000003,12,1.9740113548762208,
crossing_90_d_2,488,five-member graph ensemble,3.2,12,2.490990564241727,
crossing_90_d_2,488,coordinate-median graph ensemble,0.4,12,0.11029276280121834,
crossing_90_d_2,488,coordinate-median graph ensemble,0.8,12,0.2304742465415788,
crossing_90_d_2,488,coordinate-median graph ensemble,1.2000000000000002,12,0.38609424884551724,
crossing_90_d_2,488,coordinate-median graph ensemble,1.6,12,0.6817586810720201,
crossing_90_d_2,488,coordinate-median graph ensemble,2.0,12,1.0772320284111616,
crossing_90_d_2,488,coordinate-median graph ensemble,2.4000000000000004,12,1.5192681284229426,
crossing_90_d_2,488,coordinate-median graph ensemble,2.8000000000000003,12,2.0356714565162815,
crossing_90_d_2,488,coordinate-median graph ensemble,3.2,12,2.5779339828730135,
crossing_90_d_2,488,anchored coarse HGB,0.4,12,0.09667083440103909,
crossing_90_d_2,488,anchored coarse HGB,0.8,12,0.13475676121070526,
crossing_90_d_2,488,anchored coarse HGB,1.2000000000000002,12,0.18278196131829172,
crossing_90_d_2,488,anchored coarse HGB,1.6,12,0.25815611854613224,
crossing_90_d_2,488,anchored coarse HGB,2.0,12,0.355066520673142,
crossing_90_d_2,488,anchored coarse HGB,2.4000000000000004,12,0.462175366011933,
crossing_90_d_2,488,anchored coarse HGB,2.8000000000000003,12,0.5929904834185198,
crossing_90_d_2,488,anchored coarse HGB,3.2,12,0.7457683973970876,
crossing_90_d_2,488,GEL-Ped instability guard,0.4,12,0.10198445765937819,0.6382501015577473
crossing_90_d_2,488,GEL-Ped instability guard,0.8,12,0.15672161027654,0.6139995096119971
crossing_90_d_2,488,GEL-Ped instability guard,1.2000000000000002,12,0.22458249925580642,0.5607535407227274
crossing_90_d_2,488,GEL-Ped instability guard,1.6,12,0.3856013704831995,0.5187148361583841
crossing_90_d_2,488,GEL-Ped instability guard,2.0,12,0.5916125466975243,0.48761525116850085
crossing_90_d_2,488,GEL-Ped instability guard,2.4000000000000004,12,0.8165197395423736,0.45533963231246455
crossing_90_d_2,488,GEL-Ped instability guard,2.8000000000000003,12,1.0859862842195938,0.43482851934933897
crossing_90_d_2,488,GEL-Ped instability guard,3.2,12,1.3790609282535762,0.42927137699891726
crossing_90_d_2,528,constant velocity,0.4,13,0.1311031148146698,
crossing_90_d_2,528,constant velocity,0.8,13,0.27009558571881664,
crossing_90_d_2,528,constant velocity,1.2000000000000002,13,0.3800009654519337,
crossing_90_d_2,528,constant velocity,1.6,13,0.5245988251377424,
crossing_90_d_2,528,constant velocity,2.0,13,0.656168171867445,
crossing_90_d_2,528,constant velocity,2.4000000000000004,13,0.7425005173337846,
crossing_90_d_2,528,constant velocity,2.8000000000000003,13,0.8763221371515735,
crossing_90_d_2,528,constant velocity,3.2,13,0.970220392978262,
crossing_90_d_2,528,five-member graph ensemble,0.4,13,0.1582798501073309,
crossing_90_d_2,528,five-member graph ensemble,0.8,13,0.33755519243488147,
crossing_90_d_2,528,five-member graph ensemble,1.2000000000000002,13,0.5681739147786288,
crossing_90_d_2,528,five-member graph ensemble,1.6,13,0.8937023291067933,
crossing_90_d_2,528,five-member graph ensemble,2.0,13,1.2922607441747802,
crossing_90_d_2,528,five-member graph ensemble,2.4000000000000004,13,1.7028009568904219,
crossing_90_d_2,528,five-member graph ensemble,2.8000000000000003,13,2.1717111005740155,
crossing_90_d_2,528,five-member graph ensemble,3.2,13,2.6387412037865396,
crossing_90_d_2,528,coordinate-median graph ensemble,0.4,13,0.15905024009649738,
crossing_90_d_2,528,coordinate-median graph ensemble,0.8,13,0.34215269871149573,
crossing_90_d_2,528,coordinate-median graph ensemble,1.2000000000000002,13,0.5785244959803358,
crossing_90_d_2,528,coordinate-median graph ensemble,1.6,13,0.9203811217876509,
crossing_90_d_2,528,coordinate-median graph ensemble,2.0,13,1.330047104552231,
crossing_90_d_2,528,coordinate-median graph ensemble,2.4000000000000004,13,1.7461288266556743,
crossing_90_d_2,528,coordinate-median graph ensemble,2.8000000000000003,13,2.228308015696382,
crossing_90_d_2,528,coordinate-median graph ensemble,3.2,13,2.6991447047177077,
crossing_90_d_2,528,anchored coarse HGB,0.4,13,0.1342212501605489,
crossing_90_d_2,528,anchored coarse HGB,0.8,13,0.27075381829707934,
crossing_90_d_2,528,anchored coarse HGB,1.2000000000000002,13,0.3851869024129065,
crossing_90_d_2,528,anchored coarse HGB,1.6,13,0.530952061637309,
crossing_90_d_2,528,anchored coarse HGB,2.0,13,0.7052342142379071,
crossing_90_d_2,528,anchored coarse HGB,2.4000000000000004,13,0.8266563553821785,
crossing_90_d_2,528,anchored coarse HGB,2.8000000000000003,13,0.9649341054884969,
crossing_90_d_2,528,anchored coarse HGB,3.2,13,1.046583280331466,
crossing_90_d_2,528,GEL-Ped instability guard,0.4,13,0.14439272205395354,0.6039717354409213
crossing_90_d_2,528,GEL-Ped instability guard,0.8,13,0.2944353382807874,0.6027886577151489
crossing_90_d_2,528,GEL-Ped instability guard,1.2000000000000002,13,0.44388427387676377,0.5739198620232823
crossing_90_d_2,528,GEL-Ped instability guard,1.6,13,0.6353296589784084,0.5332505178156615
crossing_90_d_2,528,GEL-Ped instability guard,2.0,13,0.8811174513224269,0.505423410871244
crossing_90_d_2,528,GEL-Ped instability guard,2.4000000000000004,13,1.1535798816184817,0.47590481708629745
crossing_90_d_2,528,GEL-Ped instability guard,2.8000000000000003,13,1.4862109094810543,0.44657427869318467
crossing_90_d_2,528,GEL-Ped instability guard,3.2,13,1.7767421551038045,0.4233899060738364
crossing_90_d_3,95,constant velocity,0.4,6,0.08844119879038177,
crossing_90_d_3,95,constant velocity,0.8,6,0.14034937865647726,
crossing_90_d_3,95,constant velocity,1.2000000000000002,6,0.23802742511066732,
crossing_90_d_3,95,constant velocity,1.6,6,0.3799822838245666,
crossing_90_d_3,95,constant velocity,2.0,6,0.5168835413726574,
crossing_90_d_3,95,constant velocity,2.4000000000000004,6,0.6478128858182395,
crossing_90_d_3,95,constant velocity,2.8000000000000003,6,0.7610190336648497,
crossing_90_d_3,95,constant velocity,3.2,6,0.8063608300450934,
crossing_90_d_3,95,five-member graph ensemble,0.4,6,0.08796926937488925,
crossing_90_d_3,95,five-member graph ensemble,0.8,6,0.14713888620057236,
crossing_90_d_3,95,five-member graph ensemble,1.2000000000000002,6,0.2781880395637532,
crossing_90_d_3,95,five-member graph ensemble,1.6,6,0.4607568819288675,
crossing_90_d_3,95,five-member graph ensemble,2.0,6,0.6092388377674415,
crossing_90_d_3,95,five-member graph ensemble,2.4000000000000004,6,0.7937807272262983,
crossing_90_d_3,95,five-member graph ensemble,2.8000000000000003,6,1.0168616754682196,
crossing_90_d_3,95,five-member graph ensemble,3.2,6,1.3329212978250873,
crossing_90_d_3,95,coordinate-median graph ensemble,0.4,6,0.08711557408535703,
crossing_90_d_3,95,coordinate-median graph ensemble,0.8,6,0.14422818129315915,
crossing_90_d_3,95,coordinate-median graph ensemble,1.2000000000000002,6,0.2740398406876275,
crossing_90_d_3,95,coordinate-median graph ensemble,1.6,6,0.4499759999312906,
crossing_90_d_3,95,coordinate-median graph ensemble,2.0,6,0.5834057400749041,
crossing_90_d_3,95,coordinate-median graph ensemble,2.4000000000000004,6,0.743511863117666,
crossing_90_d_3,95,coordinate-median graph ensemble,2.8000000000000003,6,0.9436987540120584,
crossing_90_d_3,95,coordinate-median graph ensemble,3.2,6,1.2497396594992483,
crossing_90_d_3,95,anchored coarse HGB,0.4,6,0.08421567037427986,
crossing_90_d_3,95,anchored coarse HGB,0.8,6,0.13095067946940742,
crossing_90_d_3,95,anchored coarse HGB,1.2000000000000002,6,0.20575066717438864,
crossing_90_d_3,95,anchored coarse HGB,1.6,6,0.3132644889862038,
crossing_90_d_3,95,anchored coarse HGB,2.0,6,0.3939962898672149,
crossing_90_d_3,95,anchored coarse HGB,2.4000000000000004,6,0.4640282424818003,
crossing_90_d_3,95,anchored coarse HGB,2.8000000000000003,6,0.5031972309437466,
crossing_90_d_3,95,anchored coarse HGB,3.2,6,0.4585381515656932,
crossing_90_d_3,95,GEL-Ped instability guard,0.4,6,0.08871423144918385,0.6949277346768237
crossing_90_d_3,95,GEL-Ped instability guard,0.8,6,0.15090261165062635,0.7116759876348056
crossing_90_d_3,95,GEL-Ped instability guard,1.2000000000000002,6,0.2668360206797463,0.7316686609230344
crossing_90_d_3,95,GEL-Ped instability guard,1.6,6,0.4200192640438922,0.7340201667414671
crossing_90_d_3,95,GEL-Ped instability guard,2.0,6,0.5314436444464127,0.6967506253723915
crossing_90_d_3,95,GEL-Ped instability guard,2.4000000000000004,6,0.6501412552231997,0.6607325895858521
crossing_90_d_3,95,GEL-Ped instability guard,2.8000000000000003,6,0.7758498563696826,0.6253285102809303
crossing_90_d_3,95,GEL-Ped instability guard,3.2,6,0.9132190607147845,0.5809005093624412
crossing_90_d_3,135,constant velocity,0.4,12,0.10410824832997063,
crossing_90_d_3,135,constant velocity,0.8,12,0.2447787569577465,
crossing_90_d_3,135,constant velocity,1.2000000000000002,12,0.3809815308070011,
crossing_90_d_3,135,constant velocity,1.6,12,0.504342330635502,
crossing_90_d_3,135,constant velocity,2.0,12,0.6113471549616388,
crossing_90_d_3,135,constant velocity,2.4000000000000004,12,0.7277124108971299,
crossing_90_d_3,135,constant velocity,2.8000000000000003,12,0.7992197607546051,
crossing_90_d_3,135,constant velocity,3.2,12,0.8594836546714428,
crossing_90_d_3,135,five-member graph ensemble,0.4,12,0.09785682456322292,
crossing_90_d_3,135,five-member graph ensemble,0.8,12,0.2573092369541362,
crossing_90_d_3,135,five-member graph ensemble,1.2000000000000002,12,0.4819047130265515,
crossing_90_d_3,135,five-member graph ensemble,1.6,12,0.7615043731713214,
crossing_90_d_3,135,five-member graph ensemble,2.0,12,1.0803034011414947,
crossing_90_d_3,135,five-member graph ensemble,2.4000000000000004,12,1.4636023519786836,
crossing_90_d_3,135,five-member graph ensemble,2.8000000000000003,12,1.9142999961120803,
crossing_90_d_3,135,five-member graph ensemble,3.2,12,2.421326421685176,
crossing_90_d_3,135,coordinate-median graph ensemble,0.4,12,0.09790755963755661,
crossing_90_d_3,135,coordinate-median graph ensemble,0.8,12,0.2576627618168153,
crossing_90_d_3,135,coordinate-median graph ensemble,1.2000000000000002,12,0.4849998933360585,
crossing_90_d_3,135,coordinate-median graph ensemble,1.6,12,0.7646100700758957,
crossing_90_d_3,135,coordinate-median graph ensemble,2.0,12,1.071849404843471,
crossing_90_d_3,135,coordinate-median graph ensemble,2.4000000000000004,12,1.43860205278275,
crossing_90_d_3,135,coordinate-median graph ensemble,2.8000000000000003,12,1.874798343884419,
crossing_90_d_3,135,coordinate-median graph ensemble,3.2,12,2.3729823763024287,
crossing_90_d_3,135,anchored coarse HGB,0.4,12,0.100485583543927,
crossing_90_d_3,135,anchored coarse HGB,0.8,12,0.243035344157455,
crossing_90_d_3,135,anchored coarse HGB,1.2000000000000002,12,0.40234833008752097,
crossing_90_d_3,135,anchored coarse HGB,1.6,12,0.5660696311936442,
crossing_90_d_3,135,anchored coarse HGB,2.0,12,0.7219869565145799,
crossing_90_d_3,135,anchored coarse HGB,2.4000000000000004,12,0.8841126494334324,
crossing_90_d_3,135,anchored coarse HGB,2.8000000000000003,12,1.0138961770338517,
crossing_90_d_3,135,anchored coarse HGB,3.2,12,1.1679700835779416,
crossing_90_d_3,135,GEL-Ped instability guard,0.4,12,0.09936263773794198,0.7156333667379128
crossing_90_d_3,135,GEL-Ped instability guard,0.8,12,0.2521199647316193,0.7084825524508533
crossing_90_d_3,135,GEL-Ped instability guard,1.2000000000000002,12,0.4491988892145264,0.6417937404938785
crossing_90_d_3,135,GEL-Ped instability guard,1.6,12,0.6652670917482831,0.5774731078120847
crossing_90_d_3,135,GEL-Ped instability guard,2.0,12,0.882511667032453,0.5332735396874431
crossing_90_d_3,135,GEL-Ped instability guard,2.4000000000000004,12,1.1241090436020815,0.4890724835105568
crossing_90_d_3,135,GEL-Ped instability guard,2.8000000000000003,12,1.3986090510162417,0.4517577285224926
crossing_90_d_3,135,GEL-Ped instability guard,3.2,12,1.7273768598348822,0.4237524755444546
crossing_90_d_3,175,constant velocity,0.4,15,0.17135453588108016,
crossing_90_d_3,175,constant velocity,0.8,15,0.34584346912471847,
crossing_90_d_3,175,constant velocity,1.2000000000000002,15,0.5401884520048026,
crossing_90_d_3,175,constant velocity,1.6,15,0.7237691932502567,
crossing_90_d_3,175,constant velocity,2.0,15,0.8800813211273016,
crossing_90_d_3,175,constant velocity,2.4000000000000004,15,1.0668701226887987,
crossing_90_d_3,175,constant velocity,2.8000000000000003,15,1.2167818252460587,
crossing_90_d_3,175,constant velocity,3.2,15,1.3897653940104555,
crossing_90_d_3,175,five-member graph ensemble,0.4,15,0.18327141134086802,
crossing_90_d_3,175,five-member graph ensemble,0.8,15,0.36923422998879046,
crossing_90_d_3,175,five-member graph ensemble,1.2000000000000002,15,0.5863380569240736,
crossing_90_d_3,175,five-member graph ensemble,1.6,15,0.8198280634885446,
crossing_90_d_3,175,five-member graph ensemble,2.0,15,1.0446331543540315,
crossing_90_d_3,175,five-member graph ensemble,2.4000000000000004,15,1.3301979504291346,
crossing_90_d_3,175,five-member graph ensemble,2.8000000000000003,15,1.6686449472430007,
crossing_90_d_3,175,five-member graph ensemble,3.2,15,2.099972825344857,
crossing_90_d_3,175,coordinate-median graph ensemble,0.4,15,0.1818856373541518,
crossing_90_d_3,175,coordinate-median graph ensemble,0.8,15,0.3685328049413773,
crossing_90_d_3,175,coordinate-median graph ensemble,1.2000000000000002,15,0.5815097654188676,
crossing_90_d_3,175,coordinate-median graph ensemble,1.6,15,0.8136385576851289,
crossing_90_d_3,175,coordinate-median graph ensemble,2.0,15,1.0442289062920727,
crossing_90_d_3,175,coordinate-median graph ensemble,2.4000000000000004,15,1.3329356029898294,
crossing_90_d_3,175,coordinate-median graph ensemble,2.8000000000000003,15,1.6777919447740701,
crossing_90_d_3,175,coordinate-median graph ensemble,3.2,15,2.111709717097542,
crossing_90_d_3,175,anchored coarse HGB,0.4,15,0.17235551422127102,
crossing_90_d_3,175,anchored coarse HGB,0.8,15,0.34224376179822136,
crossing_90_d_3,175,anchored coarse HGB,1.2000000000000002,15,0.5190225995276496,
crossing_90_d_3,175,anchored coarse HGB,1.6,15,0.6851810589627677,
crossing_90_d_3,175,anchored coarse HGB,2.0,15,0.810548825567794,
crossing_90_d_3,175,anchored coarse HGB,2.4000000000000004,15,0.9769392499234947,
crossing_90_d_3,175,anchored coarse HGB,2.8000000000000003,15,1.123453509170897,
crossing_90_d_3,175,anchored coarse HGB,3.2,15,1.2981325586156407,
crossing_90_d_3,175,GEL-Ped instability guard,0.4,15,0.1722049318664882,0.5094169136423944
crossing_90_d_3,175,GEL-Ped instability guard,0.8,15,0.34111978036915214,0.5244521597580143
crossing_90_d_3,175,GEL-Ped instability guard,1.2000000000000002,15,0.5325216284358392,0.5092984347894389
crossing_90_d_3,175,GEL-Ped instability guard,1.6,15,0.7282982270943666,0.4861972652632035
crossing_90_d_3,175,GEL-Ped instability guard,2.0,15,0.8972896523220097,0.46098282781963656
crossing_90_d_3,175,GEL-Ped instability guard,2.4000000000000004,15,1.121509364822172,0.4388274786634277
crossing_90_d_3,175,GEL-Ped instability guard,2.8000000000000003,15,1.365328668038271,0.4148822641144845
crossing_90_d_3,175,GEL-Ped instability guard,3.2,15,1.6744446392010977,0.3947165956841363
crossing_90_d_3,215,constant velocity,0.4,14,0.14582522432517156,
crossing_90_d_3,215,constant velocity,0.8,14,0.25360786441325023,
crossing_90_d_3,215,constant velocity,1.2000000000000002,14,0.38848476550266187,
crossing_90_d_3,215,constant velocity,1.6,14,0.5159225901463704,
crossing_90_d_3,215,constant velocity,2.0,14,0.6589740807082307,
crossing_90_d_3,215,constant velocity,2.4000000000000004,14,0.8195329647966364,
crossing_90_d_3,215,constant velocity,2.8000000000000003,14,1.008593399147312,
crossing_90_d_3,215,constant velocity,3.2,14,1.204447151046423,
crossing_90_d_3,215,five-member graph ensemble,0.4,14,0.1451501747829993,
crossing_90_d_3,215,five-member graph ensemble,0.8,14,0.26590836043338356,
crossing_90_d_3,215,five-member graph ensemble,1.2000000000000002,14,0.4799687654591888,
crossing_90_d_3,215,five-member graph ensemble,1.6,14,0.7594520888597511,
crossing_90_d_3,215,five-member graph ensemble,2.0,14,1.1508196102418058,
crossing_90_d_3,215,five-member graph ensemble,2.4000000000000004,14,1.6690815922850926,
crossing_90_d_3,215,five-member graph ensemble,2.8000000000000003,14,2.233980161515436,
crossing_90_d_3,215,five-member graph ensemble,3.2,14,2.8104357627719048,
crossing_90_d_3,215,coordinate-median graph ensemble,0.4,14,0.144764369464711,
crossing_90_d_3,215,coordinate-median graph ensemble,0.8,14,0.26348624834803697,
crossing_90_d_3,215,coordinate-median graph ensemble,1.2000000000000002,14,0.48181375797943515,
crossing_90_d_3,215,coordinate-median graph ensemble,1.6,14,0.7658740489248314,
crossing_90_d_3,215,coordinate-median graph ensemble,2.0,14,1.1684273133193084,
crossing_90_d_3,215,coordinate-median graph ensemble,2.4000000000000004,14,1.6987782575905075,
crossing_90_d_3,215,coordinate-median graph ensemble,2.8000000000000003,14,2.280175198885787,
crossing_90_d_3,215,coordinate-median graph ensemble,3.2,14,2.865995987784945,
crossing_90_d_3,215,anchored coarse HGB,0.4,14,0.13904812645613443,
crossing_90_d_3,215,anchored coarse HGB,0.8,14,0.2363542501488207,
crossing_90_d_3,215,anchored coarse HGB,1.2000000000000002,14,0.37347478043676496,
crossing_90_d_3,215,anchored coarse HGB,1.6,14,0.5098290528895771,
crossing_90_d_3,215,anchored coarse HGB,2.0,14,0.6934028260970043,
crossing_90_d_3,215,anchored coarse HGB,2.4000000000000004,14,0.8982076595225569,
crossing_90_d_3,215,anchored coarse HGB,2.8000000000000003,14,1.170248303309665,
crossing_90_d_3,215,anchored coarse HGB,3.2,14,1.4435697851725153,
crossing_90_d_3,215,GEL-Ped instability guard,0.4,14,0.13829536687063174,0.6558385226042248
crossing_90_d_3,215,GEL-Ped instability guard,0.8,14,0.23294485797368947,0.6012175322322536
crossing_90_d_3,215,GEL-Ped instability guard,1.2000000000000002,14,0.3881389804172363,0.5674197356601626
crossing_90_d_3,215,GEL-Ped instability guard,1.6,14,0.5779457103196524,0.5545901951945019
crossing_90_d_3,215,GEL-Ped instability guard,2.0,14,0.8478680937340036,0.5419051643485123
crossing_90_d_3,215,GEL-Ped instability guard,2.4000000000000004,14,1.1981350955552188,0.5243604856844359
crossing_90_d_3,215,GEL-Ped instability guard,2.8000000000000003,14,1.59431104236611,0.515820575305915
crossing_90_d_3,215,GEL-Ped instability guard,3.2,14,2.0125139806538086,0.5127239119615755
crossing_90_d_3,255,constant velocity,0.4,10,0.10660442402105268,
crossing_90_d_3,255,constant velocity,0.8,10,0.18028944664331398,
crossing_90_d_3,255,constant velocity,1.2000000000000002,10,0.30298278781579835,
crossing_90_d_3,255,constant velocity,1.6,10,0.40973385752352326,
crossing_90_d_3,255,constant velocity,2.0,10,0.5329200270383122,
crossing_90_d_3,255,constant velocity,2.4000000000000004,10,0.5950206429021061,
crossing_90_d_3,255,constant velocity,2.8000000000000003,10,0.6799949682699031,
crossing_90_d_3,255,constant velocity,3.2,10,0.698093128625117,
crossing_90_d_3,255,five-member graph ensemble,0.4,10,0.11019693750956479,
crossing_90_d_3,255,five-member graph ensemble,0.8,10,0.18493231307400962,
crossing_90_d_3,255,five-member graph ensemble,1.2000000000000002,10,0.3286694281767149,
crossing_90_d_3,255,five-member graph ensemble,1.6,10,0.5107448664974779,
crossing_90_d_3,255,five-member graph ensemble,2.0,10,0.7661226421245081,
crossing_90_d_3,255,five-member graph ensemble,2.4000000000000004,10,1.0603076836340812,
crossing_90_d_3,255,five-member graph ensemble,2.8000000000000003,10,1.4593428835224258,
crossing_90_d_3,255,five-member graph ensemble,3.2,10,1.897387285642883,
crossing_90_d_3,255,coordinate-median graph ensemble,0.4,10,0.11013453351897577,
crossing_90_d_3,255,coordinate-median graph ensemble,0.8,10,0.18496271732309405,
crossing_90_d_3,255,coordinate-median graph ensemble,1.2000000000000002,10,0.3236302338118963,
crossing_90_d_3,255,coordinate-median graph ensemble,1.6,10,0.5057750845941564,
crossing_90_d_3,255,coordinate-median graph ensemble,2.0,10,0.7623437290577544,
crossing_90_d_3,255,coordinate-median graph ensemble,2.4000000000000004,10,1.0655811454419866,
crossing_90_d_3,255,coordinate-median graph ensemble,2.8000000000000003,10,1.475936301730123,
crossing_90_d_3,255,coordinate-median graph ensemble,3.2,10,1.9268757009035213,
crossing_90_d_3,255,anchored coarse HGB,0.4,10,0.10669740278331405,
crossing_90_d_3,255,anchored coarse HGB,0.8,10,0.17719272861530627,
crossing_90_d_3,255,anchored coarse HGB,1.2000000000000002,10,0.29548909963706227,
crossing_90_d_3,255,anchored coarse HGB,1.6,10,0.4154374610806486,
crossing_90_d_3,255,anchored coarse HGB,2.0,10,0.570738485969243,
crossing_90_d_3,255,anchored coarse HGB,2.4000000000000004,10,0.7407215645454351,
crossing_90_d_3,255,anchored coarse HGB,2.8000000000000003,10,0.952085034549115,
crossing_90_d_3,255,anchored coarse HGB,3.2,10,1.1515340802393308,
crossing_90_d_3,255,GEL-Ped instability guard,0.4,10,0.11325527656294457,0.9171437677919151
crossing_90_d_3,255,GEL-Ped instability guard,0.8,10,0.18965163610280186,0.9221395209038163
crossing_90_d_3,255,GEL-Ped instability guard,1.2000000000000002,10,0.3307710383121166,0.9106387670034254
crossing_90_d_3,255,GEL-Ped instability guard,1.6,10,0.5033720723398407,0.8876740689427645
crossing_90_d_3,255,GEL-Ped instability guard,2.0,10,0.7271472965748551,0.8625794365760587
crossing_90_d_3,255,GEL-Ped instability guard,2.4000000000000004,10,0.9664951764785821,0.8359869539054235
crossing_90_d_3,255,GEL-Ped instability guard,2.8000000000000003,10,1.2880887210699798,0.796206001777176
crossing_90_d_3,255,GEL-Ped instability guard,3.2,10,1.6364742795026825,0.757801141189697
crossing_90_d_3,295,constant velocity,0.4,18,0.10960022534524089,
crossing_90_d_3,295,constant velocity,0.8,18,0.18827469425427074,
crossing_90_d_3,295,constant velocity,1.2000000000000002,18,0.30544495666540894,
crossing_90_d_3,295,constant velocity,1.6,18,0.3949045659360564,
crossing_90_d_3,295,constant velocity,2.0,18,0.5238069143820802,
crossing_90_d_3,295,constant velocity,2.4000000000000004,18,0.7029502128923667,
crossing_90_d_3,295,constant velocity,2.8000000000000003,18,0.8502965442766919,
crossing_90_d_3,295,constant velocity,3.2,18,0.9639118495060998,
crossing_90_d_3,295,five-member graph ensemble,0.4,18,0.11107562544057516,
crossing_90_d_3,295,five-member graph ensemble,0.8,18,0.2036541842765935,
crossing_90_d_3,295,five-member graph ensemble,1.2000000000000002,18,0.3561254730744408,
crossing_90_d_3,295,five-member graph ensemble,1.6,18,0.5403573133989275,
crossing_90_d_3,295,five-member graph ensemble,2.0,18,0.8469526410207773,
crossing_90_d_3,295,five-member graph ensemble,2.4000000000000004,18,1.1860360421464486,
crossing_90_d_3,295,five-member graph ensemble,2.8000000000000003,18,1.5612400454346718,
crossing_90_d_3,295,five-member graph ensemble,3.2,18,1.9407455854155709,
crossing_90_d_3,295,coordinate-median graph ensemble,0.4,18,0.11087203051169695,
crossing_90_d_3,295,coordinate-median graph ensemble,0.8,18,0.20343424818466682,
crossing_90_d_3,295,coordinate-median graph ensemble,1.2000000000000002,18,0.35794511097298165,
crossing_90_d_3,295,coordinate-median graph ensemble,1.6,18,0.5454197348604972,
crossing_90_d_3,295,coordinate-median graph ensemble,2.0,18,0.8570421825966046,
crossing_90_d_3,295,coordinate-median graph ensemble,2.4000000000000004,18,1.2008814703690425,
crossing_90_d_3,295,coordinate-median graph ensemble,2.8000000000000003,18,1.5863186877658098,
crossing_90_d_3,295,coordinate-median graph ensemble,3.2,18,1.979683287639863,
crossing_90_d_3,295,anchored coarse HGB,0.4,18,0.10692627889330593,
crossing_90_d_3,295,anchored coarse HGB,0.8,18,0.1784757158186413,
crossing_90_d_3,295,anchored coarse HGB,1.2000000000000002,18,0.2980975495282714,
crossing_90_d_3,295,anchored coarse HGB,1.6,18,0.3735013082925246,
crossing_90_d_3,295,anchored coarse HGB,2.0,18,0.5048855710628494,
crossing_90_d_3,295,anchored coarse HGB,2.4000000000000004,18,0.6828984074092366,
crossing_90_d_3,295,anchored coarse HGB,2.8000000000000003,18,0.8524981267659375,
crossing_90_d_3,295,anchored coarse HGB,3.2,18,0.9915183591596848,
crossing_90_d_3,295,GEL-Ped instability guard,0.4,18,0.10535185323080568,0.7815868592599599
crossing_90_d_3,295,GEL-Ped instability guard,0.8,18,0.18250857814182578,0.7582630430098319
crossing_90_d_3,295,GEL-Ped instability guard,1.2000000000000002,18,0.29502515186128847,0.7489846362130761
crossing_90_d_3,295,GEL-Ped instability guard,1.6,18,0.4191787718339146,0.7353537046251533
crossing_90_d_3,295,GEL-Ped instability guard,2.0,18,0.6546322272815659,0.7271573196726423
crossing_90_d_3,295,GEL-Ped instability guard,2.4000000000000004,18,0.9007733451513276,0.713212024948993
crossing_90_d_3,295,GEL-Ped instability guard,2.8000000000000003,18,1.1679307184355592,0.6905398300395887
crossing_90_d_3,295,GEL-Ped instability guard,3.2,18,1.431050684788412,0.6625761681104171
crossing_90_d_3,335,constant velocity,0.4,19,0.12882043852798686,
crossing_90_d_3,335,constant velocity,0.8,19,0.25767299714511543,
crossing_90_d_3,335,constant velocity,1.2000000000000002,19,0.43789595772724715,
crossing_90_d_3,335,constant velocity,1.6,19,0.5925452720714027,
crossing_90_d_3,335,constant velocity,2.0,19,0.7811390903064881,
crossing_90_d_3,335,constant velocity,2.4000000000000004,19,0.9661046283912468,
crossing_90_d_3,335,constant velocity,2.8000000000000003,19,1.108830971453741,
crossing_90_d_3,335,constant velocity,3.2,19,1.2127693995608175,
crossing_90_d_3,335,five-member graph ensemble,0.4,19,0.11025738187208671,
crossing_90_d_3,335,five-member graph ensemble,0.8,19,0.2080111131760863,
crossing_90_d_3,335,five-member graph ensemble,1.2000000000000002,19,0.32442380495503664,
crossing_90_d_3,335,five-member graph ensemble,1.6,19,0.4110370398228653,
crossing_90_d_3,335,five-member graph ensemble,2.0,19,0.6067694287559429,
crossing_90_d_3,335,five-member graph ensemble,2.4000000000000004,19,0.8455253996431356,
crossing_90_d_3,335,five-member graph ensemble,2.8000000000000003,19,1.1160074506544007,
crossing_90_d_3,335,five-member graph ensemble,3.2,19,1.431565493966979,
crossing_90_d_3,335,coordinate-median graph ensemble,0.4,19,0.11062294599321734,
crossing_90_d_3,335,coordinate-median graph ensemble,0.8,19,0.20754872633800722,
crossing_90_d_3,335,coordinate-median graph ensemble,1.2000000000000002,19,0.32409508926959685,
crossing_90_d_3,335,coordinate-median graph ensemble,1.6,19,0.41195133008630985,
crossing_90_d_3,335,coordinate-median graph ensemble,2.0,19,0.6114579445540995,
crossing_90_d_3,335,coordinate-median graph ensemble,2.4000000000000004,19,0.8596722569749798,
crossing_90_d_3,335,coordinate-median graph ensemble,2.8000000000000003,19,1.1451097687795269,
crossing_90_d_3,335,coordinate-median graph ensemble,3.2,19,1.4844125764012623,
crossing_90_d_3,335,anchored coarse HGB,0.4,19,0.11227635506783891,
crossing_90_d_3,335,anchored coarse HGB,0.8,19,0.20672473044932685,
crossing_90_d_3,335,anchored coarse HGB,1.2000000000000002,19,0.32300616557820455,
crossing_90_d_3,335,anchored coarse HGB,1.6,19,0.40215841003542196,
crossing_90_d_3,335,anchored coarse HGB,2.0,19,0.5481619782865197,
crossing_90_d_3,335,anchored coarse HGB,2.4000000000000004,19,0.7073988223941329,
crossing_90_d_3,335,anchored coarse HGB,2.8000000000000003,19,0.8736673387202013,
crossing_90_d_3,335,anchored coarse HGB,3.2,19,1.0146449687370702,
crossing_90_d_3,335,GEL-Ped instability guard,0.4,19,0.10738501377851244,0.8812824261623147
crossing_90_d_3,335,GEL-Ped instability guard,0.8,19,0.19626196087044026,0.8630432900722255
crossing_90_d_3,335,GEL-Ped instability guard,1.2000000000000002,19,0.3018774952812903,0.8476075646524626
crossing_90_d_3,335,GEL-Ped instability guard,1.6,19,0.3689501109601916,0.8392582468372353
crossing_90_d_3,335,GEL-Ped instability guard,2.0,19,0.5435990039216589,0.8308503289949997
crossing_90_d_3,335,GEL-Ped instability guard,2.4000000000000004,19,0.7465819867748081,0.8179434373743445
crossing_90_d_3,335,GEL-Ped instability guard,2.8000000000000003,19,0.9773916996170231,0.7999992725399764
crossing_90_d_3,335,GEL-Ped instability guard,3.2,19,1.243064807927867,0.7787269259533773
crossing_90_d_3,375,constant velocity,0.4,22,0.1341305791645935,
crossing_90_d_3,375,constant velocity,0.8,22,0.2539716223219584,
crossing_90_d_3,375,constant velocity,1.2000000000000002,22,0.4633654229124129,
crossing_90_d_3,375,constant velocity,1.6,22,0.6277907619639821,
crossing_90_d_3,375,constant velocity,2.0,22,0.8378721168303455,
crossing_90_d_3,375,constant velocity,2.4000000000000004,22,1.0524817111207907,
crossing_90_d_3,375,constant velocity,2.8000000000000003,22,1.301620407994862,
crossing_90_d_3,375,constant velocity,3.2,22,1.5521087041411976,
crossing_90_d_3,375,five-member graph ensemble,0.4,22,0.13117792007459247,
crossing_90_d_3,375,five-member graph ensemble,0.8,22,0.2876348024441567,
crossing_90_d_3,375,five-member graph ensemble,1.2000000000000002,22,0.5238158975420023,
crossing_90_d_3,375,five-member graph ensemble,1.6,22,0.7571062526607594,
crossing_90_d_3,375,five-member graph ensemble,2.0,22,1.0682774499342236,
crossing_90_d_3,375,five-member graph ensemble,2.4000000000000004,22,1.411870635615676,
crossing_90_d_3,375,five-member graph ensemble,2.8000000000000003,22,1.8320735901598424,
crossing_90_d_3,375,five-member graph ensemble,3.2,22,2.251629782902738,
crossing_90_d_3,375,coordinate-median graph ensemble,0.4,22,0.1308141990506045,
crossing_90_d_3,375,coordinate-median graph ensemble,0.8,22,0.28937823567544707,
crossing_90_d_3,375,coordinate-median graph ensemble,1.2000000000000002,22,0.525365627841506,
crossing_90_d_3,375,coordinate-median graph ensemble,1.6,22,0.759843618977679,
crossing_90_d_3,375,coordinate-median graph ensemble,2.0,22,1.072605728388748,
crossing_90_d_3,375,coordinate-median graph ensemble,2.4000000000000004,22,1.4183376570805395,
crossing_90_d_3,375,coordinate-median graph ensemble,2.8000000000000003,22,1.8450588003843187,
crossing_90_d_3,375,coordinate-median graph ensemble,3.2,22,2.2717089105017263,
crossing_90_d_3,375,anchored coarse HGB,0.4,22,0.12916339087452977,
crossing_90_d_3,375,anchored coarse HGB,0.8,22,0.2506815802887037,
crossing_90_d_3,375,anchored coarse HGB,1.2000000000000002,22,0.44341586115534676,
crossing_90_d_3,375,anchored coarse HGB,1.6,22,0.6081460716682826,
crossing_90_d_3,375,anchored coarse HGB,2.0,22,0.8385253257436,
crossing_90_d_3,375,anchored coarse HGB,2.4000000000000004,22,1.090433062419529,
crossing_90_d_3,375,anchored coarse HGB,2.8000000000000003,22,1.398949269153288,
crossing_90_d_3,375,anchored coarse HGB,3.2,22,1.6865163817857123,
crossing_90_d_3,375,GEL-Ped instability guard,0.4,22,0.13046514166693254,0.7165230047046675
crossing_90_d_3,375,GEL-Ped instability guard,0.8,22,0.2692622466844854,0.7298456851464038
crossing_90_d_3,375,GEL-Ped instability guard,1.2000000000000002,22,0.48121000169403416,0.743125062347613
crossing_90_d_3,375,GEL-Ped instability guard,1.6,22,0.6888194187971458,0.758758054920156
crossing_90_d_3,375,GEL-Ped instability guard,2.0,22,0.9696164889733111,0.7669067159895395
crossing_90_d_3,375,GEL-Ped instability guard,2.4000000000000004,22,1.2766228539012259,0.7635049975397162
crossing_90_d_3,375,GEL-Ped instability guard,2.8000000000000003,22,1.6543499272560602,0.7490502805964454
crossing_90_d_3,375,GEL-Ped instability guard,3.2,22,2.025101158849203,0.7293224325833326
crossing_90_d_3,415,constant velocity,0.4,22,0.13219495320421154,
crossing_90_d_3,415,constant velocity,0.8,22,0.24980406762026328,
crossing_90_d_3,415,constant velocity,1.2000000000000002,22,0.4223885510508836,
crossing_90_d_3,415,constant velocity,1.6,22,0.6019851208014053,
crossing_90_d_3,415,constant velocity,2.0,22,0.8273037382776358,
crossing_90_d_3,415,constant velocity,2.4000000000000004,22,1.0300433236207065,
crossing_90_d_3,415,constant velocity,2.8000000000000003,22,1.2487283631079233,
crossing_90_d_3,415,constant velocity,3.2,22,1.4478963548475967,
crossing_90_d_3,415,five-member graph ensemble,0.4,22,0.1328229465098779,
crossing_90_d_3,415,five-member graph ensemble,0.8,22,0.25032417243672395,
crossing_90_d_3,415,five-member graph ensemble,1.2000000000000002,22,0.4376268708734349,
crossing_90_d_3,415,five-member graph ensemble,1.6,22,0.6393025495674514,
crossing_90_d_3,415,five-member graph ensemble,2.0,22,0.9036538045761585,
crossing_90_d_3,415,five-member graph ensemble,2.4000000000000004,22,1.2265141303555187,
crossing_90_d_3,415,five-member graph ensemble,2.8000000000000003,22,1.628149641775493,
crossing_90_d_3,415,five-member graph ensemble,3.2,22,2.0675906105042827,
crossing_90_d_3,415,coordinate-median graph ensemble,0.4,22,0.1350774216262901,
crossing_90_d_3,415,coordinate-median graph ensemble,0.8,22,0.2578736303854847,
crossing_90_d_3,415,coordinate-median graph ensemble,1.2000000000000002,22,0.452469135025637,
crossing_90_d_3,415,coordinate-median graph ensemble,1.6,22,0.6626735526901263,
crossing_90_d_3,415,coordinate-median graph ensemble,2.0,22,0.9345772459639001,
crossing_90_d_3,415,coordinate-median graph ensemble,2.4000000000000004,22,1.2624118221242908,
crossing_90_d_3,415,coordinate-median graph ensemble,2.8000000000000003,22,1.667765837430275,
crossing_90_d_3,415,coordinate-median graph ensemble,3.2,22,2.1143107519346063,
crossing_90_d_3,415,anchored coarse HGB,0.4,22,0.1220472380968271,
crossing_90_d_3,415,anchored coarse HGB,0.8,22,0.22785928566616553,
crossing_90_d_3,415,anchored coarse HGB,1.2000000000000002,22,0.3834310471763759,
crossing_90_d_3,415,anchored coarse HGB,1.6,22,0.5596465075434193,
crossing_90_d_3,415,anchored coarse HGB,2.0,22,0.7726896365799072,
crossing_90_d_3,415,anchored coarse HGB,2.4000000000000004,22,0.9713950892674955,
crossing_90_d_3,415,anchored coarse HGB,2.8000000000000003,22,1.207030291483855,
crossing_90_d_3,415,anchored coarse HGB,3.2,22,1.438265616433886,
crossing_90_d_3,415,GEL-Ped instability guard,0.4,22,0.12807146911247214,0.8287723261729197
crossing_90_d_3,415,GEL-Ped instability guard,0.8,22,0.2363637554244357,0.8252224071253483
crossing_90_d_3,415,GEL-Ped instability guard,1.2000000000000002,22,0.4101244223068339,0.8147842388067285
crossing_90_d_3,415,GEL-Ped instability guard,1.6,22,0.6004950402634864,0.8056406630075571
crossing_90_d_3,415,GEL-Ped instability guard,2.0,22,0.8439749400974318,0.7905602992230517
crossing_90_d_3,415,GEL-Ped instability guard,2.4000000000000004,22,1.1165584988502728,0.766162655205533
crossing_90_d_3,415,GEL-Ped instability guard,2.8000000000000003,22,1.457575623363116,0.7432956912864654
crossing_90_d_3,415,GEL-Ped instability guard,3.2,22,1.8227945874358675,0.7198558666300976
crossing_90_d_3,455,constant velocity,0.4,23,0.1378012024807052,
crossing_90_d_3,455,constant velocity,0.8,23,0.2664827673724842,
crossing_90_d_3,455,constant velocity,1.2000000000000002,23,0.4811497815573006,
crossing_90_d_3,455,constant velocity,1.6,23,0.7229176465528176,
crossing_90_d_3,455,constant velocity,2.0,23,0.9695955451393976,
crossing_90_d_3,455,constant velocity,2.4000000000000004,23,1.208953683231318,
crossing_90_d_3,455,constant velocity,2.8000000000000003,23,1.4569776836159505,
crossing_90_d_3,455,constant velocity,3.2,23,1.6936675464075095,
crossing_90_d_3,455,five-member graph ensemble,0.4,23,0.1406947700184071,
crossing_90_d_3,455,five-member graph ensemble,0.8,23,0.26902884852871906,
crossing_90_d_3,455,five-member graph ensemble,1.2000000000000002,23,0.48516321434431553,
crossing_90_d_3,455,five-member graph ensemble,1.6,23,0.7425785468531528,
crossing_90_d_3,455,five-member graph ensemble,2.0,23,1.019459992484811,
crossing_90_d_3,455,five-member graph ensemble,2.4000000000000004,23,1.350226512691276,
crossing_90_d_3,455,five-member graph ensemble,2.8000000000000003,23,1.7236156767312563,
crossing_90_d_3,455,five-member graph ensemble,3.2,23,2.151965840066795,
crossing_90_d_3,455,coordinate-median graph ensemble,0.4,23,0.14005210035917193,
crossing_90_d_3,455,coordinate-median graph ensemble,0.8,23,0.2663026025643671,
crossing_90_d_3,455,coordinate-median graph ensemble,1.2000000000000002,23,0.47797337578977284,
crossing_90_d_3,455,coordinate-median graph ensemble,1.6,23,0.729672663800337,
crossing_90_d_3,455,coordinate-median graph ensemble,2.0,23,1.002309642901594,
crossing_90_d_3,455,coordinate-median graph ensemble,2.4000000000000004,23,1.3249885691273178,
crossing_90_d_3,455,coordinate-median graph ensemble,2.8000000000000003,23,1.6857599879364096,
crossing_90_d_3,455,coordinate-median graph ensemble,3.2,23,2.100172313590311,
crossing_90_d_3,455,anchored coarse HGB,0.4,23,0.1319511945160671,
crossing_90_d_3,455,anchored coarse HGB,0.8,23,0.24318745306458606,
crossing_90_d_3,455,anchored coarse HGB,1.2000000000000002,23,0.4306342476958774,
crossing_90_d_3,455,anchored coarse HGB,1.6,23,0.6451514930947279,
crossing_90_d_3,455,anchored coarse HGB,2.0,23,0.8237836672852555,
crossing_90_d_3,455,anchored coarse HGB,2.4000000000000004,23,1.0535284918361214,
crossing_90_d_3,455,anchored coarse HGB,2.8000000000000003,23,1.3099631076146465,
crossing_90_d_3,455,anchored coarse HGB,3.2,23,1.5709703383995675,
crossing_90_d_3,455,GEL-Ped instability guard,0.4,23,0.13404690738236721,0.7431580526027125
crossing_90_d_3,455,GEL-Ped instability guard,0.8,23,0.24927293691643676,0.7532827198867447
crossing_90_d_3,455,GEL-Ped instability guard,1.2000000000000002,23,0.443578780865377,0.7499618195213539
crossing_90_d_3,455,GEL-Ped instability guard,1.6,23,0.6661101037678259,0.7261434800252173
crossing_90_d_3,455,GEL-Ped instability guard,2.0,23,0.8921086073269516,0.7045839977489896
crossing_90_d_3,455,GEL-Ped instability guard,2.4000000000000004,23,1.156513159049184,0.6783665516350236
crossing_90_d_3,455,GEL-Ped instability guard,2.8000000000000003,23,1.4551654436083497,0.6526732390769004
crossing_90_d_3,455,GEL-Ped instability guard,3.2,23,1.7868415599009313,0.6293099694259762
crossing_90_d_3,495,constant velocity,0.4,24,0.1197836815175749,
crossing_90_d_3,495,constant velocity,0.8,24,0.23999048852112861,
crossing_90_d_3,495,constant velocity,1.2000000000000002,24,0.48266977565438135,
crossing_90_d_3,495,constant velocity,1.6,24,0.7361094951018435,
crossing_90_d_3,495,constant velocity,2.0,24,1.0336532394399789,
crossing_90_d_3,495,constant velocity,2.4000000000000004,24,1.3300753607728257,
crossing_90_d_3,495,constant velocity,2.8000000000000003,24,1.5790755186540852,
crossing_90_d_3,495,constant velocity,3.2,24,1.825502254171182,
crossing_90_d_3,495,five-member graph ensemble,0.4,24,0.12120948697647603,
crossing_90_d_3,495,five-member graph ensemble,0.8,24,0.24420775985427315,
crossing_90_d_3,495,five-member graph ensemble,1.2000000000000002,24,0.4831095297749957,
crossing_90_d_3,495,five-member graph ensemble,1.6,24,0.7273293486426793,
crossing_90_d_3,495,five-member graph ensemble,2.0,24,1.0447279679370647,
crossing_90_d_3,495,five-member graph ensemble,2.4000000000000004,24,1.3854712778068687,
crossing_90_d_3,495,five-member graph ensemble,2.8000000000000003,24,1.7567081669184974,
crossing_90_d_3,495,five-member graph ensemble,3.2,24,2.1521439852138284,
crossing_90_d_3,495,coordinate-median graph ensemble,0.4,24,0.12305881864506725,
crossing_90_d_3,495,coordinate-median graph ensemble,0.8,24,0.24727029590327587,
crossing_90_d_3,495,coordinate-median graph ensemble,1.2000000000000002,24,0.4899703465369121,
crossing_90_d_3,495,coordinate-median graph ensemble,1.6,24,0.7377071733627169,
crossing_90_d_3,495,coordinate-median graph ensemble,2.0,24,1.0605210306465995,
crossing_90_d_3,495,coordinate-median graph ensemble,2.4000000000000004,24,1.4078445091482055,
crossing_90_d_3,495,coordinate-median graph ensemble,2.8000000000000003,24,1.7865954442914145,
crossing_90_d_3,495,coordinate-median graph ensemble,3.2,24,2.193193985183426,
crossing_90_d_3,495,anchored coarse HGB,0.4,24,0.10799649867424393,
crossing_90_d_3,495,anchored coarse HGB,0.8,24,0.21147745702897633,
crossing_90_d_3,495,anchored coarse HGB,1.2000000000000002,24,0.41107069111730205,
crossing_90_d_3,495,anchored coarse HGB,1.6,24,0.6103136732802902,
crossing_90_d_3,495,anchored coarse HGB,2.0,24,0.8726139350250923,
crossing_90_d_3,495,anchored coarse HGB,2.4000000000000004,24,1.1546997863079873,
crossing_90_d_3,495,anchored coarse HGB,2.8000000000000003,24,1.400751898225966,
crossing_90_d_3,495,anchored coarse HGB,3.2,24,1.6425210630284077,
crossing_90_d_3,495,GEL-Ped instability guard,0.4,24,0.10975168980343979,0.740507640066744
crossing_90_d_3,495,GEL-Ped instability guard,0.8,24,0.21713349064010568,0.7442137154058144
crossing_90_d_3,495,GEL-Ped instability guard,1.2000000000000002,24,0.4311847829543391,0.7448480008549216
crossing_90_d_3,495,GEL-Ped instability guard,1.6,24,0.6289798686846259,0.7405027757380961
crossing_90_d_3,495,GEL-Ped instability guard,2.0,24,0.8867125825627166,0.7354698288187966
crossing_90_d_3,495,GEL-Ped instability guard,2.4000000000000004,24,1.1608302919041102,0.737025154742241
crossing_90_d_3,495,GEL-Ped instability guard,2.8000000000000003,24,1.462276081192453,0.7404608091017141
crossing_90_d_3,495,GEL-Ped instability guard,3.2,24,1.772645636638714,0.7401299563752135
crossing_90_d_3,535,constant velocity,0.4,24,0.15522593068611218,
crossing_90_d_3,535,constant velocity,0.8,24,0.28417539234321637,
crossing_90_d_3,535,constant velocity,1.2000000000000002,24,0.4701257567282187,
crossing_90_d_3,535,constant velocity,1.6,24,0.6618410105415169,
crossing_90_d_3,535,constant velocity,2.0,24,0.9219066500133425,
crossing_90_d_3,535,constant velocity,2.4000000000000004,24,1.1480392624697495,
crossing_90_d_3,535,constant velocity,2.8000000000000003,24,1.3832688618946571,
crossing_90_d_3,535,constant velocity,3.2,24,1.5529809361994527,
crossing_90_d_3,535,five-member graph ensemble,0.4,24,0.1576719253931825,
crossing_90_d_3,535,five-member graph ensemble,0.8,24,0.28870384905422647,
crossing_90_d_3,535,five-member graph ensemble,1.2000000000000002,24,0.4798277693980601,
crossing_90_d_3,535,five-member graph ensemble,1.6,24,0.7027050400156538,
crossing_90_d_3,535,five-member graph ensemble,2.0,24,1.0089108432382314,
crossing_90_d_3,535,five-member graph ensemble,2.4000000000000004,24,1.3412750782682277,
crossing_90_d_3,535,five-member graph ensemble,2.8000000000000003,24,1.7592475884334389,
crossing_90_d_3,535,five-member graph ensemble,3.2,24,2.161901011862158,
crossing_90_d_3,535,coordinate-median graph ensemble,0.4,24,0.15820095764099937,
crossing_90_d_3,535,coordinate-median graph ensemble,0.8,24,0.28813875954142726,
crossing_90_d_3,535,coordinate-median graph ensemble,1.2000000000000002,24,0.48065892743526034,
crossing_90_d_3,535,coordinate-median graph ensemble,1.6,24,0.7040818673645798,
crossing_90_d_3,535,coordinate-median graph ensemble,2.0,24,1.0116567971038228,
crossing_90_d_3,535,coordinate-median graph ensemble,2.4000000000000004,24,1.348527048208097,
crossing_90_d_3,535,coordinate-median graph ensemble,2.8000000000000003,24,1.771029736262786,
crossing_90_d_3,535,coordinate-median graph ensemble,3.2,24,2.183656988442719,
crossing_90_d_3,535,anchored coarse HGB,0.4,24,0.1517165586725716,
crossing_90_d_3,535,anchored coarse HGB,0.8,24,0.25864721519055706,
crossing_90_d_3,535,anchored coarse HGB,1.2000000000000002,24,0.3925848468898601,
crossing_90_d_3,535,anchored coarse HGB,1.6,24,0.550950035641345,
crossing_90_d_3,535,anchored coarse HGB,2.0,24,0.7657112260815007,
crossing_90_d_3,535,anchored coarse HGB,2.4000000000000004,24,0.9667046829575643,
crossing_90_d_3,535,anchored coarse HGB,2.8000000000000003,24,1.2012887573197404,
crossing_90_d_3,535,anchored coarse HGB,3.2,24,1.414245907700412,
crossing_90_d_3,535,GEL-Ped instability guard,0.4,24,0.15331381756823761,0.8317311990414501
crossing_90_d_3,535,GEL-Ped instability guard,0.8,24,0.27015946439192945,0.8205618347690639
crossing_90_d_3,535,GEL-Ped instability guard,1.2000000000000002,24,0.4322014386674458,0.8131382876337511
crossing_90_d_3,535,GEL-Ped instability guard,1.6,24,0.6152199893491013,0.8137566626243229
crossing_90_d_3,535,GEL-Ped instability guard,2.0,24,0.8701084789332502,0.8144654369892983
crossing_90_d_3,535,GEL-Ped instability guard,2.4000000000000004,24,1.14480326529909,0.8085889640526914
crossing_90_d_3,535,GEL-Ped instability guard,2.8000000000000003,24,1.4815009527114373,0.7937836746294932
crossing_90_d_3,535,GEL-Ped instability guard,3.2,24,1.7990988302173647,0.7763895111105099
crossing_90_d_5,73,constant velocity,0.4,4,0.07618844063880258,
crossing_90_d_5,73,constant velocity,0.8,4,0.1547481430532349,
crossing_90_d_5,73,constant velocity,1.2000000000000002,4,0.20839574461543064,
crossing_90_d_5,73,constant velocity,1.6,4,0.3557431844596466,
crossing_90_d_5,73,constant velocity,2.0,4,0.43678194008823257,
crossing_90_d_5,73,constant velocity,2.4000000000000004,4,0.4934893423178752,
crossing_90_d_5,73,constant velocity,2.8000000000000003,4,0.5490841634037446,
crossing_90_d_5,73,constant velocity,3.2,4,0.5618445861181114,
crossing_90_d_5,73,five-member graph ensemble,0.4,4,0.08850451151405336,
crossing_90_d_5,73,five-member graph ensemble,0.8,4,0.19966621570071924,
crossing_90_d_5,73,five-member graph ensemble,1.2000000000000002,4,0.33383767121724184,
crossing_90_d_5,73,five-member graph ensemble,1.6,4,0.601600204165423,
crossing_90_d_5,73,five-member graph ensemble,2.0,4,0.8184843338356415,
crossing_90_d_5,73,five-member graph ensemble,2.4000000000000004,4,1.089394588919177,
crossing_90_d_5,73,five-member graph ensemble,2.8000000000000003,4,1.586349740333611,
crossing_90_d_5,73,five-member graph ensemble,3.2,4,2.0319858926586845,
crossing_90_d_5,73,coordinate-median graph ensemble,0.4,4,0.09127566727597348,
crossing_90_d_5,73,coordinate-median graph ensemble,0.8,4,0.2036938836348397,
crossing_90_d_5,73,coordinate-median graph ensemble,1.2000000000000002,4,0.3402592047355122,
crossing_90_d_5,73,coordinate-median graph ensemble,1.6,4,0.6159184998891498,
crossing_90_d_5,73,coordinate-median graph ensemble,2.0,4,0.8371463431188717,
crossing_90_d_5,73,coordinate-median graph ensemble,2.4000000000000004,4,1.1075178864501745,
crossing_90_d_5,73,coordinate-median graph ensemble,2.8000000000000003,4,1.5984601848579387,
crossing_90_d_5,73,coordinate-median graph ensemble,3.2,4,2.0434070651463356,
crossing_90_d_5,73,anchored coarse HGB,0.4,4,0.08955099305050748,
crossing_90_d_5,73,anchored coarse HGB,0.8,4,0.19693222440925304,
crossing_90_d_5,73,anchored coarse HGB,1.2000000000000002,4,0.2830158538368911,
crossing_90_d_5,73,anchored coarse HGB,1.6,4,0.4972778328899393,
crossing_90_d_5,73,anchored coarse HGB,2.0,4,0.624753905631193,
crossing_90_d_5,73,anchored coarse HGB,2.4000000000000004,4,0.6853587239970781,
crossing_90_d_5,73,anchored coarse HGB,2.8000000000000003,4,0.8279751973114198,
crossing_90_d_5,73,anchored coarse HGB,3.2,4,0.9519259023794431,
crossing_90_d_5,73,GEL-Ped instability guard,0.4,4,0.0839226118895513,0.3287354377380677
crossing_90_d_5,73,GEL-Ped instability guard,0.8,4,0.187762752513806,0.35666302463647737
crossing_90_d_5,73,GEL-Ped instability guard,1.2000000000000002,4,0.2889982278130737,0.37064432321428686
crossing_90_d_5,73,GEL-Ped instability guard,1.6,4,0.5434560200499632,0.3695949073289256
crossing_90_d_5,73,GEL-Ped instability guard,2.0,4,0.7054176602062525,0.36157802384493437
crossing_90_d_5,73,GEL-Ped instability guard,2.4000000000000004,4,0.8078895065087554,0.3389110851174127
crossing_90_d_5,73,GEL-Ped instability guard,2.8000000000000003,4,0.9942196585211689,0.3138243843276795
crossing_90_d_5,73,GEL-Ped instability guard,3.2,4,1.1469199168978064,0.2868777853535819
crossing_90_d_5,113,constant velocity,0.4,16,0.15126441368669008,
crossing_90_d_5,113,constant velocity,0.8,16,0.2732635501461924,
crossing_90_d_5,113,constant velocity,1.2000000000000002,16,0.4414708681573961,
crossing_90_d_5,113,constant velocity,1.6,16,0.6303020604645113,
crossing_90_d_5,113,constant velocity,2.0,16,0.7387531618926011,
crossing_90_d_5,113,constant velocity,2.4000000000000004,16,0.8922802009115032,
crossing_90_d_5,113,constant velocity,2.8000000000000003,16,1.0042027543223286,
crossing_90_d_5,113,constant velocity,3.2,16,1.0503290871426663,
crossing_90_d_5,113,five-member graph ensemble,0.4,16,0.1613963641859783,
crossing_90_d_5,113,five-member graph ensemble,0.8,16,0.29980663653801803,
crossing_90_d_5,113,five-member graph ensemble,1.2000000000000002,16,0.48231320981386694,
crossing_90_d_5,113,five-member graph ensemble,1.6,16,0.6941553611114497,
crossing_90_d_5,113,five-member graph ensemble,2.0,16,0.9019476734101285,
crossing_90_d_5,113,five-member graph ensemble,2.4000000000000004,16,1.1632046490671248,
crossing_90_d_5,113,five-member graph ensemble,2.8000000000000003,16,1.457115683687629,
crossing_90_d_5,113,five-member graph ensemble,3.2,16,1.8729535841739946,
crossing_90_d_5,113,coordinate-median graph ensemble,0.4,16,0.15915029482070756,
crossing_90_d_5,113,coordinate-median graph ensemble,0.8,16,0.2947209780505814,
crossing_90_d_5,113,coordinate-median graph ensemble,1.2000000000000002,16,0.47158388088282177,
crossing_90_d_5,113,coordinate-median graph ensemble,1.6,16,0.6796989407165166,
crossing_90_d_5,113,coordinate-median graph ensemble,2.0,16,0.8771333271104906,
crossing_90_d_5,113,coordinate-median graph ensemble,2.4000000000000004,16,1.1336703448751777,
crossing_90_d_5,113,coordinate-median graph ensemble,2.8000000000000003,16,1.4298363705998514,
crossing_90_d_5,113,coordinate-median graph ensemble,3.2,16,1.8463475731500205,
crossing_90_d_5,113,anchored coarse HGB,0.4,16,0.1499010157795341,
crossing_90_d_5,113,anchored coarse HGB,0.8,16,0.26491999062196103,
crossing_90_d_5,113,anchored coarse HGB,1.2000000000000002,16,0.41897337535489665,
crossing_90_d_5,113,anchored coarse HGB,1.6,16,0.5873149632186838,
crossing_90_d_5,113,anchored coarse HGB,2.0,16,0.6900479491555394,
crossing_90_d_5,113,anchored coarse HGB,2.4000000000000004,16,0.818649832168056,
crossing_90_d_5,113,anchored coarse HGB,2.8000000000000003,16,0.9076602284072959,
crossing_90_d_5,113,anchored coarse HGB,3.2,16,0.9900549093679994,
crossing_90_d_5,113,GEL-Ped instability guard,0.4,16,0.15859965891826405,0.7535162590271769
crossing_90_d_5,113,GEL-Ped instability guard,0.8,16,0.29088220680712196,0.7237758186048879
crossing_90_d_5,113,GEL-Ped instability guard,1.2000000000000002,16,0.46522124798626885,0.6878882134169698
crossing_90_d_5,113,GEL-Ped instability guard,1.6,16,0.6574054859748669,0.645955175776953
crossing_90_d_5,113,GEL-Ped instability guard,2.0,16,0.7891839304206745,0.6119666483846095
crossing_90_d_5,113,GEL-Ped instability guard,2.4000000000000004,16,0.9466361505496553,0.5824461168328753
crossing_90_d_5,113,GEL-Ped instability guard,2.8000000000000003,16,1.091946619686047,0.5595109293804484
crossing_90_d_5,113,GEL-Ped instability guard,3.2,16,1.332593527124633,0.5381036732596751
crossing_90_d_5,153,constant velocity,0.4,19,0.12457944181974497,
crossing_90_d_5,153,constant velocity,0.8,19,0.2525308157025357,
crossing_90_d_5,153,constant velocity,1.2000000000000002,19,0.4112395138722874,
crossing_90_d_5,153,constant velocity,1.6,19,0.5443734154534141,
crossing_90_d_5,153,constant velocity,2.0,19,0.6465899063263336,
crossing_90_d_5,153,constant velocity,2.4000000000000004,19,0.7639832287122841,
crossing_90_d_5,153,constant velocity,2.8000000000000003,19,0.8995737201791171,
crossing_90_d_5,153,constant velocity,3.2,19,1.040425726107552,
crossing_90_d_5,153,five-member graph ensemble,0.4,19,0.12886768397097925,
crossing_90_d_5,153,five-member graph ensemble,0.8,19,0.2424529077156024,
crossing_90_d_5,153,five-member graph ensemble,1.2000000000000002,19,0.3693371752914906,
crossing_90_d_5,153,five-member graph ensemble,1.6,19,0.5337109802016482,
crossing_90_d_5,153,five-member graph ensemble,2.0,19,0.7431960887567262,
crossing_90_d_5,153,five-member graph ensemble,2.4000000000000004,19,1.0748255837458551,
crossing_90_d_5,153,five-member graph ensemble,2.8000000000000003,19,1.4945128164070078,
crossing_90_d_5,153,five-member graph ensemble,3.2,19,1.895287011891395,
crossing_90_d_5,153,coordinate-median graph ensemble,0.4,19,0.12780500796641137,
crossing_90_d_5,153,coordinate-median graph ensemble,0.8,19,0.24290738786364832,
crossing_90_d_5,153,coordinate-median graph ensemble,1.2000000000000002,19,0.3660031797707593,
crossing_90_d_5,153,coordinate-median graph ensemble,1.6,19,0.5292607124164398,
crossing_90_d_5,153,coordinate-median graph ensemble,2.0,19,0.7331727764632138,
crossing_90_d_5,153,coordinate-median graph ensemble,2.4000000000000004,19,1.0593301997506084,
crossing_90_d_5,153,coordinate-median graph ensemble,2.8000000000000003,19,1.4685264848418271,
crossing_90_d_5,153,coordinate-median graph ensemble,3.2,19,1.8608325836586432,
crossing_90_d_5,153,anchored coarse HGB,0.4,19,0.12722548609667747,
crossing_90_d_5,153,anchored coarse HGB,0.8,19,0.24538389837385688,
crossing_90_d_5,153,anchored coarse HGB,1.2000000000000002,19,0.3862709178662034,
crossing_90_d_5,153,anchored coarse HGB,1.6,19,0.5021317006216609,
crossing_90_d_5,153,anchored coarse HGB,2.0,19,0.6136115952074269,
crossing_90_d_5,153,anchored coarse HGB,2.4000000000000004,19,0.7580532129967127,
crossing_90_d_5,153,anchored coarse HGB,2.8000000000000003,19,0.9513118669020816,
crossing_90_d_5,153,anchored coarse HGB,3.2,19,1.158786393438441,
crossing_90_d_5,153,GEL-Ped instability guard,0.4,19,0.13092062645636476,0.9337202760919369
crossing_90_d_5,153,GEL-Ped instability guard,0.8,19,0.24084808547851158,0.9396516838361176
crossing_90_d_5,153,GEL-Ped instability guard,1.2000000000000002,19,0.36797598263330117,0.928212151447136
crossing_90_d_5,153,GEL-Ped instability guard,1.6,19,0.5190910560380299,0.9003890572422257
crossing_90_d_5,153,GEL-Ped instability guard,2.0,19,0.6914298231217056,0.8662307876762689
crossing_90_d_5,153,GEL-Ped instability guard,2.4000000000000004,19,0.9426300685254327,0.8222626683240271
crossing_90_d_5,153,GEL-Ped instability guard,2.8000000000000003,19,1.2831557119017931,0.7808846862816257
crossing_90_d_5,153,GEL-Ped instability guard,3.2,19,1.6072942930456158,0.7558410971369952
crossing_90_d_5,193,constant velocity,0.4,19,0.14356618315197636,
crossing_90_d_5,193,constant velocity,0.8,19,0.2957830305952995,
crossing_90_d_5,193,constant velocity,1.2000000000000002,19,0.4935890531222618,
crossing_90_d_5,193,constant velocity,1.6,19,0.6789530733026835,
crossing_90_d_5,193,constant velocity,2.0,19,0.8711613748753507,
crossing_90_d_5,193,constant velocity,2.4000000000000004,19,1.0322270543253431,
crossing_90_d_5,193,constant velocity,2.8000000000000003,19,1.152235742226824,
crossing_90_d_5,193,constant velocity,3.2,19,1.2783736400002512,
crossing_90_d_5,193,five-member graph ensemble,0.4,19,0.14687758691083425,
crossing_90_d_5,193,five-member graph ensemble,0.8,19,0.2976484776496624,
crossing_90_d_5,193,five-member graph ensemble,1.2000000000000002,19,0.4788412036573373,
crossing_90_d_5,193,five-member graph ensemble,1.6,19,0.6362807309400931,
crossing_90_d_5,193,five-member graph ensemble,2.0,19,0.8321510894338429,
crossing_90_d_5,193,five-member graph ensemble,2.4000000000000004,19,1.016158297642031,
crossing_90_d_5,193,five-member graph ensemble,2.8000000000000003,19,1.2619558594684355,
crossing_90_d_5,193,five-member graph ensemble,3.2,19,1.5736665621241175,
crossing_90_d_5,193,coordinate-median graph ensemble,0.4,19,0.14721443906778867,
crossing_90_d_5,193,coordinate-median graph ensemble,0.8,19,0.29759562271586326,
crossing_90_d_5,193,coordinate-median graph ensemble,1.2000000000000002,19,0.47927668186816963,
crossing_90_d_5,193,coordinate-median graph ensemble,1.6,19,0.6388600607448551,
crossing_90_d_5,193,coordinate-median graph ensemble,2.0,19,0.8355972957773422,
crossing_90_d_5,193,coordinate-median graph ensemble,2.4000000000000004,19,1.0241257661942957,
crossing_90_d_5,193,coordinate-median graph ensemble,2.8000000000000003,19,1.2807954335029608,
crossing_90_d_5,193,coordinate-median graph ensemble,3.2,19,1.61126455714599,
crossing_90_d_5,193,anchored coarse HGB,0.4,19,0.14120361229151723,
crossing_90_d_5,193,anchored coarse HGB,0.8,19,0.28014244793347765,
crossing_90_d_5,193,anchored coarse HGB,1.2000000000000002,19,0.44262126503619575,
crossing_90_d_5,193,anchored coarse HGB,1.6,19,0.59083888128369,
crossing_90_d_5,193,anchored coarse HGB,2.0,19,0.7230033912675373,
crossing_90_d_5,193,anchored coarse HGB,2.4000000000000004,19,0.8146573157369785,
crossing_90_d_5,193,anchored coarse HGB,2.8000000000000003,19,0.8887483811864407,
crossing_90_d_5,193,anchored coarse HGB,3.2,19,1.0173259543679996,
crossing_90_d_5,193,GEL-Ped instability guard,0.4,19,0.14187278005186668,0.7409014351188573
crossing_90_d_5,193,GEL-Ped instability guard,0.8,19,0.2851650717538973,0.7617699128518383
crossing_90_d_5,193,GEL-Ped instability guard,1.2000000000000002,19,0.4542015285866703,0.7687524683516771
crossing_90_d_5,193,GEL-Ped instability guard,1.6,19,0.5931880686417289,0.7570531158812178
crossing_90_d_5,193,GEL-Ped instability guard,2.0,19,0.7626579711694232,0.7424073846333512
crossing_90_d_5,193,GEL-Ped instability guard,2.4000000000000004,19,0.9005737581552519,0.7241105112952545
crossing_90_d_5,193,GEL-Ped instability guard,2.8000000000000003,19,1.058935953088483,0.7078664888989813
crossing_90_d_5,193,GEL-Ped instability guard,3.2,19,1.2938358120035014,0.6896670014964961
crossing_90_d_5,233,constant velocity,0.4,26,0.15974043876167612,
crossing_90_d_5,233,constant velocity,0.8,26,0.2707330864740417,
crossing_90_d_5,233,constant velocity,1.2000000000000002,26,0.4679209269705653,
crossing_90_d_5,233,constant velocity,1.6,26,0.6170678085845046,
crossing_90_d_5,233,constant velocity,2.0,26,0.8117649007150904,
crossing_90_d_5,233,constant velocity,2.4000000000000004,26,0.9989487686005929,
crossing_90_d_5,233,constant velocity,2.8000000000000003,26,1.197664974570747,
crossing_90_d_5,233,constant velocity,3.2,26,1.380962561559513,
crossing_90_d_5,233,five-member graph ensemble,0.4,26,0.16244015107961063,
crossing_90_d_5,233,five-member graph ensemble,0.8,26,0.2879096145876493,
crossing_90_d_5,233,five-member graph ensemble,1.2000000000000002,26,0.49292338836597493,
crossing_90_d_5,233,five-member graph ensemble,1.6,26,0.714038809100975,
crossing_90_d_5,233,five-member graph ensemble,2.0,26,1.0008131580532995,
crossing_90_d_5,233,five-member graph ensemble,2.4000000000000004,26,1.3721631300693493,
crossing_90_d_5,233,five-member graph ensemble,2.8000000000000003,26,1.8123552789207054,
crossing_90_d_5,233,five-member graph ensemble,3.2,26,2.2823956784719455,
crossing_90_d_5,233,coordinate-median graph ensemble,0.4,26,0.16316551853054506,
crossing_90_d_5,233,coordinate-median graph ensemble,0.8,26,0.2873165162684134,
crossing_90_d_5,233,coordinate-median graph ensemble,1.2000000000000002,26,0.49119886625808795,
crossing_90_d_5,233,coordinate-median graph ensemble,1.6,26,0.7123800411030478,
crossing_90_d_5,233,coordinate-median graph ensemble,2.0,26,0.9996305423963532,
crossing_90_d_5,233,coordinate-median graph ensemble,2.4000000000000004,26,1.3743147822994606,
crossing_90_d_5,233,coordinate-median graph ensemble,2.8000000000000003,26,1.8170953009394257,
crossing_90_d_5,233,coordinate-median graph ensemble,3.2,26,2.2875027121372304,
crossing_90_d_5,233,anchored coarse HGB,0.4,26,0.1533855299243372,
crossing_90_d_5,233,anchored coarse HGB,0.8,26,0.25909515333621286,
crossing_90_d_5,233,anchored coarse HGB,1.2000000000000002,26,0.4219777731146964,
crossing_90_d_5,233,anchored coarse HGB,1.6,26,0.5661608201213281,
crossing_90_d_5,233,anchored coarse HGB,2.0,26,0.7307511706075059,
crossing_90_d_5,233,anchored coarse HGB,2.4000000000000004,26,0.964245034017867,
crossing_90_d_5,233,anchored coarse HGB,2.8000000000000003,26,1.207772291267843,
crossing_90_d_5,233,anchored coarse HGB,3.2,26,1.4911926168381497,
crossing_90_d_5,233,GEL-Ped instability guard,0.4,26,0.15486797123974566,0.634935842969
crossing_90_d_5,233,GEL-Ped instability guard,0.8,26,0.26408054582168144,0.6290997631535885
crossing_90_d_5,233,GEL-Ped instability guard,1.2000000000000002,26,0.4398143543069172,0.6097541337780451
crossing_90_d_5,233,GEL-Ped instability guard,1.6,26,0.6183331483816269,0.5984363168771976
crossing_90_d_5,233,GEL-Ped instability guard,2.0,26,0.8398150445432153,0.5909477720914283
crossing_90_d_5,233,GEL-Ped instability guard,2.4000000000000004,26,1.1269434003796763,0.5836235136927066
crossing_90_d_5,233,GEL-Ped instability guard,2.8000000000000003,26,1.462623828612886,0.5785352963340381
crossing_90_d_5,233,GEL-Ped instability guard,3.2,26,1.8406582187963283,0.5766016446054469
crossing_90_d_5,273,constant velocity,0.4,27,0.13118103719527474,
crossing_90_d_5,273,constant velocity,0.8,27,0.2733919155433408,
crossing_90_d_5,273,constant velocity,1.2000000000000002,27,0.4890591152253472,
crossing_90_d_5,273,constant velocity,1.6,27,0.7280790345852638,
crossing_90_d_5,273,constant velocity,2.0,27,0.956167797106329,
crossing_90_d_5,273,constant velocity,2.4000000000000004,27,1.1840273731461488,
crossing_90_d_5,273,constant velocity,2.8000000000000003,27,1.3665070962227843,
crossing_90_d_5,273,constant velocity,3.2,27,1.512464022172107,
crossing_90_d_5,273,five-member graph ensemble,0.4,27,0.12761238372530248,
crossing_90_d_5,273,five-member graph ensemble,0.8,27,0.2713662186255519,
crossing_90_d_5,273,five-member graph ensemble,1.2000000000000002,27,0.47385038833833615,
crossing_90_d_5,273,five-member graph ensemble,1.6,27,0.7051893689959842,
crossing_90_d_5,273,five-member graph ensemble,2.0,27,0.9201558091084686,
crossing_90_d_5,273,five-member graph ensemble,2.4000000000000004,27,1.198150768438955,
crossing_90_d_5,273,five-member graph ensemble,2.8000000000000003,27,1.500501515444329,
crossing_90_d_5,273,five-member graph ensemble,3.2,27,1.9273689509218823,
crossing_90_d_5,273,coordinate-median graph ensemble,0.4,27,0.12929119043511042,
crossing_90_d_5,273,coordinate-median graph ensemble,0.8,27,0.27443507160918507,
crossing_90_d_5,273,coordinate-median graph ensemble,1.2000000000000002,27,0.47886251262730845,
crossing_90_d_5,273,coordinate-median graph ensemble,1.6,27,0.7103977144572459,
crossing_90_d_5,273,coordinate-median graph ensemble,2.0,27,0.9263280901087056,
crossing_90_d_5,273,coordinate-median graph ensemble,2.4000000000000004,27,1.2090540208925578,
crossing_90_d_5,273,coordinate-median graph ensemble,2.8000000000000003,27,1.5240176865361863,
crossing_90_d_5,273,coordinate-median graph ensemble,3.2,27,1.9599537682501178,
crossing_90_d_5,273,anchored coarse HGB,0.4,27,0.12149485652196325,
crossing_90_d_5,273,anchored coarse HGB,0.8,27,0.24186514470201048,
crossing_90_d_5,273,anchored coarse HGB,1.2000000000000002,27,0.4093854993130306,
crossing_90_d_5,273,anchored coarse HGB,1.6,27,0.5888495683758391,
crossing_90_d_5,273,anchored coarse HGB,2.0,27,0.7387530206148036,
crossing_90_d_5,273,anchored coarse HGB,2.4000000000000004,27,0.9253503320132316,
crossing_90_d_5,273,anchored coarse HGB,2.8000000000000003,27,1.1076930662378015,
crossing_90_d_5,273,anchored coarse HGB,3.2,27,1.3184402473542434,
crossing_90_d_5,273,GEL-Ped instability guard,0.4,27,0.11982141267620021,0.7344421316842095
crossing_90_d_5,273,GEL-Ped instability guard,0.8,27,0.24114961448984176,0.7232158599671947
crossing_90_d_5,273,GEL-Ped instability guard,1.2000000000000002,27,0.41543716435597183,0.7092686996511927
crossing_90_d_5,273,GEL-Ped instability guard,1.6,27,0.6060146446816648,0.6927082357820988
crossing_90_d_5,273,GEL-Ped instability guard,2.0,27,0.7761574173572637,0.6814970313282828
crossing_90_d_5,273,GEL-Ped instability guard,2.4000000000000004,27,1.0170896195984755,0.6687882619184564
crossing_90_d_5,273,GEL-Ped instability guard,2.8000000000000003,27,1.2693510967467314,0.6584478849688005
crossing_90_d_5,273,GEL-Ped instability guard,3.2,27,1.5931547997460684,0.6516209185416788
crossing_90_d_5,313,constant velocity,0.4,33,0.1452428239745929,
crossing_90_d_5,313,constant velocity,0.8,33,0.26422754632282125,
crossing_90_d_5,313,constant velocity,1.2000000000000002,33,0.4707339176699933,
crossing_90_d_5,313,constant velocity,1.6,33,0.679509809109844,
crossing_90_d_5,313,constant velocity,2.0,33,0.9278968829958785,
crossing_90_d_5,313,constant velocity,2.4000000000000004,33,1.1658920453304606,
crossing_90_d_5,313,constant velocity,2.8000000000000003,33,1.4361112013982356,
crossing_90_d_5,313,constant velocity,3.2,33,1.6729186584760027,
crossing_90_d_5,313,five-member graph ensemble,0.4,33,0.13255640168134264,
crossing_90_d_5,313,five-member graph ensemble,0.8,33,0.23102209348030264,
crossing_90_d_5,313,five-member graph ensemble,1.2000000000000002,33,0.4102354670296033,
crossing_90_d_5,313,five-member graph ensemble,1.6,33,0.6127630294129885,
crossing_90_d_5,313,five-member graph ensemble,2.0,33,0.8883255360345411,
crossing_90_d_5,313,five-member graph ensemble,2.4000000000000004,33,1.1829327365770268,
crossing_90_d_5,313,five-member graph ensemble,2.8000000000000003,33,1.5295963724821695,
crossing_90_d_5,313,five-member graph ensemble,3.2,33,1.9215230726866348,
crossing_90_d_5,313,coordinate-median graph ensemble,0.4,33,0.13121553065661257,
crossing_90_d_5,313,coordinate-median graph ensemble,0.8,33,0.22946809994970135,
crossing_90_d_5,313,coordinate-median graph ensemble,1.2000000000000002,33,0.4088534338038975,
crossing_90_d_5,313,coordinate-median graph ensemble,1.6,33,0.6109197233093444,
crossing_90_d_5,313,coordinate-median graph ensemble,2.0,33,0.887499854861688,
crossing_90_d_5,313,coordinate-median graph ensemble,2.4000000000000004,33,1.1869323588826748,
crossing_90_d_5,313,coordinate-median graph ensemble,2.8000000000000003,33,1.536369115287549,
crossing_90_d_5,313,coordinate-median graph ensemble,3.2,33,1.9370256121142295,
crossing_90_d_5,313,anchored coarse HGB,0.4,33,0.1252797489502166,
crossing_90_d_5,313,anchored coarse HGB,0.8,33,0.21321122829215122,
crossing_90_d_5,313,anchored coarse HGB,1.2000000000000002,33,0.3753050112754993,
crossing_90_d_5,313,anchored coarse HGB,1.6,33,0.542142357656275,
crossing_90_d_5,313,anchored coarse HGB,2.0,33,0.7583805086241192,
crossing_90_d_5,313,anchored coarse HGB,2.4000000000000004,33,0.9660056181575961,
crossing_90_d_5,313,anchored coarse HGB,2.8000000000000003,33,1.198895446600981,
crossing_90_d_5,313,anchored coarse HGB,3.2,33,1.455760781193039,
crossing_90_d_5,313,GEL-Ped instability guard,0.4,33,0.1296180718274051,0.8351051301333682
crossing_90_d_5,313,GEL-Ped instability guard,0.8,33,0.22072711453107316,0.8199720679552975
crossing_90_d_5,313,GEL-Ped instability guard,1.2000000000000002,33,0.3861068052706376,0.8116659454094783
crossing_90_d_5,313,GEL-Ped instability guard,1.6,33,0.5628132009190353,0.8027329943754686
crossing_90_d_5,313,GEL-Ped instability guard,2.0,33,0.8062719147086502,0.7934419760067344
crossing_90_d_5,313,GEL-Ped instability guard,2.4000000000000004,33,1.0515769036369291,0.7843738663995724
crossing_90_d_5,313,GEL-Ped instability guard,2.8000000000000003,33,1.3342636730146744,0.7771701443139726
crossing_90_d_5,313,GEL-Ped instability guard,3.2,33,1.6478350142665863,0.7656773795756526
crossing_90_d_5,353,constant velocity,0.4,34,0.1199788852915906,
crossing_90_d_5,353,constant velocity,0.8,34,0.22157771975778023,
crossing_90_d_5,353,constant velocity,1.2000000000000002,34,0.3662642798241333,
crossing_90_d_5,353,constant velocity,1.6,34,0.5229988087568401,
crossing_90_d_5,353,constant velocity,2.0,34,0.7138249541800138,
crossing_90_d_5,353,constant velocity,2.4000000000000004,34,0.9152595984946499,
crossing_90_d_5,353,constant velocity,2.8000000000000003,34,1.0933976126014904,
crossing_90_d_5,353,constant velocity,3.2,34,1.2681430688633701,
crossing_90_d_5,353,five-member graph ensemble,0.4,34,0.10899388429845855,
crossing_90_d_5,353,five-member graph ensemble,0.8,34,0.18707887210049237,
crossing_90_d_5,353,five-member graph ensemble,1.2000000000000002,34,0.30329443491838526,
crossing_90_d_5,353,five-member graph ensemble,1.6,34,0.4371769629491937,
crossing_90_d_5,353,five-member graph ensemble,2.0,34,0.5984713826942586,
crossing_90_d_5,353,five-member graph ensemble,2.4000000000000004,34,0.8121059579615987,
crossing_90_d_5,353,five-member graph ensemble,2.8000000000000003,34,1.0500008664563731,
crossing_90_d_5,353,five-member graph ensemble,3.2,34,1.3615565342897105,
crossing_90_d_5,353,coordinate-median graph ensemble,0.4,34,0.10936339774244119,
crossing_90_d_5,353,coordinate-median graph ensemble,0.8,34,0.18813281605865423,
crossing_90_d_5,353,coordinate-median graph ensemble,1.2000000000000002,34,0.30345341015744004,
crossing_90_d_5,353,coordinate-median graph ensemble,1.6,34,0.4352978671066369,
crossing_90_d_5,353,coordinate-median graph ensemble,2.0,34,0.5977885573752336,
crossing_90_d_5,353,coordinate-median graph ensemble,2.4000000000000004,34,0.8144714813090675,
crossing_90_d_5,353,coordinate-median graph ensemble,2.8000000000000003,34,1.0589369343122854,
crossing_90_d_5,353,coordinate-median graph ensemble,3.2,34,1.3749054831513943,
crossing_90_d_5,353,anchored coarse HGB,0.4,34,0.10764467183240502,
crossing_90_d_5,353,anchored coarse HGB,0.8,34,0.1752436753820122,
crossing_90_d_5,353,anchored coarse HGB,1.2000000000000002,34,0.28164754161773714,
crossing_90_d_5,353,anchored coarse HGB,1.6,34,0.40774363938661795,
crossing_90_d_5,353,anchored coarse HGB,2.0,34,0.566222105709005,
crossing_90_d_5,353,anchored coarse HGB,2.4000000000000004,34,0.7387896782472803,
crossing_90_d_5,353,anchored coarse HGB,2.8000000000000003,34,0.8945647760355733,
crossing_90_d_5,353,anchored coarse HGB,3.2,34,1.1373266387620165,
crossing_90_d_5,353,GEL-Ped instability guard,0.4,34,0.10852857087367666,0.8299464892663455
crossing_90_d_5,353,GEL-Ped instability guard,0.8,34,0.18126310350912872,0.8410812128366917
crossing_90_d_5,353,GEL-Ped instability guard,1.2000000000000002,34,0.2840744310867438,0.8375435935773599
crossing_90_d_5,353,GEL-Ped instability guard,1.6,34,0.4123332292489582,0.8317171949328995
crossing_90_d_5,353,GEL-Ped instability guard,2.0,34,0.5720973624042439,0.8262546430188042
crossing_90_d_5,353,GEL-Ped instability guard,2.4000000000000004,34,0.7808647349296978,0.8176769396719418
crossing_90_d_5,353,GEL-Ped instability guard,2.8000000000000003,34,0.9972250361354843,0.8094463143130763
crossing_90_d_5,353,GEL-Ped instability guard,3.2,34,1.2861194798154632,0.8021786325878995
crossing_90_d_5,393,constant velocity,0.4,41,0.13042753676837152,
crossing_90_d_5,393,constant velocity,0.8,41,0.24299155599378344,
crossing_90_d_5,393,constant velocity,1.2000000000000002,41,0.42662724183427936,
crossing_90_d_5,393,constant velocity,1.6,41,0.6285700026019828,
crossing_90_d_5,393,constant velocity,2.0,41,0.8657423415437836,
crossing_90_d_5,393,constant velocity,2.4000000000000004,41,1.0957825016107166,
crossing_90_d_5,393,constant velocity,2.8000000000000003,41,1.3313392402144737,
crossing_90_d_5,393,constant velocity,3.2,41,1.549834146696308,
crossing_90_d_5,393,five-member graph ensemble,0.4,41,0.13276618082598302,
crossing_90_d_5,393,five-member graph ensemble,0.8,41,0.2482232389124909,
crossing_90_d_5,393,five-member graph ensemble,1.2000000000000002,41,0.4220458244044589,
crossing_90_d_5,393,five-member graph ensemble,1.6,41,0.6198191032798347,
crossing_90_d_5,393,five-member graph ensemble,2.0,41,0.8662381714554501,
crossing_90_d_5,393,five-member graph ensemble,2.4000000000000004,41,1.1498089295603922,
crossing_90_d_5,393,five-member graph ensemble,2.8000000000000003,41,1.5296181416096417,
crossing_90_d_5,393,five-member graph ensemble,3.2,41,1.9282307268823422,
crossing_90_d_5,393,coordinate-median graph ensemble,0.4,41,0.13183021733889974,
crossing_90_d_5,393,coordinate-median graph ensemble,0.8,41,0.24640969952495098,
crossing_90_d_5,393,coordinate-median graph ensemble,1.2000000000000002,41,0.4187128969785412,
crossing_90_d_5,393,coordinate-median graph ensemble,1.6,41,0.6153597259982002,
crossing_90_d_5,393,coordinate-median graph ensemble,2.0,41,0.8598028790265477,
crossing_90_d_5,393,coordinate-median graph ensemble,2.4000000000000004,41,1.1450193839023854,
crossing_90_d_5,393,coordinate-median graph ensemble,2.8000000000000003,41,1.524436606285517,
crossing_90_d_5,393,coordinate-median graph ensemble,3.2,41,1.920721685982992,
crossing_90_d_5,393,anchored coarse HGB,0.4,41,0.12537758650595957,
crossing_90_d_5,393,anchored coarse HGB,0.8,41,0.23482057158515376,
crossing_90_d_5,393,anchored coarse HGB,1.2000000000000002,41,0.3664517986223588,
crossing_90_d_5,393,anchored coarse HGB,1.6,41,0.5222832755846639,
crossing_90_d_5,393,anchored coarse HGB,2.0,41,0.7199475996495112,
crossing_90_d_5,393,anchored coarse HGB,2.4000000000000004,41,0.9306038659119932,
crossing_90_d_5,393,anchored coarse HGB,2.8000000000000003,41,1.1801026187947206,
crossing_90_d_5,393,anchored coarse HGB,3.2,41,1.4329555314047207,
crossing_90_d_5,393,GEL-Ped instability guard,0.4,41,0.1296281290080445,0.8074013389261697
crossing_90_d_5,393,GEL-Ped instability guard,0.8,41,0.23895758425709082,0.8314046593921993
crossing_90_d_5,393,GEL-Ped instability guard,1.2000000000000002,41,0.4000294932747722,0.8395580715213452
crossing_90_d_5,393,GEL-Ped instability guard,1.6,41,0.5789860414388411,0.8389681001817032
crossing_90_d_5,393,GEL-Ped instability guard,2.0,41,0.8001658899588535,0.8351367442619256
crossing_90_d_5,393,GEL-Ped instability guard,2.4000000000000004,41,1.0523589388635932,0.8245011798100154
crossing_90_d_5,393,GEL-Ped instability guard,2.8000000000000003,41,1.3892806109905689,0.8113967063807115
crossing_90_d_5,393,GEL-Ped instability guard,3.2,41,1.7259718621895228,0.7992144493913953
crossing_90_d_5,433,constant velocity,0.4,35,0.12275590081004548,
crossing_90_d_5,433,constant velocity,0.8,35,0.24865693078512063,
crossing_90_d_5,433,constant velocity,1.2000000000000002,35,0.45998735577170563,
crossing_90_d_5,433,constant velocity,1.6,35,0.6852106635577762,
crossing_90_d_5,433,constant velocity,2.0,35,0.9414854262802397,
crossing_90_d_5,433,constant velocity,2.4000000000000004,35,1.1761349710327895,
crossing_90_d_5,433,constant velocity,2.8000000000000003,35,1.4344392690729064,
crossing_90_d_5,433,constant velocity,3.2,35,1.6857021220446338,
crossing_90_d_5,433,five-member graph ensemble,0.4,35,0.11249652455788595,
crossing_90_d_5,433,five-member graph ensemble,0.8,35,0.2356015182967541,
crossing_90_d_5,433,five-member graph ensemble,1.2000000000000002,35,0.44787154102790766,
crossing_90_d_5,433,five-member graph ensemble,1.6,35,0.6994930382994984,
crossing_90_d_5,433,five-member graph ensemble,2.0,35,1.0054645120920267,
crossing_90_d_5,433,five-member graph ensemble,2.4000000000000004,35,1.345337143945973,
crossing_90_d_5,433,five-member graph ensemble,2.8000000000000003,35,1.7637674548030595,
crossing_90_d_5,433,five-member graph ensemble,3.2,35,2.198956630356004,
crossing_90_d_5,433,coordinate-median graph ensemble,0.4,35,0.11279894956927689,
crossing_90_d_5,433,coordinate-median graph ensemble,0.8,35,0.23660436533994142,
crossing_90_d_5,433,coordinate-median graph ensemble,1.2000000000000002,35,0.4492509093901495,
crossing_90_d_5,433,coordinate-median graph ensemble,1.6,35,0.7033850404343832,
crossing_90_d_5,433,coordinate-median graph ensemble,2.0,35,1.0100208310345422,
crossing_90_d_5,433,coordinate-median graph ensemble,2.4000000000000004,35,1.3558453936415142,
crossing_90_d_5,433,coordinate-median graph ensemble,2.8000000000000003,35,1.7873720873429437,
crossing_90_d_5,433,coordinate-median graph ensemble,3.2,35,2.230287994738875,
crossing_90_d_5,433,anchored coarse HGB,0.4,35,0.10222224877559487,
crossing_90_d_5,433,anchored coarse HGB,0.8,35,0.19614381933183528,
crossing_90_d_5,433,anchored coarse HGB,1.2000000000000002,35,0.37758619375037095,
crossing_90_d_5,433,anchored coarse HGB,1.6,35,0.566660287308495,
crossing_90_d_5,433,anchored coarse HGB,2.0,35,0.7520718075396002,
crossing_90_d_5,433,anchored coarse HGB,2.4000000000000004,35,0.9306498739607117,
crossing_90_d_5,433,anchored coarse HGB,2.8000000000000003,35,1.1823995897268158,
crossing_90_d_5,433,anchored coarse HGB,3.2,35,1.4378080010756524,
crossing_90_d_5,433,GEL-Ped instability guard,0.4,35,0.10528563321692291,0.6930859908237106
crossing_90_d_5,433,GEL-Ped instability guard,0.8,35,0.21199657283454856,0.7124549508822293
crossing_90_d_5,433,GEL-Ped instability guard,1.2000000000000002,35,0.4028776353823206,0.7101581859763616
crossing_90_d_5,433,GEL-Ped instability guard,1.6,35,0.6155182516006178,0.6957112591168282
crossing_90_d_5,433,GEL-Ped instability guard,2.0,35,0.8540321491067779,0.6812198410447143
crossing_90_d_5,433,GEL-Ped instability guard,2.4000000000000004,35,1.128419233576351,0.6674456877058236
crossing_90_d_5,433,GEL-Ped instability guard,2.8000000000000003,35,1.4774227467857963,0.6527641116914672
crossing_90_d_5,433,GEL-Ped instability guard,3.2,35,1.8443346539709762,0.6413505370714256
crossing_90_d_5,473,constant velocity,0.4,32,0.13404578563636027,
crossing_90_d_5,473,constant velocity,0.8,32,0.25598071409115486,
crossing_90_d_5,473,constant velocity,1.2000000000000002,32,0.41144854712978574,
crossing_90_d_5,473,constant velocity,1.6,32,0.5700686953385932,
crossing_90_d_5,473,constant velocity,2.0,32,0.7443587910914611,
crossing_90_d_5,473,constant velocity,2.4000000000000004,32,0.9064871343719296,
crossing_90_d_5,473,constant velocity,2.8000000000000003,32,1.094140525397527,
crossing_90_d_5,473,constant velocity,3.2,32,1.2721836755986453,
crossing_90_d_5,473,five-member graph ensemble,0.4,32,0.1486694706564105,
crossing_90_d_5,473,five-member graph ensemble,0.8,32,0.30108818522520053,
crossing_90_d_5,473,five-member graph ensemble,1.2000000000000002,32,0.5116819729612838,
crossing_90_d_5,473,five-member graph ensemble,1.6,32,0.7754994102581598,
crossing_90_d_5,473,five-member graph ensemble,2.0,32,1.0422119213791425,
crossing_90_d_5,473,five-member graph ensemble,2.4000000000000004,32,1.3414536440728533,
crossing_90_d_5,473,five-member graph ensemble,2.8000000000000003,32,1.6926176417663799,
crossing_90_d_5,473,five-member graph ensemble,3.2,32,2.084802003215316,
crossing_90_d_5,473,coordinate-median graph ensemble,0.4,32,0.1491812327605957,
crossing_90_d_5,473,coordinate-median graph ensemble,0.8,32,0.30250717224999185,
crossing_90_d_5,473,coordinate-median graph ensemble,1.2000000000000002,32,0.5151675283079942,
crossing_90_d_5,473,coordinate-median graph ensemble,1.6,32,0.7841760812064276,
crossing_90_d_5,473,coordinate-median graph ensemble,2.0,32,1.05608703126481,
crossing_90_d_5,473,coordinate-median graph ensemble,2.4000000000000004,32,1.3618668087783614,
crossing_90_d_5,473,coordinate-median graph ensemble,2.8000000000000003,32,1.7172380099341664,
crossing_90_d_5,473,coordinate-median graph ensemble,3.2,32,2.1140820861128713,
crossing_90_d_5,473,anchored coarse HGB,0.4,32,0.12015949897160597,
crossing_90_d_5,473,anchored coarse HGB,0.8,32,0.22882536387969515,
crossing_90_d_5,473,anchored coarse HGB,1.2000000000000002,32,0.366141743646175,
crossing_90_d_5,473,anchored coarse HGB,1.6,32,0.534256746617479,
crossing_90_d_5,473,anchored coarse HGB,2.0,32,0.6875779245055458,
crossing_90_d_5,473,anchored coarse HGB,2.4000000000000004,32,0.8626674938461957,
crossing_90_d_5,473,anchored coarse HGB,2.8000000000000003,32,1.0637280401507965,
crossing_90_d_5,473,anchored coarse HGB,3.2,32,1.3061848686138635,
crossing_90_d_5,473,GEL-Ped instability guard,0.4,32,0.12424932109077211,0.700328093072309
crossing_90_d_5,473,GEL-Ped instability guard,0.8,32,0.24834638514583723,0.7161557059880508
crossing_90_d_5,473,GEL-Ped instability guard,1.2000000000000002,32,0.4174911917197416,0.7261758339394966
crossing_90_d_5,473,GEL-Ped instability guard,1.6,32,0.6311097106112447,0.7297051541207812
crossing_90_d_5,473,GEL-Ped instability guard,2.0,32,0.8421187105727768,0.7320322310967973
crossing_90_d_5,473,GEL-Ped instability guard,2.4000000000000004,32,1.0764169404680797,0.7347789633215407
crossing_90_d_5,473,GEL-Ped instability guard,2.8000000000000003,32,1.3669170060021343,0.7369828655217227
crossing_90_d_5,473,GEL-Ped instability guard,3.2,32,1.7006031941768316,0.741549863545296
crossing_90_d_5,513,constant velocity,0.4,38,0.1610843520309461,
crossing_90_d_5,513,constant velocity,0.8,38,0.27196261205669026,
crossing_90_d_5,513,constant velocity,1.2000000000000002,38,0.42127299627794296,
crossing_90_d_5,513,constant velocity,1.6,38,0.5996993907159806,
crossing_90_d_5,513,constant velocity,2.0,38,0.8102547711235772,
crossing_90_d_5,513,constant velocity,2.4000000000000004,38,1.0326250596386355,
crossing_90_d_5,513,constant velocity,2.8000000000000003,38,1.2619107128089957,
crossing_90_d_5,513,constant velocity,3.2,38,1.4902594435873118,
crossing_90_d_5,513,five-member graph ensemble,0.4,38,0.16693321192854177,
crossing_90_d_5,513,five-member graph ensemble,0.8,38,0.2866101801724859,
crossing_90_d_5,513,five-member graph ensemble,1.2000000000000002,38,0.4339237369044567,
crossing_90_d_5,513,five-member graph ensemble,1.6,38,0.6140147250185699,
crossing_90_d_5,513,five-member graph ensemble,2.0,38,0.8405690383347777,
crossing_90_d_5,513,five-member graph ensemble,2.4000000000000004,38,1.0935478369172487,
crossing_90_d_5,513,five-member graph ensemble,2.8000000000000003,38,1.3647101661247405,
crossing_90_d_5,513,five-member graph ensemble,3.2,38,1.6839025503806468,
crossing_90_d_5,513,coordinate-median graph ensemble,0.4,38,0.16712018392255015,
crossing_90_d_5,513,coordinate-median graph ensemble,0.8,38,0.28684026032322746,
crossing_90_d_5,513,coordinate-median graph ensemble,1.2000000000000002,38,0.4368999248933788,
crossing_90_d_5,513,coordinate-median graph ensemble,1.6,38,0.6230919997169875,
crossing_90_d_5,513,coordinate-median graph ensemble,2.0,38,0.8581680155999812,
crossing_90_d_5,513,coordinate-median graph ensemble,2.4000000000000004,38,1.1167461115158233,
crossing_90_d_5,513,coordinate-median graph ensemble,2.8000000000000003,38,1.3930409110497801,
crossing_90_d_5,513,coordinate-median graph ensemble,3.2,38,1.7211796031509976,
crossing_90_d_5,513,anchored coarse HGB,0.4,38,0.14974868281109882,
crossing_90_d_5,513,anchored coarse HGB,0.8,38,0.24607684782862052,
crossing_90_d_5,513,anchored coarse HGB,1.2000000000000002,38,0.36101854321418503,
crossing_90_d_5,513,anchored coarse HGB,1.6,38,0.504198292693923,
crossing_90_d_5,513,anchored coarse HGB,2.0,38,0.6881065090647261,
crossing_90_d_5,513,anchored coarse HGB,2.4000000000000004,38,0.8734309677586419,
crossing_90_d_5,513,anchored coarse HGB,2.8000000000000003,38,1.0574166702329264,
crossing_90_d_5,513,anchored coarse HGB,3.2,38,1.2669059875440503,
crossing_90_d_5,513,GEL-Ped instability guard,0.4,38,0.1535634197860174,0.7153157553053445
crossing_90_d_5,513,GEL-Ped instability guard,0.8,38,0.25778704700415783,0.7202979940901508
crossing_90_d_5,513,GEL-Ped instability guard,1.2000000000000002,38,0.38486832834304463,0.7256949610338777
crossing_90_d_5,513,GEL-Ped instability guard,1.6,38,0.5405806026785861,0.7273245687716815
crossing_90_d_5,513,GEL-Ped instability guard,2.0,38,0.7433176245625566,0.729726521000857
crossing_90_d_5,513,GEL-Ped instability guard,2.4000000000000004,38,0.9601225528908861,0.7304010123942318
crossing_90_d_5,513,GEL-Ped instability guard,2.8000000000000003,38,1.1898300236948598,0.7307844469262088
crossing_90_d_5,513,GEL-Ped instability guard,3.2,38,1.4634903474876575,0.7332842816831229
crossing_90_d_6,69,constant velocity,0.4,4,0.12737550037959022,
crossing_90_d_6,69,constant velocity,0.8,4,0.2786564054826245,
crossing_90_d_6,69,constant velocity,1.2000000000000002,4,0.3978204373343757,
crossing_90_d_6,69,constant velocity,1.6,4,0.5821227650445298,
crossing_90_d_6,69,constant velocity,2.0,4,0.7361232905877536,
crossing_90_d_6,69,constant velocity,2.4000000000000004,4,0.842731128450252,
crossing_90_d_6,69,constant velocity,2.8000000000000003,4,0.9629642303770491,
crossing_90_d_6,69,constant velocity,3.2,4,1.0303383318350798,
crossing_90_d_6,69,five-member graph ensemble,0.4,4,0.1744650014519074,
crossing_90_d_6,69,five-member graph ensemble,0.8,4,0.41731440655217095,
crossing_90_d_6,69,five-member graph ensemble,1.2000000000000002,4,0.7021742617147211,
crossing_90_d_6,69,five-member graph ensemble,1.6,4,1.0922307975209626,
crossing_90_d_6,69,five-member graph ensemble,2.0,4,1.4901218764061646,
crossing_90_d_6,69,five-member graph ensemble,2.4000000000000004,4,1.8581806886391823,
crossing_90_d_6,69,five-member graph ensemble,2.8000000000000003,4,2.281001017871883,
crossing_90_d_6,69,five-member graph ensemble,3.2,4,2.6603293729114457,
crossing_90_d_6,69,coordinate-median graph ensemble,0.4,4,0.17162384267252212,
crossing_90_d_6,69,coordinate-median graph ensemble,0.8,4,0.41221299241097914,
crossing_90_d_6,69,coordinate-median graph ensemble,1.2000000000000002,4,0.6883096281270369,
crossing_90_d_6,69,coordinate-median graph ensemble,1.6,4,1.0703706255352308,
crossing_90_d_6,69,coordinate-median graph ensemble,2.0,4,1.46045628691868,
crossing_90_d_6,69,coordinate-median graph ensemble,2.4000000000000004,4,1.8219391972713832,
crossing_90_d_6,69,coordinate-median graph ensemble,2.8000000000000003,4,2.235922288089048,
crossing_90_d_6,69,coordinate-median graph ensemble,3.2,4,2.60655305030907,
crossing_90_d_6,69,anchored coarse HGB,0.4,4,0.14562761226952406,
crossing_90_d_6,69,anchored coarse HGB,0.8,4,0.33832523782120916,
crossing_90_d_6,69,anchored coarse HGB,1.2000000000000002,4,0.5278769625584887,
crossing_90_d_6,69,anchored coarse HGB,1.6,4,0.8071197621431007,
crossing_90_d_6,69,anchored coarse HGB,2.0,4,1.078556336276016,
crossing_90_d_6,69,anchored coarse HGB,2.4000000000000004,4,1.3333819023427793,
crossing_90_d_6,69,anchored coarse HGB,2.8000000000000003,4,1.6419757413911165,
crossing_90_d_6,69,anchored coarse HGB,3.2,4,1.930445787305445,
crossing_90_d_6,69,GEL-Ped instability guard,0.4,4,0.15510637508439865,0.6741481758650014
crossing_90_d_6,69,GEL-Ped instability guard,0.8,4,0.3548595683347534,0.6907574744764439
crossing_90_d_6,69,GEL-Ped instability guard,1.2000000000000002,4,0.5727635718505888,0.7078143693264097
crossing_90_d_6,69,GEL-Ped instability guard,1.6,4,0.8722889456951918,0.7194440536350102
crossing_90_d_6,69,GEL-Ped instability guard,2.0,4,1.166988246696093,0.7260529341830975
crossing_90_d_6,69,GEL-Ped instability guard,2.4000000000000004,4,1.4440665899510174,0.724816992678187
crossing_90_d_6,69,GEL-Ped instability guard,2.8000000000000003,4,1.7855392409828466,0.7131752497069265
crossing_90_d_6,69,GEL-Ped instability guard,3.2,4,2.081016189818501,0.6837294620594603
crossing_90_d_6,109,constant velocity,0.4,25,0.1213282175569239,
crossing_90_d_6,109,constant velocity,0.8,25,0.2109486979448146,
crossing_90_d_6,109,constant velocity,1.2000000000000002,25,0.36835204162937657,
crossing_90_d_6,109,constant velocity,1.6,25,0.487582476730155,
crossing_90_d_6,109,constant velocity,2.0,25,0.6209278843277627,
crossing_90_d_6,109,constant velocity,2.4000000000000004,25,0.7957919686866589,
crossing_90_d_6,109,constant velocity,2.8000000000000003,25,0.9365733087628589,
crossing_90_d_6,109,constant velocity,3.2,25,1.0678532115243833,
crossing_90_d_6,109,five-member graph ensemble,0.4,25,0.12833194380160015,
crossing_90_d_6,109,five-member graph ensemble,0.8,25,0.22806006533024614,
crossing_90_d_6,109,five-member graph ensemble,1.2000000000000002,25,0.3957013264883554,
crossing_90_d_6,109,five-member graph ensemble,1.6,25,0.516000507018149,
crossing_90_d_6,109,five-member graph ensemble,2.0,25,0.6741779399237838,
crossing_90_d_6,109,five-member graph ensemble,2.4000000000000004,25,0.9314153732791698,
crossing_90_d_6,109,five-member graph ensemble,2.8000000000000003,25,1.2098973347808217,
crossing_90_d_6,109,five-member graph ensemble,3.2,25,1.5611216227828857,
crossing_90_d_6,109,coordinate-median graph ensemble,0.4,25,0.12718183147101297,
crossing_90_d_6,109,coordinate-median graph ensemble,0.8,25,0.22680047310251875,
crossing_90_d_6,109,coordinate-median graph ensemble,1.2000000000000002,25,0.3946877800894702,
crossing_90_d_6,109,coordinate-median graph ensemble,1.6,25,0.5148758656499229,
crossing_90_d_6,109,coordinate-median graph ensemble,2.0,25,0.6730802175047822,
crossing_90_d_6,109,coordinate-median graph ensemble,2.4000000000000004,25,0.9355733890266421,
crossing_90_d_6,109,coordinate-median graph ensemble,2.8000000000000003,25,1.2214124274431517,
crossing_90_d_6,109,coordinate-median graph ensemble,3.2,25,1.5814803345587531,
crossing_90_d_6,109,anchored coarse HGB,0.4,25,0.12217413783264709,
crossing_90_d_6,109,anchored coarse HGB,0.8,25,0.20954244481127268,
crossing_90_d_6,109,anchored coarse HGB,1.2000000000000002,25,0.36371059718722193,
crossing_90_d_6,109,anchored coarse HGB,1.6,25,0.46276821746892366,
crossing_90_d_6,109,anchored coarse HGB,2.0,25,0.5619674513059012,
crossing_90_d_6,109,anchored coarse HGB,2.4000000000000004,25,0.7145714590249118,
crossing_90_d_6,109,anchored coarse HGB,2.8000000000000003,25,0.8322369612324121,
crossing_90_d_6,109,anchored coarse HGB,3.2,25,0.9431594339296342,
crossing_90_d_6,109,GEL-Ped instability guard,0.4,25,0.12810571179892968,0.7495031896995562
crossing_90_d_6,109,GEL-Ped instability guard,0.8,25,0.22692784637432545,0.7331657731545793
crossing_90_d_6,109,GEL-Ped instability guard,1.2000000000000002,25,0.387796452741672,0.7167590070339434
crossing_90_d_6,109,GEL-Ped instability guard,1.6,25,0.5074141469962087,0.6885356405318815
crossing_90_d_6,109,GEL-Ped instability guard,2.0,25,0.6263615028897008,0.6685720152853103
crossing_90_d_6,109,GEL-Ped instability guard,2.4000000000000004,25,0.8276783836215411,0.6434965029612264
crossing_90_d_6,109,GEL-Ped instability guard,2.8000000000000003,25,1.0000921600638206,0.6137206276620065
crossing_90_d_6,109,GEL-Ped instability guard,3.2,25,1.2177981939025282,0.5879754092872691
crossing_90_d_6,149,constant velocity,0.4,33,0.1378614086802263,
crossing_90_d_6,149,constant velocity,0.8,33,0.2663639865178384,
crossing_90_d_6,149,constant velocity,1.2000000000000002,33,0.4204576819954003,
crossing_90_d_6,149,constant velocity,1.6,33,0.580331956279393,
crossing_90_d_6,149,constant velocity,2.0,33,0.757970932660642,
crossing_90_d_6,149,constant velocity,2.4000000000000004,33,0.9427172316232064,
crossing_90_d_6,149,constant velocity,2.8000000000000003,33,1.0862154500561598,
crossing_90_d_6,149,constant velocity,3.2,33,1.2170531634237685,
crossing_90_d_6,149,five-member graph ensemble,0.4,33,0.13149590933768324,
crossing_90_d_6,149,five-member graph ensemble,0.8,33,0.24558383760774988,
crossing_90_d_6,149,five-member graph ensemble,1.2000000000000002,33,0.3822471234167252,
crossing_90_d_6,149,five-member graph ensemble,1.6,33,0.5141329725797245,
crossing_90_d_6,149,five-member graph ensemble,2.0,33,0.6765240408859439,
crossing_90_d_6,149,five-member graph ensemble,2.4000000000000004,33,0.8657652179315777,
crossing_90_d_6,149,five-member graph ensemble,2.8000000000000003,33,1.1250456433923512,
crossing_90_d_6,149,five-member graph ensemble,3.2,33,1.417264341475157,
crossing_90_d_6,149,coordinate-median graph ensemble,0.4,33,0.1317137525380121,
crossing_90_d_6,149,coordinate-median graph ensemble,0.8,33,0.2460687260925326,
crossing_90_d_6,149,coordinate-median graph ensemble,1.2000000000000002,33,0.3842375322790561,
crossing_90_d_6,149,coordinate-median graph ensemble,1.6,33,0.51636344219389,
crossing_90_d_6,149,coordinate-median graph ensemble,2.0,33,0.6791294537135106,
crossing_90_d_6,149,coordinate-median graph ensemble,2.4000000000000004,33,0.8697757443394578,
crossing_90_d_6,149,coordinate-median graph ensemble,2.8000000000000003,33,1.1354747673356038,
crossing_90_d_6,149,coordinate-median graph ensemble,3.2,33,1.4322423475014945,
crossing_90_d_6,149,anchored coarse HGB,0.4,33,0.13511038299677458,
crossing_90_d_6,149,anchored coarse HGB,0.8,33,0.2594721659317319,
crossing_90_d_6,149,anchored coarse HGB,1.2000000000000002,33,0.39813846498943967,
crossing_90_d_6,149,anchored coarse HGB,1.6,33,0.4952402785297564,
crossing_90_d_6,149,anchored coarse HGB,2.0,33,0.6001287520955382,
crossing_90_d_6,149,anchored coarse HGB,2.4000000000000004,33,0.7239112630933363,
crossing_90_d_6,149,anchored coarse HGB,2.8000000000000003,33,0.8611959325993477,
crossing_90_d_6,149,anchored coarse HGB,3.2,33,1.0296078659089385,
crossing_90_d_6,149,GEL-Ped instability guard,0.4,33,0.131683763183835,0.6640649992036576
crossing_90_d_6,149,GEL-Ped instability guard,0.8,33,0.24079383163946333,0.6626155089295782
crossing_90_d_6,149,GEL-Ped instability guard,1.2000000000000002,33,0.37000323397874374,0.6427341548185979
crossing_90_d_6,149,GEL-Ped instability guard,1.6,33,0.4638778009255285,0.6233187107803814
crossing_90_d_6,149,GEL-Ped instability guard,2.0,33,0.5653515888374019,0.605500398265353
crossing_90_d_6,149,GEL-Ped instability guard,2.4000000000000004,33,0.6945126587280958,0.5860238086900619
crossing_90_d_6,149,GEL-Ped instability guard,2.8000000000000003,33,0.8818830495841213,0.5726168477706797
crossing_90_d_6,149,GEL-Ped instability guard,3.2,33,1.1014797551800495,0.5687247860610974
crossing_90_d_6,189,constant velocity,0.4,43,0.13927989478598032,
crossing_90_d_6,189,constant velocity,0.8,43,0.29483317628151245,
crossing_90_d_6,189,constant velocity,1.2000000000000002,43,0.4931964462577985,
crossing_90_d_6,189,constant velocity,1.6,43,0.7347368886437489,
crossing_90_d_6,189,constant velocity,2.0,43,0.9800949450965922,
crossing_90_d_6,189,constant velocity,2.4000000000000004,43,1.2470724383284042,
crossing_90_d_6,189,constant velocity,2.8000000000000003,43,1.5137047781891997,
crossing_90_d_6,189,constant velocity,3.2,43,1.7651456187857852,
crossing_90_d_6,189,five-member graph ensemble,0.4,43,0.12265594435143616,
crossing_90_d_6,189,five-member graph ensemble,0.8,43,0.23817524156361738,
crossing_90_d_6,189,five-member graph ensemble,1.2000000000000002,43,0.40183754690656703,
crossing_90_d_6,189,five-member graph ensemble,1.6,43,0.5852817462917175,
crossing_90_d_6,189,five-member graph ensemble,2.0,43,0.8247267167987241,
crossing_90_d_6,189,five-member graph ensemble,2.4000000000000004,43,1.107806178476519,
crossing_90_d_6,189,five-member graph ensemble,2.8000000000000003,43,1.4882095382223945,
crossing_90_d_6,189,five-member graph ensemble,3.2,43,1.8945622901076868,
crossing_90_d_6,189,coordinate-median graph ensemble,0.4,43,0.12285079362875592,
crossing_90_d_6,189,coordinate-median graph ensemble,0.8,43,0.24130941541023793,
crossing_90_d_6,189,coordinate-median graph ensemble,1.2000000000000002,43,0.40690714311667514,
crossing_90_d_6,189,coordinate-median graph ensemble,1.6,43,0.5910825326999731,
crossing_90_d_6,189,coordinate-median graph ensemble,2.0,43,0.8319115268723308,
crossing_90_d_6,189,coordinate-median graph ensemble,2.4000000000000004,43,1.117827093298799,
crossing_90_d_6,189,coordinate-median graph ensemble,2.8000000000000003,43,1.502973416499985,
crossing_90_d_6,189,coordinate-median graph ensemble,3.2,43,1.9151973211822464,
crossing_90_d_6,189,anchored coarse HGB,0.4,43,0.1260330561831522,
crossing_90_d_6,189,anchored coarse HGB,0.8,43,0.25901975946063993,
crossing_90_d_6,189,anchored coarse HGB,1.2000000000000002,43,0.44225186151399687,
crossing_90_d_6,189,anchored coarse HGB,1.6,43,0.6343468266373997,
crossing_90_d_6,189,anchored coarse HGB,2.0,43,0.8658337690258818,
crossing_90_d_6,189,anchored coarse HGB,2.4000000000000004,43,1.106065063707383,
crossing_90_d_6,189,anchored coarse HGB,2.8000000000000003,43,1.3521677425167924,
crossing_90_d_6,189,anchored coarse HGB,3.2,43,1.6106782421095007,
crossing_90_d_6,189,GEL-Ped instability guard,0.4,43,0.1233740968565182,0.7889469792002015
crossing_90_d_6,189,GEL-Ped instability guard,0.8,43,0.24281634053934356,0.7943847894546621
crossing_90_d_6,189,GEL-Ped instability guard,1.2000000000000002,43,0.41309702268314014,0.777896600373245
crossing_90_d_6,189,GEL-Ped instability guard,1.6,43,0.5905029477355147,0.7565966872218673
crossing_90_d_6,189,GEL-Ped instability guard,2.0,43,0.8115425102629515,0.7373839501483986
crossing_90_d_6,189,GEL-Ped instability guard,2.4000000000000004,43,1.0473516395917828,0.7210360194384529
crossing_90_d_6,189,GEL-Ped instability guard,2.8000000000000003,43,1.3494611327113362,0.7057843664630365
crossing_90_d_6,189,GEL-Ped instability guard,3.2,43,1.6862509725223311,0.6941885698677475
crossing_90_d_6,229,constant velocity,0.4,51,0.13026117389553896,
crossing_90_d_6,229,constant velocity,0.8,51,0.24134136236400472,
crossing_90_d_6,229,constant velocity,1.2000000000000002,51,0.40604610720052764,
crossing_90_d_6,229,constant velocity,1.6,51,0.5768239513735934,
crossing_90_d_6,229,constant velocity,2.0,51,0.7677410465783028,
crossing_90_d_6,229,constant velocity,2.4000000000000004,51,0.9453208267278727,
crossing_90_d_6,229,constant velocity,2.8000000000000003,51,1.10754711933382,
crossing_90_d_6,229,constant velocity,3.2,51,1.297918425538479,
crossing_90_d_6,229,five-member graph ensemble,0.4,51,0.12363643147548961,
crossing_90_d_6,229,five-member graph ensemble,0.8,51,0.23332777263564813,
crossing_90_d_6,229,five-member graph ensemble,1.2000000000000002,51,0.37897645251774004,
crossing_90_d_6,229,five-member graph ensemble,1.6,51,0.5519383728082351,
crossing_90_d_6,229,five-member graph ensemble,2.0,51,0.7392394150957224,
crossing_90_d_6,229,five-member graph ensemble,2.4000000000000004,51,0.9478931040404831,
crossing_90_d_6,229,five-member graph ensemble,2.8000000000000003,51,1.174039304369547,
crossing_90_d_6,229,five-member graph ensemble,3.2,51,1.4407197218026455,
crossing_90_d_6,229,coordinate-median graph ensemble,0.4,51,0.1234435409619942,
crossing_90_d_6,229,coordinate-median graph ensemble,0.8,51,0.23349530522331302,
crossing_90_d_6,229,coordinate-median graph ensemble,1.2000000000000002,51,0.37900927532746465,
crossing_90_d_6,229,coordinate-median graph ensemble,1.6,51,0.5521591081032995,
crossing_90_d_6,229,coordinate-median graph ensemble,2.0,51,0.7429989797414888,
crossing_90_d_6,229,coordinate-median graph ensemble,2.4000000000000004,51,0.9528824133838978,
crossing_90_d_6,229,coordinate-median graph ensemble,2.8000000000000003,51,1.1817101957181118,
crossing_90_d_6,229,coordinate-median graph ensemble,3.2,51,1.4511265065462915,
crossing_90_d_6,229,anchored coarse HGB,0.4,51,0.12322032883526453,
crossing_90_d_6,229,anchored coarse HGB,0.8,51,0.23050803426131786,
crossing_90_d_6,229,anchored coarse HGB,1.2000000000000002,51,0.3733940552483165,
crossing_90_d_6,229,anchored coarse HGB,1.6,51,0.5307995891888427,
crossing_90_d_6,229,anchored coarse HGB,2.0,51,0.6917471750905121,
crossing_90_d_6,229,anchored coarse HGB,2.4000000000000004,51,0.8502241172830903,
crossing_90_d_6,229,anchored coarse HGB,2.8000000000000003,51,1.0078682577656504,
crossing_90_d_6,229,anchored coarse HGB,3.2,51,1.192484056411841,
crossing_90_d_6,229,GEL-Ped instability guard,0.4,51,0.12230653517495094,0.8234669705612176
crossing_90_d_6,229,GEL-Ped instability guard,0.8,51,0.228407985936964,0.816411640558653
crossing_90_d_6,229,GEL-Ped instability guard,1.2000000000000002,51,0.36683082575921205,0.8048405370199044
crossing_90_d_6,229,GEL-Ped instability guard,1.6,51,0.5293085771967561,0.7944763757089239
crossing_90_d_6,229,GEL-Ped instability guard,2.0,51,0.7020667595597405,0.788442020977244
crossing_90_d_6,229,GEL-Ped instability guard,2.4000000000000004,51,0.8887154750571784,0.7773385632102118
crossing_90_d_6,229,GEL-Ped instability guard,2.8000000000000003,51,1.0911760398184907,0.766029287707916
crossing_90_d_6,229,GEL-Ped instability guard,3.2,51,1.3231986822915145,0.7560174690539443
crossing_90_d_6,269,constant velocity,0.4,51,0.14551657707259127,
crossing_90_d_6,269,constant velocity,0.8,51,0.24233432104677413,
crossing_90_d_6,269,constant velocity,1.2000000000000002,51,0.40238118907371123,
crossing_90_d_6,269,constant velocity,1.6,51,0.5672708953497153,
crossing_90_d_6,269,constant velocity,2.0,51,0.7621295812606116,
crossing_90_d_6,269,constant velocity,2.4000000000000004,51,0.9341548953979193,
crossing_90_d_6,269,constant velocity,2.8000000000000003,51,1.1243614411828562,
crossing_90_d_6,269,constant velocity,3.2,51,1.3149052478448398,
crossing_90_d_6,269,five-member graph ensemble,0.4,51,0.13490672505430995,
crossing_90_d_6,269,five-member graph ensemble,0.8,51,0.23155846261198634,
crossing_90_d_6,269,five-member graph ensemble,1.2000000000000002,51,0.3743489387985963,
crossing_90_d_6,269,five-member graph ensemble,1.6,51,0.5243750009660885,
crossing_90_d_6,269,five-member graph ensemble,2.0,51,0.7022872767000038,
crossing_90_d_6,269,five-member graph ensemble,2.4000000000000004,51,0.9161523540705864,
crossing_90_d_6,269,five-member graph ensemble,2.8000000000000003,51,1.1940148333517624,
crossing_90_d_6,269,five-member graph ensemble,3.2,51,1.5156276333305316,
crossing_90_d_6,269,coordinate-median graph ensemble,0.4,51,0.1349845630278914,
crossing_90_d_6,269,coordinate-median graph ensemble,0.8,51,0.23040357099544628,
crossing_90_d_6,269,coordinate-median graph ensemble,1.2000000000000002,51,0.37089544126258117,
crossing_90_d_6,269,coordinate-median graph ensemble,1.6,51,0.5177876481261767,
crossing_90_d_6,269,coordinate-median graph ensemble,2.0,51,0.6876631865820728,
crossing_90_d_6,269,coordinate-median graph ensemble,2.4000000000000004,51,0.8980272655821855,
crossing_90_d_6,269,coordinate-median graph ensemble,2.8000000000000003,51,1.1687234670227984,
crossing_90_d_6,269,coordinate-median graph ensemble,3.2,51,1.4897200258297283,
crossing_90_d_6,269,anchored coarse HGB,0.4,51,0.13237003908486047,
crossing_90_d_6,269,anchored coarse HGB,0.8,51,0.23270780337302172,
crossing_90_d_6,269,anchored coarse HGB,1.2000000000000002,51,0.36834616781228285,
crossing_90_d_6,269,anchored coarse HGB,1.6,51,0.5125230884291578,
crossing_90_d_6,269,anchored coarse HGB,2.0,51,0.6666554007226052,
crossing_90_d_6,269,anchored coarse HGB,2.4000000000000004,51,0.8349689676421757,
crossing_90_d_6,269,anchored coarse HGB,2.8000000000000003,51,1.0404466431019763,
crossing_90_d_6,269,anchored coarse HGB,3.2,51,1.299015331747369,
crossing_90_d_6,269,GEL-Ped instability guard,0.4,51,0.13695621760600094,0.7560544094670553
crossing_90_d_6,269,GEL-Ped instability guard,0.8,51,0.24011879017736437,0.7504722260486714
crossing_90_d_6,269,GEL-Ped instability guard,1.2000000000000002,51,0.39096017429901603,0.7488968553400247
crossing_90_d_6,269,GEL-Ped instability guard,1.6,51,0.5501223437397177,0.7498271021039278
crossing_90_d_6,269,GEL-Ped instability guard,2.0,51,0.7386581250286233,0.7532830638981671
crossing_90_d_6,269,GEL-Ped instability guard,2.4000000000000004,51,0.9560292623976536,0.7555858468363851
crossing_90_d_6,269,GEL-Ped instability guard,2.8000000000000003,51,1.229456687420933,0.7572794143045953
crossing_90_d_6,269,GEL-Ped instability guard,3.2,51,1.5422031117832373,0.7564522664680744
crossing_90_d_6,309,constant velocity,0.4,59,0.13571713410503072,
crossing_90_d_6,309,constant velocity,0.8,59,0.2388611516577314,
crossing_90_d_6,309,constant velocity,1.2000000000000002,59,0.42956256394975634,
crossing_90_d_6,309,constant velocity,1.6,59,0.6278006470154586,
crossing_90_d_6,309,constant velocity,2.0,59,0.8848898651553625,
crossing_90_d_6,309,constant velocity,2.4000000000000004,59,1.13608348478703,
crossing_90_d_6,309,constant velocity,2.8000000000000003,59,1.397620646014306,
crossing_90_d_6,309,constant velocity,3.2,59,1.6480309891243832,
crossing_90_d_6,309,five-member graph ensemble,0.4,59,0.12841948505248604,
crossing_90_d_6,309,five-member graph ensemble,0.8,59,0.23805053745007598,
crossing_90_d_6,309,five-member graph ensemble,1.2000000000000002,59,0.4187412213650259,
crossing_90_d_6,309,five-member graph ensemble,1.6,59,0.6033522384265466,
crossing_90_d_6,309,five-member graph ensemble,2.0,59,0.8597887090788376,
crossing_90_d_6,309,five-member graph ensemble,2.4000000000000004,59,1.146806335461977,
crossing_90_d_6,309,five-member graph ensemble,2.8000000000000003,59,1.4731411585138254,
crossing_90_d_6,309,five-member graph ensemble,3.2,59,1.8458336530314003,
crossing_90_d_6,309,coordinate-median graph ensemble,0.4,59,0.12889721377183544,
crossing_90_d_6,309,coordinate-median graph ensemble,0.8,59,0.23840839295450209,
crossing_90_d_6,309,coordinate-median graph ensemble,1.2000000000000002,59,0.4189703337325372,
crossing_90_d_6,309,coordinate-median graph ensemble,1.6,59,0.601775239039842,
crossing_90_d_6,309,coordinate-median graph ensemble,2.0,59,0.8550870450002467,
crossing_90_d_6,309,coordinate-median graph ensemble,2.4000000000000004,59,1.1402836833586272,
crossing_90_d_6,309,coordinate-median graph ensemble,2.8000000000000003,59,1.4647392519010143,
crossing_90_d_6,309,coordinate-median graph ensemble,3.2,59,1.837066207916076,
crossing_90_d_6,309,anchored coarse HGB,0.4,59,0.12381344712458835,
crossing_90_d_6,309,anchored coarse HGB,0.8,59,0.22760892985512907,
crossing_90_d_6,309,anchored coarse HGB,1.2000000000000002,59,0.39359487680024996,
crossing_90_d_6,309,anchored coarse HGB,1.6,59,0.5621818789679525,
crossing_90_d_6,309,anchored coarse HGB,2.0,59,0.7748391170536973,
crossing_90_d_6,309,anchored coarse HGB,2.4000000000000004,59,1.014892815884137,
crossing_90_d_6,309,anchored coarse HGB,2.8000000000000003,59,1.2759362281224704,
crossing_90_d_6,309,anchored coarse HGB,3.2,59,1.5788429989800483,
crossing_90_d_6,309,GEL-Ped instability guard,0.4,59,0.12774117319944286,0.755833207979765
crossing_90_d_6,309,GEL-Ped instability guard,0.8,59,0.2366684726832723,0.7654371309124487
crossing_90_d_6,309,GEL-Ped instability guard,1.2000000000000002,59,0.4183556843038589,0.7707781916432791
crossing_90_d_6,309,GEL-Ped instability guard,1.6,59,0.6031312105906155,0.7734828329819485
crossing_90_d_6,309,GEL-Ped instability guard,2.0,59,0.8565416947574767,0.7748216195489942
crossing_90_d_6,309,GEL-Ped instability guard,2.4000000000000004,59,1.1343955401125905,0.7729299431985163
crossing_90_d_6,309,GEL-Ped instability guard,2.8000000000000003,59,1.4512524515781458,0.7693177999956052
crossing_90_d_6,309,GEL-Ped instability guard,3.2,59,1.8021920051769558,0.7667534245369874
crossing_90_d_6,349,constant velocity,0.4,59,0.13645044563291267,
crossing_90_d_6,349,constant velocity,0.8,59,0.21079749906618833,
crossing_90_d_6,349,constant velocity,1.2000000000000002,59,0.3643768370350313,
crossing_90_d_6,349,constant velocity,1.6,59,0.5124799402450122,
crossing_90_d_6,349,constant velocity,2.0,59,0.7108859426646368,
crossing_90_d_6,349,constant velocity,2.4000000000000004,59,0.9210825302296197,
crossing_90_d_6,349,constant velocity,2.8000000000000003,59,1.1634926325672243,
crossing_90_d_6,349,constant velocity,3.2,59,1.416773745168856,
crossing_90_d_6,349,five-member graph ensemble,0.4,59,0.1276151593742523,
crossing_90_d_6,349,five-member graph ensemble,0.8,59,0.20150381989426672,
crossing_90_d_6,349,five-member graph ensemble,1.2000000000000002,59,0.34144933777357855,
crossing_90_d_6,349,five-member graph ensemble,1.6,59,0.4889947997755202,
crossing_90_d_6,349,five-member graph ensemble,2.0,59,0.7138700847955279,
crossing_90_d_6,349,five-member graph ensemble,2.4000000000000004,59,0.9646641643930461,
crossing_90_d_6,349,five-member graph ensemble,2.8000000000000003,59,1.256417919464493,
crossing_90_d_6,349,five-member graph ensemble,3.2,59,1.5958566765940656,
crossing_90_d_6,349,coordinate-median graph ensemble,0.4,59,0.1281422977060611,
crossing_90_d_6,349,coordinate-median graph ensemble,0.8,59,0.203262784251001,
crossing_90_d_6,349,coordinate-median graph ensemble,1.2000000000000002,59,0.34385597012959235,
crossing_90_d_6,349,coordinate-median graph ensemble,1.6,59,0.4931862469632307,
crossing_90_d_6,349,coordinate-median graph ensemble,2.0,59,0.7197543694914293,
crossing_90_d_6,349,coordinate-median graph ensemble,2.4000000000000004,59,0.9698986146601183,
crossing_90_d_6,349,coordinate-median graph ensemble,2.8000000000000003,59,1.2631320626067168,
crossing_90_d_6,349,coordinate-median graph ensemble,3.2,59,1.6035575424115305,
crossing_90_d_6,349,anchored coarse HGB,0.4,59,0.1204308982188319,
crossing_90_d_6,349,anchored coarse HGB,0.8,59,0.18232498435809,
crossing_90_d_6,349,anchored coarse HGB,1.2000000000000002,59,0.30210611989556113,
crossing_90_d_6,349,anchored coarse HGB,1.6,59,0.4288981004974684,
crossing_90_d_6,349,anchored coarse HGB,2.0,59,0.6049277163575969,
crossing_90_d_6,349,anchored coarse HGB,2.4000000000000004,59,0.7912327879093994,
crossing_90_d_6,349,anchored coarse HGB,2.8000000000000003,59,1.0107567212525512,
crossing_90_d_6,349,anchored coarse HGB,3.2,59,1.2475345202275245,
crossing_90_d_6,349,GEL-Ped instability guard,0.4,59,0.12248979050686651,0.7915591820019595
crossing_90_d_6,349,GEL-Ped instability guard,0.8,59,0.18785786154935452,0.8084150357755691
crossing_90_d_6,349,GEL-Ped instability guard,1.2000000000000002,59,0.3142414007973265,0.823067110096741
crossing_90_d_6,349,GEL-Ped instability guard,1.6,59,0.45506390153129667,0.8306533187365672
crossing_90_d_6,349,GEL-Ped instability guard,2.0,59,0.6588560555835201,0.8334177000993732
crossing_90_d_6,349,GEL-Ped instability guard,2.4000000000000004,59,0.8864408495056628,0.8348366592439592
crossing_90_d_6,349,GEL-Ped instability guard,2.8000000000000003,59,1.1465491603779985,0.8335119175740988
crossing_90_d_6,349,GEL-Ped instability guard,3.2,59,1.4476114195859042,0.8311466088253842
crossing_90_d_6,389,constant velocity,0.4,62,0.13999328922588736,
crossing_90_d_6,389,constant velocity,0.8,62,0.2426657103741755,
crossing_90_d_6,389,constant velocity,1.2000000000000002,62,0.4204764876399721,
crossing_90_d_6,389,constant velocity,1.6,62,0.5940861199284097,
crossing_90_d_6,389,constant velocity,2.0,62,0.7933458957167956,
crossing_90_d_6,389,constant velocity,2.4000000000000004,62,1.0153012920802271,
crossing_90_d_6,389,constant velocity,2.8000000000000003,62,1.241344737347491,
crossing_90_d_6,389,constant velocity,3.2,62,1.48248554261593,
crossing_90_d_6,389,five-member graph ensemble,0.4,62,0.13212701924445971,
crossing_90_d_6,389,five-member graph ensemble,0.8,62,0.24276065655825232,
crossing_90_d_6,389,five-member graph ensemble,1.2000000000000002,62,0.4080314606809881,
crossing_90_d_6,389,five-member graph ensemble,1.6,62,0.5820239869137906,
crossing_90_d_6,389,five-member graph ensemble,2.0,62,0.7609013504538719,
crossing_90_d_6,389,five-member graph ensemble,2.4000000000000004,62,0.9702324308255333,
crossing_90_d_6,389,five-member graph ensemble,2.8000000000000003,62,1.1755472290488427,
crossing_90_d_6,389,five-member graph ensemble,3.2,62,1.4243935053528025,
crossing_90_d_6,389,coordinate-median graph ensemble,0.4,62,0.13155162764401462,
crossing_90_d_6,389,coordinate-median graph ensemble,0.8,62,0.24119502844249452,
crossing_90_d_6,389,coordinate-median graph ensemble,1.2000000000000002,62,0.4061739977284818,
crossing_90_d_6,389,coordinate-median graph ensemble,1.6,62,0.5800207459506664,
crossing_90_d_6,389,coordinate-median graph ensemble,2.0,62,0.7584803634717607,
crossing_90_d_6,389,coordinate-median graph ensemble,2.4000000000000004,62,0.964045678623879,
crossing_90_d_6,389,coordinate-median graph ensemble,2.8000000000000003,62,1.168131981937297,
crossing_90_d_6,389,coordinate-median graph ensemble,3.2,62,1.413581826133074,
crossing_90_d_6,389,anchored coarse HGB,0.4,62,0.12033493704994137,
crossing_90_d_6,389,anchored coarse HGB,0.8,62,0.20817340431222217,
crossing_90_d_6,389,anchored coarse HGB,1.2000000000000002,62,0.3424398433668091,
crossing_90_d_6,389,anchored coarse HGB,1.6,62,0.48697987586464914,
crossing_90_d_6,389,anchored coarse HGB,2.0,62,0.632335187428579,
crossing_90_d_6,389,anchored coarse HGB,2.4000000000000004,62,0.8025990435513771,
crossing_90_d_6,389,anchored coarse HGB,2.8000000000000003,62,0.964764491669653,
crossing_90_d_6,389,anchored coarse HGB,3.2,62,1.1666131487877345,
crossing_90_d_6,389,GEL-Ped instability guard,0.4,62,0.1290202838872083,0.7928595143247175
crossing_90_d_6,389,GEL-Ped instability guard,0.8,62,0.22768024728089162,0.8141881088567577
crossing_90_d_6,389,GEL-Ped instability guard,1.2000000000000002,62,0.3782098350645785,0.828383631972771
crossing_90_d_6,389,GEL-Ped instability guard,1.6,62,0.5392153431541452,0.8360338001132439
crossing_90_d_6,389,GEL-Ped instability guard,2.0,62,0.7044515149762469,0.8418751962565125
crossing_90_d_6,389,GEL-Ped instability guard,2.4000000000000004,62,0.8983351295453103,0.8470109985972832
crossing_90_d_6,389,GEL-Ped instability guard,2.8000000000000003,62,1.0913134256096935,0.8500312255680582
crossing_90_d_6,389,GEL-Ped instability guard,3.2,62,1.3331709373573701,0.8516111344822942
crossing_90_d_6,429,constant velocity,0.4,67,0.13674768533016599,
crossing_90_d_6,429,constant velocity,0.8,67,0.23076942062250283,
crossing_90_d_6,429,constant velocity,1.2000000000000002,67,0.4018238896467614,
crossing_90_d_6,429,constant velocity,1.6,67,0.5709198751242507,
crossing_90_d_6,429,constant velocity,2.0,67,0.7698967282527346,
crossing_90_d_6,429,constant velocity,2.4000000000000004,67,0.9633357679017069,
crossing_90_d_6,429,constant velocity,2.8000000000000003,67,1.167709778842637,
crossing_90_d_6,429,constant velocity,3.2,67,1.3727721198144873,
crossing_90_d_6,429,five-member graph ensemble,0.4,67,0.11598101876532084,
crossing_90_d_6,429,five-member graph ensemble,0.8,67,0.19273025897728704,
crossing_90_d_6,429,five-member graph ensemble,1.2000000000000002,67,0.333395791199378,
crossing_90_d_6,429,five-member graph ensemble,1.6,67,0.4894676917099834,
crossing_90_d_6,429,five-member graph ensemble,2.0,67,0.6631376919165036,
crossing_90_d_6,429,five-member graph ensemble,2.4000000000000004,67,0.8545933931113253,
crossing_90_d_6,429,five-member graph ensemble,2.8000000000000003,67,1.098870239440076,
crossing_90_d_6,429,five-member graph ensemble,3.2,67,1.37503126649189,
crossing_90_d_6,429,coordinate-median graph ensemble,0.4,67,0.1154503820133534,
crossing_90_d_6,429,coordinate-median graph ensemble,0.8,67,0.19353437870991613,
crossing_90_d_6,429,coordinate-median graph ensemble,1.2000000000000002,67,0.33603451501683496,
crossing_90_d_6,429,coordinate-median graph ensemble,1.6,67,0.49074190765167763,
crossing_90_d_6,429,coordinate-median graph ensemble,2.0,67,0.6654824809809777,
crossing_90_d_6,429,coordinate-median graph ensemble,2.4000000000000004,67,0.8669831026277391,
crossing_90_d_6,429,coordinate-median graph ensemble,2.8000000000000003,67,1.1165202871596687,
crossing_90_d_6,429,coordinate-median graph ensemble,3.2,67,1.3989666643899568,
crossing_90_d_6,429,anchored coarse HGB,0.4,67,0.11853168529836855,
crossing_90_d_6,429,anchored coarse HGB,0.8,67,0.18770944754165128,
crossing_90_d_6,429,anchored coarse HGB,1.2000000000000002,67,0.3237539516625776,
crossing_90_d_6,429,anchored coarse HGB,1.6,67,0.45828002000564283,
crossing_90_d_6,429,anchored coarse HGB,2.0,67,0.606026598565286,
crossing_90_d_6,429,anchored coarse HGB,2.4000000000000004,67,0.7569279858750063,
crossing_90_d_6,429,anchored coarse HGB,2.8000000000000003,67,0.9477943040304919,
crossing_90_d_6,429,anchored coarse HGB,3.2,67,1.1580966293307486,
crossing_90_d_6,429,GEL-Ped instability guard,0.4,67,0.11716209403177752,0.7965041809047485
crossing_90_d_6,429,GEL-Ped instability guard,0.8,67,0.18897101105305916,0.8166405488594483
crossing_90_d_6,429,GEL-Ped instability guard,1.2000000000000002,67,0.3239839294425257,0.8285319207301388
crossing_90_d_6,429,GEL-Ped instability guard,1.6,67,0.4726829888622319,0.8389609756386321
crossing_90_d_6,429,GEL-Ped instability guard,2.0,67,0.6382524858141941,0.8466508833173559
crossing_90_d_6,429,GEL-Ped instability guard,2.4000000000000004,67,0.8117987825438829,0.8543984767109678
crossing_90_d_6,429,GEL-Ped instability guard,2.8000000000000003,67,1.029345262937504,0.8620194512309007
crossing_90_d_6,429,GEL-Ped instability guard,3.2,67,1.2773512493160646,0.8675851664041271
crossing_90_d_6,469,constant velocity,0.4,70,0.13835513997455212,
crossing_90_d_6,469,constant velocity,0.8,70,0.23635174387131222,
crossing_90_d_6,469,constant velocity,1.2000000000000002,70,0.39204174282258075,
crossing_90_d_6,469,constant velocity,1.6,70,0.5553992512654693,
crossing_90_d_6,469,constant velocity,2.0,70,0.7600679368189266,
crossing_90_d_6,469,constant velocity,2.4000000000000004,70,0.9749727247889621,
crossing_90_d_6,469,constant velocity,2.8000000000000003,70,1.2123129317134262,
crossing_90_d_6,469,constant velocity,3.2,70,1.44956488751831,
crossing_90_d_6,469,five-member graph ensemble,0.4,70,0.12066165389696273,
crossing_90_d_6,469,five-member graph ensemble,0.8,70,0.20390163465581534,
crossing_90_d_6,469,five-member graph ensemble,1.2000000000000002,70,0.33656453246693196,
crossing_90_d_6,469,five-member graph ensemble,1.6,70,0.4878273482477313,
crossing_90_d_6,469,five-member graph ensemble,2.0,70,0.6496982920894883,
crossing_90_d_6,469,five-member graph ensemble,2.4000000000000004,70,0.829615087622709,
crossing_90_d_6,469,five-member graph ensemble,2.8000000000000003,70,1.0464218191136634,
crossing_90_d_6,469,five-member graph ensemble,3.2,70,1.2909408911699431,
crossing_90_d_6,469,coordinate-median graph ensemble,0.4,70,0.12053630913201643,
crossing_90_d_6,469,coordinate-median graph ensemble,0.8,70,0.20334290436354174,
crossing_90_d_6,469,coordinate-median graph ensemble,1.2000000000000002,70,0.33630756705248144,
crossing_90_d_6,469,coordinate-median graph ensemble,1.6,70,0.48498260014792,
crossing_90_d_6,469,coordinate-median graph ensemble,2.0,70,0.6446985716694694,
crossing_90_d_6,469,coordinate-median graph ensemble,2.4000000000000004,70,0.8214077159470575,
crossing_90_d_6,469,coordinate-median graph ensemble,2.8000000000000003,70,1.0393732309207233,
crossing_90_d_6,469,coordinate-median graph ensemble,3.2,70,1.2829171713441359,
crossing_90_d_6,469,anchored coarse HGB,0.4,70,0.11778823045496718,
crossing_90_d_6,469,anchored coarse HGB,0.8,70,0.19455570616655035,
crossing_90_d_6,469,anchored coarse HGB,1.2000000000000002,70,0.31356204094628254,
crossing_90_d_6,469,anchored coarse HGB,1.6,70,0.43802694900985956,
crossing_90_d_6,469,anchored coarse HGB,2.0,70,0.5682664035629238,
crossing_90_d_6,469,anchored coarse HGB,2.4000000000000004,70,0.706101730800232,
crossing_90_d_6,469,anchored coarse HGB,2.8000000000000003,70,0.8667972187217673,
crossing_90_d_6,469,anchored coarse HGB,3.2,70,1.0493057262657095,
crossing_90_d_6,469,GEL-Ped instability guard,0.4,70,0.1167438690172595,0.8156316300647318
crossing_90_d_6,469,GEL-Ped instability guard,0.8,70,0.19409553235687782,0.825400403453658
crossing_90_d_6,469,GEL-Ped instability guard,1.2000000000000002,70,0.31849886473345357,0.8353971084069259
crossing_90_d_6,469,GEL-Ped instability guard,1.6,70,0.456713565961238,0.8461462382815513
crossing_90_d_6,469,GEL-Ped instability guard,2.0,70,0.6050676833702429,0.8547510720632356
crossing_90_d_6,469,GEL-Ped instability guard,2.4000000000000004,70,0.7652318509425808,0.8626955891856495
crossing_90_d_6,469,GEL-Ped instability guard,2.8000000000000003,70,0.960387558467927,0.8670526568258011
crossing_90_d_6,469,GEL-Ped instability guard,3.2,70,1.187191840673454,0.8681740183975273
crossing_90_d_6,509,constant velocity,0.4,80,0.15142621943735413,
crossing_90_d_6,509,constant velocity,0.8,80,0.2592667320118055,
crossing_90_d_6,509,constant velocity,1.2000000000000002,80,0.38910107167613345,
crossing_90_d_6,509,constant velocity,1.6,80,0.5552910667627899,
crossing_90_d_6,509,constant velocity,2.0,80,0.7131125724592071,
crossing_90_d_6,509,constant velocity,2.4000000000000004,80,0.9085629054711883,
crossing_90_d_6,509,constant velocity,2.8000000000000003,80,1.10826691473885,
crossing_90_d_6,509,constant velocity,3.2,80,1.327925703263153,
crossing_90_d_6,509,five-member graph ensemble,0.4,80,0.12044378473340753,
crossing_90_d_6,509,five-member graph ensemble,0.8,80,0.19871242517315388,
crossing_90_d_6,509,five-member graph ensemble,1.2000000000000002,80,0.30334777608759356,
crossing_90_d_6,509,five-member graph ensemble,1.6,80,0.4410456565431925,
crossing_90_d_6,509,five-member graph ensemble,2.0,80,0.5967114548872361,
crossing_90_d_6,509,five-member graph ensemble,2.4000000000000004,80,0.8178020548215837,
crossing_90_d_6,509,five-member graph ensemble,2.8000000000000003,80,1.0538895991997834,
crossing_90_d_6,509,five-member graph ensemble,3.2,80,1.3330620693766284,
crossing_90_d_6,509,coordinate-median graph ensemble,0.4,80,0.12020164054115842,
crossing_90_d_6,509,coordinate-median graph ensemble,0.8,80,0.19790747092962563,
crossing_90_d_6,509,coordinate-median graph ensemble,1.2000000000000002,80,0.301572951364235,
crossing_90_d_6,509,coordinate-median graph ensemble,1.6,80,0.4388252686598265,
crossing_90_d_6,509,coordinate-median graph ensemble,2.0,80,0.5918590745038612,
crossing_90_d_6,509,coordinate-median graph ensemble,2.4000000000000004,80,0.8132452416378151,
crossing_90_d_6,509,coordinate-median graph ensemble,2.8000000000000003,80,1.0473791868783289,
crossing_90_d_6,509,coordinate-median graph ensemble,3.2,80,1.3240343466060998,
crossing_90_d_6,509,anchored coarse HGB,0.4,80,0.12518431444706624,
crossing_90_d_6,509,anchored coarse HGB,0.8,80,0.20540729715802875,
crossing_90_d_6,509,anchored coarse HGB,1.2000000000000002,80,0.3104686418510834,
crossing_90_d_6,509,anchored coarse HGB,1.6,80,0.43833607336277947,
crossing_90_d_6,509,anchored coarse HGB,2.0,80,0.5831521068008925,
crossing_90_d_6,509,anchored coarse HGB,2.4000000000000004,80,0.77966082832582,
crossing_90_d_6,509,anchored coarse HGB,2.8000000000000003,80,0.9880146913833776,
crossing_90_d_6,509,anchored coarse HGB,3.2,80,1.2387162817964215,
crossing_90_d_6,509,GEL-Ped instability guard,0.4,80,0.12135736305059305,0.8704150192118656
crossing_90_d_6,509,GEL-Ped instability guard,0.8,80,0.19730210323711006,0.8883428707331453
crossing_90_d_6,509,GEL-Ped instability guard,1.2000000000000002,80,0.29765531726776384,0.9038544731569877
crossing_90_d_6,509,GEL-Ped instability guard,1.6,80,0.4316522762965963,0.9123693978987855
crossing_90_d_6,509,GEL-Ped instability guard,2.0,80,0.5779364910569476,0.917035619497876
crossing_90_d_6,509,GEL-Ped instability guard,2.4000000000000004,80,0.7915719057930908,0.9188079114855529
crossing_90_d_6,509,GEL-Ped instability guard,2.8000000000000003,80,1.0183086254803495,0.9189272633752614
crossing_90_d_6,509,GEL-Ped instability guard,3.2,80,1.289447744273915,0.9181414350806301
crossing_90_d_7,59,constant velocity,0.4,4,0.24824665015779473,
crossing_90_d_7,59,constant velocity,0.8,4,0.49311646232904804,
crossing_90_d_7,59,constant velocity,1.2000000000000002,4,0.748057548304036,
crossing_90_d_7,59,constant velocity,1.6,4,0.8973758164123024,
crossing_90_d_7,59,constant velocity,2.0,4,1.0624655421627234,
crossing_90_d_7,59,constant velocity,2.4000000000000004,4,1.2461177060764859,
crossing_90_d_7,59,constant velocity,2.8000000000000003,4,1.4077371134981855,
crossing_90_d_7,59,constant velocity,3.2,4,1.606052081390279,
crossing_90_d_7,59,five-member graph ensemble,0.4,4,0.2653329457938564,
crossing_90_d_7,59,five-member graph ensemble,0.8,4,0.5485421645244355,
crossing_90_d_7,59,five-member graph ensemble,1.2000000000000002,4,0.8739264482288439,
crossing_90_d_7,59,five-member graph ensemble,1.6,4,1.115654485951067,
crossing_90_d_7,59,five-member graph ensemble,2.0,4,1.4063019625581736,
crossing_90_d_7,59,five-member graph ensemble,2.4000000000000004,4,1.7582463856587658,
crossing_90_d_7,59,five-member graph ensemble,2.8000000000000003,4,2.12790454051967,
crossing_90_d_7,59,five-member graph ensemble,3.2,4,2.618448917970017,
crossing_90_d_7,59,coordinate-median graph ensemble,0.4,4,0.26441013270182046,
crossing_90_d_7,59,coordinate-median graph ensemble,0.8,4,0.5479670065336872,
crossing_90_d_7,59,coordinate-median graph ensemble,1.2000000000000002,4,0.8731345983174408,
crossing_90_d_7,59,coordinate-median graph ensemble,1.6,4,1.11273830364274,
crossing_90_d_7,59,coordinate-median graph ensemble,2.0,4,1.405421011925493,
crossing_90_d_7,59,coordinate-median graph ensemble,2.4000000000000004,4,1.7550461162504583,
crossing_90_d_7,59,coordinate-median graph ensemble,2.8000000000000003,4,2.1177742348522757,
crossing_90_d_7,59,coordinate-median graph ensemble,3.2,4,2.598435279422308,
crossing_90_d_7,59,anchored coarse HGB,0.4,4,0.2589968590437589,
crossing_90_d_7,59,anchored coarse HGB,0.8,4,0.5296471610266821,
crossing_90_d_7,59,anchored coarse HGB,1.2000000000000002,4,0.8242963451901508,
crossing_90_d_7,59,anchored coarse HGB,1.6,4,1.0263306385220228,
crossing_90_d_7,59,anchored coarse HGB,2.0,4,1.262725537922965,
crossing_90_d_7,59,anchored coarse HGB,2.4000000000000004,4,1.5258396978748638,
crossing_90_d_7,59,anchored coarse HGB,2.8000000000000003,4,1.7771440391368014,
crossing_90_d_7,59,anchored coarse HGB,3.2,4,2.0784960874661134,
crossing_90_d_7,59,GEL-Ped instability guard,0.4,4,0.26340469370472974,0.8550060407687264
crossing_90_d_7,59,GEL-Ped instability guard,0.8,4,0.5404404700741821,0.8618737953780893
crossing_90_d_7,59,GEL-Ped instability guard,1.2000000000000002,4,0.8582791040683855,0.8513198791592259
crossing_90_d_7,59,GEL-Ped instability guard,1.6,4,1.0887249504058905,0.84041530759356
crossing_90_d_7,59,GEL-Ped instability guard,2.0,4,1.3624662050927925,0.8306106948478025
crossing_90_d_7,59,GEL-Ped instability guard,2.4000000000000004,4,1.6860251150200147,0.8041504276942398
crossing_90_d_7,59,GEL-Ped instability guard,2.8000000000000003,4,2.006789087264765,0.7834989643756104
crossing_90_d_7,59,GEL-Ped instability guard,3.2,4,2.4110748493590455,0.7508497724992997
crossing_90_d_7,99,constant velocity,0.4,21,0.09454309729492313,
crossing_90_d_7,99,constant velocity,0.8,21,0.19351360794929875,
crossing_90_d_7,99,constant velocity,1.2000000000000002,21,0.32277441151552955,
crossing_90_d_7,99,constant velocity,1.6,21,0.5736757544360801,
crossing_90_d_7,99,constant velocity,2.0,21,0.7603104398161765,
crossing_90_d_7,99,constant velocity,2.4000000000000004,21,0.941799410510056,
crossing_90_d_7,99,constant velocity,2.8000000000000003,21,1.1058651883845627,
crossing_90_d_7,99,constant velocity,3.2,21,1.2118070265018162,
crossing_90_d_7,99,five-member graph ensemble,0.4,21,0.10632012740621641,
crossing_90_d_7,99,five-member graph ensemble,0.8,21,0.21329563910163768,
crossing_90_d_7,99,five-member graph ensemble,1.2000000000000002,21,0.32632323681750447,
crossing_90_d_7,99,five-member graph ensemble,1.6,21,0.5587416842230094,
crossing_90_d_7,99,five-member graph ensemble,2.0,21,0.7655977803786332,
crossing_90_d_7,99,five-member graph ensemble,2.4000000000000004,21,1.0247158895192359,
crossing_90_d_7,99,five-member graph ensemble,2.8000000000000003,21,1.291300632552078,
crossing_90_d_7,99,five-member graph ensemble,3.2,21,1.5886772305056176,
crossing_90_d_7,99,coordinate-median graph ensemble,0.4,21,0.10731799567787093,
crossing_90_d_7,99,coordinate-median graph ensemble,0.8,21,0.2158874335147615,
crossing_90_d_7,99,coordinate-median graph ensemble,1.2000000000000002,21,0.3298083397935421,
crossing_90_d_7,99,coordinate-median graph ensemble,1.6,21,0.5690923056968928,
crossing_90_d_7,99,coordinate-median graph ensemble,2.0,21,0.7815527834908549,
crossing_90_d_7,99,coordinate-median graph ensemble,2.4000000000000004,21,1.042337394040731,
crossing_90_d_7,99,coordinate-median graph ensemble,2.8000000000000003,21,1.3113339061983367,
crossing_90_d_7,99,coordinate-median graph ensemble,3.2,21,1.6160762704934533,
crossing_90_d_7,99,anchored coarse HGB,0.4,21,0.09104928735471374,
crossing_90_d_7,99,anchored coarse HGB,0.8,21,0.18489298562842005,
crossing_90_d_7,99,anchored coarse HGB,1.2000000000000002,21,0.2836124160015864,
crossing_90_d_7,99,anchored coarse HGB,1.6,21,0.49943010531873955,
crossing_90_d_7,99,anchored coarse HGB,2.0,21,0.6534289352309971,
crossing_90_d_7,99,anchored coarse HGB,2.4000000000000004,21,0.7908465741556069,
crossing_90_d_7,99,anchored coarse HGB,2.8000000000000003,21,0.8882871425678541,
crossing_90_d_7,99,anchored coarse HGB,3.2,21,0.9286358326085479,
crossing_90_d_7,99,GEL-Ped instability guard,0.4,21,0.10216208168441514,0.6734868240918146
crossing_90_d_7,99,GEL-Ped instability guard,0.8,21,0.19911524413389622,0.6299154305930572
crossing_90_d_7,99,GEL-Ped instability guard,1.2000000000000002,21,0.29528688036478573,0.5921771905495027
crossing_90_d_7,99,GEL-Ped instability guard,1.6,21,0.4968231917764453,0.5646821938020632
crossing_90_d_7,99,GEL-Ped instability guard,2.0,21,0.6542455420791778,0.538490420400527
crossing_90_d_7,99,GEL-Ped instability guard,2.4000000000000004,21,0.8264857129098996,0.5062845770165335
crossing_90_d_7,99,GEL-Ped instability guard,2.8000000000000003,21,0.9778282856857933,0.48027189420894517
crossing_90_d_7,99,GEL-Ped instability guard,3.2,21,1.110731249723997,0.46090917446145585
crossing_90_d_7,139,constant velocity,0.4,36,0.16115140776694703,
crossing_90_d_7,139,constant velocity,0.8,36,0.3137622513449738,
crossing_90_d_7,139,constant velocity,1.2000000000000002,36,0.5529037414965239,
crossing_90_d_7,139,constant velocity,1.6,36,0.8166449929135832,
crossing_90_d_7,139,constant velocity,2.0,36,1.0994769665150244,
crossing_90_d_7,139,constant velocity,2.4000000000000004,36,1.3611717740458777,
crossing_90_d_7,139,constant velocity,2.8000000000000003,36,1.5754753574262774,
crossing_90_d_7,139,constant velocity,3.2,36,1.7548648603645605,
crossing_90_d_7,139,five-member graph ensemble,0.4,36,0.1524845591640507,
crossing_90_d_7,139,five-member graph ensemble,0.8,36,0.278423637134283,
crossing_90_d_7,139,five-member graph ensemble,1.2000000000000002,36,0.4735196217715947,
crossing_90_d_7,139,five-member graph ensemble,1.6,36,0.6515798650772588,
crossing_90_d_7,139,five-member graph ensemble,2.0,36,0.8640174265026981,
crossing_90_d_7,139,five-member graph ensemble,2.4000000000000004,36,1.0998521178619316,
crossing_90_d_7,139,five-member graph ensemble,2.8000000000000003,36,1.3696582437471667,
crossing_90_d_7,139,five-member graph ensemble,3.2,36,1.6917610973224622,
crossing_90_d_7,139,coordinate-median graph ensemble,0.4,36,0.15270121308097342,
crossing_90_d_7,139,coordinate-median graph ensemble,0.8,36,0.27992805296811896,
crossing_90_d_7,139,coordinate-median graph ensemble,1.2000000000000002,36,0.4756826368284394,
crossing_90_d_7,139,coordinate-median graph ensemble,1.6,36,0.6526070926054873,
crossing_90_d_7,139,coordinate-median graph ensemble,2.0,36,0.8652303570406766,
crossing_90_d_7,139,coordinate-median graph ensemble,2.4000000000000004,36,1.1029841267607592,
crossing_90_d_7,139,coordinate-median graph ensemble,2.8000000000000003,36,1.3804781167880784,
crossing_90_d_7,139,coordinate-median graph ensemble,3.2,36,1.7104513855848527,
crossing_90_d_7,139,anchored coarse HGB,0.4,36,0.1463103337039488,
crossing_90_d_7,139,anchored coarse HGB,0.8,36,0.28011203539120416,
crossing_90_d_7,139,anchored coarse HGB,1.2000000000000002,36,0.48381217507911917,
crossing_90_d_7,139,anchored coarse HGB,1.6,36,0.6961223435400601,
crossing_90_d_7,139,anchored coarse HGB,2.0,36,0.9186467349057084,
crossing_90_d_7,139,anchored coarse HGB,2.4000000000000004,36,1.1317929535348847,
crossing_90_d_7,139,anchored coarse HGB,2.8000000000000003,36,1.3244166307062963,
crossing_90_d_7,139,anchored coarse HGB,3.2,36,1.4911133208375746,
crossing_90_d_7,139,GEL-Ped instability guard,0.4,36,0.14859932667211034,0.6555471046379338
crossing_90_d_7,139,GEL-Ped instability guard,0.8,36,0.27251944037493314,0.6481701509205047
crossing_90_d_7,139,GEL-Ped instability guard,1.2000000000000002,36,0.46932062574503025,0.6380431651598817
crossing_90_d_7,139,GEL-Ped instability guard,1.6,36,0.651169618015429,0.6196031486519253
crossing_90_d_7,139,GEL-Ped instability guard,2.0,36,0.8482316012928833,0.5965734864313064
crossing_90_d_7,139,GEL-Ped instability guard,2.4000000000000004,36,1.0498447476790405,0.5748900016363853
crossing_90_d_7,139,GEL-Ped instability guard,2.8000000000000003,36,1.2458735553313565,0.555024713766683
crossing_90_d_7,139,GEL-Ped instability guard,3.2,36,1.4793520793050916,0.546390972404987
crossing_90_d_7,179,constant velocity,0.4,53,0.13562041717928022,
crossing_90_d_7,179,constant velocity,0.8,53,0.270148211572638,
crossing_90_d_7,179,constant velocity,1.2000000000000002,53,0.4576306145483736,
crossing_90_d_7,179,constant velocity,1.6,53,0.682643901748841,
crossing_90_d_7,179,constant velocity,2.0,53,0.9137547498267463,
crossing_90_d_7,179,constant velocity,2.4000000000000004,53,1.1760491646409168,
crossing_90_d_7,179,constant velocity,2.8000000000000003,53,1.4786774619668253,
crossing_90_d_7,179,constant velocity,3.2,53,1.7872236150284013,
crossing_90_d_7,179,five-member graph ensemble,0.4,53,0.12501728436775036,
crossing_90_d_7,179,five-member graph ensemble,0.8,53,0.23918042022807975,
crossing_90_d_7,179,five-member graph ensemble,1.2000000000000002,53,0.39569886597644705,
crossing_90_d_7,179,five-member graph ensemble,1.6,53,0.5726701274472132,
crossing_90_d_7,179,five-member graph ensemble,2.0,53,0.7850751841852232,
crossing_90_d_7,179,five-member graph ensemble,2.4000000000000004,53,1.008726500501457,
crossing_90_d_7,179,five-member graph ensemble,2.8000000000000003,53,1.2697171551738975,
crossing_90_d_7,179,five-member graph ensemble,3.2,53,1.5604665315563389,
crossing_90_d_7,179,coordinate-median graph ensemble,0.4,53,0.12463779092207353,
crossing_90_d_7,179,coordinate-median graph ensemble,0.8,53,0.23808745331717335,
crossing_90_d_7,179,coordinate-median graph ensemble,1.2000000000000002,53,0.39311912683117123,
crossing_90_d_7,179,coordinate-median graph ensemble,1.6,53,0.5700631188278225,
crossing_90_d_7,179,coordinate-median graph ensemble,2.0,53,0.7839365192878787,
crossing_90_d_7,179,coordinate-median graph ensemble,2.4000000000000004,53,1.008970775494924,
crossing_90_d_7,179,coordinate-median graph ensemble,2.8000000000000003,53,1.2708618295881107,
crossing_90_d_7,179,coordinate-median graph ensemble,3.2,53,1.5672466268897658,
crossing_90_d_7,179,anchored coarse HGB,0.4,53,0.1250629085633408,
crossing_90_d_7,179,anchored coarse HGB,0.8,53,0.24764913259779137,
crossing_90_d_7,179,anchored coarse HGB,1.2000000000000002,53,0.41212477538103376,
crossing_90_d_7,179,anchored coarse HGB,1.6,53,0.601419155561431,
crossing_90_d_7,179,anchored coarse HGB,2.0,53,0.7916562989355347,
crossing_90_d_7,179,anchored coarse HGB,2.4000000000000004,53,0.9910622673842048,
crossing_90_d_7,179,anchored coarse HGB,2.8000000000000003,53,1.216699914942332,
crossing_90_d_7,179,anchored coarse HGB,3.2,53,1.4618515219887998,
crossing_90_d_7,179,GEL-Ped instability guard,0.4,53,0.12495528885532078,0.7861123126106375
crossing_90_d_7,179,GEL-Ped instability guard,0.8,53,0.24458634371130897,0.8046596701933402
crossing_90_d_7,179,GEL-Ped instability guard,1.2000000000000002,53,0.40444699806739537,0.8032572826418876
crossing_90_d_7,179,GEL-Ped instability guard,1.6,53,0.5836708762586795,0.8008792462234673
crossing_90_d_7,179,GEL-Ped instability guard,2.0,53,0.7844266729898587,0.79599014270866
crossing_90_d_7,179,GEL-Ped instability guard,2.4000000000000004,53,0.9933631510018336,0.7870261034753271
crossing_90_d_7,179,GEL-Ped instability guard,2.8000000000000003,53,1.2355890861931247,0.7769243420021779
crossing_90_d_7,179,GEL-Ped instability guard,3.2,53,1.5026325181269522,0.7681182183537679
crossing_90_d_7,219,constant velocity,0.4,64,0.1297386202404059,
crossing_90_d_7,219,constant velocity,0.8,64,0.2712998758467331,
crossing_90_d_7,219,constant velocity,1.2000000000000002,64,0.4652892346784112,
crossing_90_d_7,219,constant velocity,1.6,64,0.6729855712967681,
crossing_90_d_7,219,constant velocity,2.0,64,0.9209435282421972,
crossing_90_d_7,219,constant velocity,2.4000000000000004,64,1.187785342146598,
crossing_90_d_7,219,constant velocity,2.8000000000000003,64,1.4717076357413803,
crossing_90_d_7,219,constant velocity,3.2,64,1.7385588005589203,
crossing_90_d_7,219,five-member graph ensemble,0.4,64,0.1172556086903514,
crossing_90_d_7,219,five-member graph ensemble,0.8,64,0.2242164121079556,
crossing_90_d_7,219,five-member graph ensemble,1.2000000000000002,64,0.35105066406074803,
crossing_90_d_7,219,five-member graph ensemble,1.6,64,0.4515116765959476,
crossing_90_d_7,219,five-member graph ensemble,2.0,64,0.5717097957765194,
crossing_90_d_7,219,five-member graph ensemble,2.4000000000000004,64,0.7020195176556295,
crossing_90_d_7,219,five-member graph ensemble,2.8000000000000003,64,0.8743252557709802,
crossing_90_d_7,219,five-member graph ensemble,3.2,64,1.071141585801855,
crossing_90_d_7,219,coordinate-median graph ensemble,0.4,64,0.11728603661980777,
crossing_90_d_7,219,coordinate-median graph ensemble,0.8,64,0.22472107265903993,
crossing_90_d_7,219,coordinate-median graph ensemble,1.2000000000000002,64,0.35228813683333077,
crossing_90_d_7,219,coordinate-median graph ensemble,1.6,64,0.45342468508667566,
crossing_90_d_7,219,coordinate-median graph ensemble,2.0,64,0.573530560077495,
crossing_90_d_7,219,coordinate-median graph ensemble,2.4000000000000004,64,0.7023797908253371,
crossing_90_d_7,219,coordinate-median graph ensemble,2.8000000000000003,64,0.878469230639884,
crossing_90_d_7,219,coordinate-median graph ensemble,3.2,64,1.0789113530453194,
crossing_90_d_7,219,anchored coarse HGB,0.4,64,0.11679918163539207,
crossing_90_d_7,219,anchored coarse HGB,0.8,64,0.23247821289221968,
crossing_90_d_7,219,anchored coarse HGB,1.2000000000000002,64,0.3680788852806576,
crossing_90_d_7,219,anchored coarse HGB,1.6,64,0.48339686944613175,
crossing_90_d_7,219,anchored coarse HGB,2.0,64,0.6065045535302842,
crossing_90_d_7,219,anchored coarse HGB,2.4000000000000004,64,0.729952638390523,
crossing_90_d_7,219,anchored coarse HGB,2.8000000000000003,64,0.8542125122255321,
crossing_90_d_7,219,anchored coarse HGB,3.2,64,0.9726556333564144,
crossing_90_d_7,219,GEL-Ped instability guard,0.4,64,0.11580731718425255,0.8096366250648301
crossing_90_d_7,219,GEL-Ped instability guard,0.8,64,0.22552440670537732,0.8058798732167932
crossing_90_d_7,219,GEL-Ped instability guard,1.2000000000000002,64,0.35358934170231165,0.8002052769525466
crossing_90_d_7,219,GEL-Ped instability guard,1.6,64,0.4574527936724766,0.7956084803612133
crossing_90_d_7,219,GEL-Ped instability guard,2.0,64,0.5724080111527431,0.791589245173346
crossing_90_d_7,219,GEL-Ped instability guard,2.4000000000000004,64,0.6872629751734647,0.7836904347091993
crossing_90_d_7,219,GEL-Ped instability guard,2.8000000000000003,64,0.8300882885467564,0.7776931736250108
crossing_90_d_7,219,GEL-Ped instability guard,3.2,64,0.9834288330928763,0.7729268616780012
crossing_90_d_7,259,constant velocity,0.4,75,0.14068973653748248,
crossing_90_d_7,259,constant velocity,0.8,75,0.2573778338212938,
crossing_90_d_7,259,constant velocity,1.2000000000000002,75,0.43534274249159843,
crossing_90_d_7,259,constant velocity,1.6,75,0.6295863595575965,
crossing_90_d_7,259,constant velocity,2.0,75,0.8655214063720651,
crossing_90_d_7,259,constant velocity,2.4000000000000004,75,1.13227347151811,
crossing_90_d_7,259,constant velocity,2.8000000000000003,75,1.4245730097525529,
crossing_90_d_7,259,constant velocity,3.2,75,1.7397552435824362,
crossing_90_d_7,259,five-member graph ensemble,0.4,75,0.12149873543064811,
crossing_90_d_7,259,five-member graph ensemble,0.8,75,0.20170024539125422,
crossing_90_d_7,259,five-member graph ensemble,1.2000000000000002,75,0.3157641521650403,
crossing_90_d_7,259,five-member graph ensemble,1.6,75,0.43869627245483656,
crossing_90_d_7,259,five-member graph ensemble,2.0,75,0.5909420569932142,
crossing_90_d_7,259,five-member graph ensemble,2.4000000000000004,75,0.7890789894315702,
crossing_90_d_7,259,five-member graph ensemble,2.8000000000000003,75,1.008499034297456,
crossing_90_d_7,259,five-member graph ensemble,3.2,75,1.2813615724834462,
crossing_90_d_7,259,coordinate-median graph ensemble,0.4,75,0.12139417838642362,
crossing_90_d_7,259,coordinate-median graph ensemble,0.8,75,0.2024807863252085,
crossing_90_d_7,259,coordinate-median graph ensemble,1.2000000000000002,75,0.3157228223420438,
crossing_90_d_7,259,coordinate-median graph ensemble,1.6,75,0.4385788064711376,
crossing_90_d_7,259,coordinate-median graph ensemble,2.0,75,0.5888066468832405,
crossing_90_d_7,259,coordinate-median graph ensemble,2.4000000000000004,75,0.7872759168838034,
crossing_90_d_7,259,coordinate-median graph ensemble,2.8000000000000003,75,1.0045890046649695,
crossing_90_d_7,259,coordinate-median graph ensemble,3.2,75,1.2801899653034288,
crossing_90_d_7,259,anchored coarse HGB,0.4,75,0.1248071527933717,
crossing_90_d_7,259,anchored coarse HGB,0.8,75,0.217444118272678,
crossing_90_d_7,259,anchored coarse HGB,1.2000000000000002,75,0.340364351525078,
crossing_90_d_7,259,anchored coarse HGB,1.6,75,0.46850843524368163,
crossing_90_d_7,259,anchored coarse HGB,2.0,75,0.6196536579329291,
crossing_90_d_7,259,anchored coarse HGB,2.4000000000000004,75,0.8067671032620598,
crossing_90_d_7,259,anchored coarse HGB,2.8000000000000003,75,1.0249359016399415,
crossing_90_d_7,259,anchored coarse HGB,3.2,75,1.278095811173334,
crossing_90_d_7,259,GEL-Ped instability guard,0.4,75,0.12158860449998346,0.8438209995657924
crossing_90_d_7,259,GEL-Ped instability guard,0.8,75,0.20418978527185677,0.8505358116461195
crossing_90_d_7,259,GEL-Ped instability guard,1.2000000000000002,75,0.3185559414688081,0.8601312439105607
crossing_90_d_7,259,GEL-Ped instability guard,1.6,75,0.4445420763878952,0.8676850443113193
crossing_90_d_7,259,GEL-Ped instability guard,2.0,75,0.600453811079385,0.871931577757809
crossing_90_d_7,259,GEL-Ped instability guard,2.4000000000000004,75,0.8028683534995695,0.871697833246985
crossing_90_d_7,259,GEL-Ped instability guard,2.8000000000000003,75,1.032007521868578,0.8694921485609163
crossing_90_d_7,259,GEL-Ped instability guard,3.2,75,1.3159237442202112,0.8643166785522371
crossing_90_d_7,299,constant velocity,0.4,87,0.1334548325186396,
crossing_90_d_7,299,constant velocity,0.8,87,0.22625255207042927,
crossing_90_d_7,299,constant velocity,1.2000000000000002,87,0.4034755790514172,
crossing_90_d_7,299,constant velocity,1.6,87,0.5978135497657068,
crossing_90_d_7,299,constant velocity,2.0,87,0.8314710569715894,
crossing_90_d_7,299,constant velocity,2.4000000000000004,87,1.0846913634918414,
crossing_90_d_7,299,constant velocity,2.8000000000000003,87,1.3444450491876512,
crossing_90_d_7,299,constant velocity,3.2,87,1.6138898186488997,
crossing_90_d_7,299,five-member graph ensemble,0.4,87,0.11668169535703822,
crossing_90_d_7,299,five-member graph ensemble,0.8,87,0.19482415116350085,
crossing_90_d_7,299,five-member graph ensemble,1.2000000000000002,87,0.3273772280272567,
crossing_90_d_7,299,five-member graph ensemble,1.6,87,0.5080419604182613,
crossing_90_d_7,299,five-member graph ensemble,2.0,87,0.7204485108116048,
crossing_90_d_7,299,five-member graph ensemble,2.4000000000000004,87,0.9731838812959126,
crossing_90_d_7,299,five-member graph ensemble,2.8000000000000003,87,1.2561597287734048,
crossing_90_d_7,299,five-member graph ensemble,3.2,87,1.5820833658503772,
crossing_90_d_7,299,coordinate-median graph ensemble,0.4,87,0.1164353029807645,
crossing_90_d_7,299,coordinate-median graph ensemble,0.8,87,0.19512655260923625,
crossing_90_d_7,299,coordinate-median graph ensemble,1.2000000000000002,87,0.3275361219878036,
crossing_90_d_7,299,coordinate-median graph ensemble,1.6,87,0.5103264848025199,
crossing_90_d_7,299,coordinate-median graph ensemble,2.0,87,0.7228750518200018,
crossing_90_d_7,299,coordinate-median graph ensemble,2.4000000000000004,87,0.9744605589426385,
crossing_90_d_7,299,coordinate-median graph ensemble,2.8000000000000003,87,1.2555285116746848,
crossing_90_d_7,299,coordinate-median graph ensemble,3.2,87,1.5811259985130082,
crossing_90_d_7,299,anchored coarse HGB,0.4,87,0.11780836298983367,
crossing_90_d_7,299,anchored coarse HGB,0.8,87,0.19180914848633346,
crossing_90_d_7,299,anchored coarse HGB,1.2000000000000002,87,0.321914821825458,
crossing_90_d_7,299,anchored coarse HGB,1.6,87,0.4897743959473557,
crossing_90_d_7,299,anchored coarse HGB,2.0,87,0.685046625428996,
crossing_90_d_7,299,anchored coarse HGB,2.4000000000000004,87,0.8966874735233277,
crossing_90_d_7,299,anchored coarse HGB,2.8000000000000003,87,1.1308262564216003,
crossing_90_d_7,299,anchored coarse HGB,3.2,87,1.3887225886393926,
crossing_90_d_7,299,GEL-Ped instability guard,0.4,87,0.11728397365137654,0.7730719257138137
crossing_90_d_7,299,GEL-Ped instability guard,0.8,87,0.19244038516634335,0.7969202799612929
crossing_90_d_7,299,GEL-Ped instability guard,1.2000000000000002,87,0.3177090340572201,0.815969012630482
crossing_90_d_7,299,GEL-Ped instability guard,1.6,87,0.48854623072259296,0.8286261098169441
crossing_90_d_7,299,GEL-Ped instability guard,2.0,87,0.6884128674559314,0.8381750047191661
crossing_90_d_7,299,GEL-Ped instability guard,2.4000000000000004,87,0.9220302951002917,0.8479262021363537
crossing_90_d_7,299,GEL-Ped instability guard,2.8000000000000003,87,1.1846414015126396,0.8542944930108897
crossing_90_d_7,299,GEL-Ped instability guard,3.2,87,1.4873658722566405,0.8572727406425182
crossing_90_d_7,339,constant velocity,0.4,86,0.1418378055845098,
crossing_90_d_7,339,constant velocity,0.8,86,0.23850599395309063,
crossing_90_d_7,339,constant velocity,1.2000000000000002,86,0.4099632631990311,
crossing_90_d_7,339,constant velocity,1.6,86,0.6037679460300255,
crossing_90_d_7,339,constant velocity,2.0,86,0.8064619816674269,
crossing_90_d_7,339,constant velocity,2.4000000000000004,86,1.0350799862222144,
crossing_90_d_7,339,constant velocity,2.8000000000000003,86,1.2683409534511254,
crossing_90_d_7,339,constant velocity,3.2,86,1.5160516247916915,
crossing_90_d_7,339,five-member graph ensemble,0.4,86,0.1285747819176654,
crossing_90_d_7,339,five-member graph ensemble,0.8,86,0.210938687744007,
crossing_90_d_7,339,five-member graph ensemble,1.2000000000000002,86,0.36520178838646533,
crossing_90_d_7,339,five-member graph ensemble,1.6,86,0.561195340146763,
crossing_90_d_7,339,five-member graph ensemble,2.0,86,0.7750166099002098,
crossing_90_d_7,339,five-member graph ensemble,2.4000000000000004,86,1.036623740504766,
crossing_90_d_7,339,five-member graph ensemble,2.8000000000000003,86,1.3042728818895037,
crossing_90_d_7,339,five-member graph ensemble,3.2,86,1.6156796227907844,
crossing_90_d_7,339,coordinate-median graph ensemble,0.4,86,0.12880469280866041,
crossing_90_d_7,339,coordinate-median graph ensemble,0.8,86,0.21073333750804063,
crossing_90_d_7,339,coordinate-median graph ensemble,1.2000000000000002,86,0.36654126220207295,
crossing_90_d_7,339,coordinate-median graph ensemble,1.6,86,0.5646539871491729,
crossing_90_d_7,339,coordinate-median graph ensemble,2.0,86,0.7797313673708052,
crossing_90_d_7,339,coordinate-median graph ensemble,2.4000000000000004,86,1.0420153596225161,
crossing_90_d_7,339,coordinate-median graph ensemble,2.8000000000000003,86,1.3117648876131118,
crossing_90_d_7,339,coordinate-median graph ensemble,3.2,86,1.6256842390312949,
crossing_90_d_7,339,anchored coarse HGB,0.4,86,0.12937090622532169,
crossing_90_d_7,339,anchored coarse HGB,0.8,86,0.20795650956622563,
crossing_90_d_7,339,anchored coarse HGB,1.2000000000000002,86,0.3540576405831673,
crossing_90_d_7,339,anchored coarse HGB,1.6,86,0.5183588334290242,
crossing_90_d_7,339,anchored coarse HGB,2.0,86,0.7015815377055218,
crossing_90_d_7,339,anchored coarse HGB,2.4000000000000004,86,0.9063665451657517,
crossing_90_d_7,339,anchored coarse HGB,2.8000000000000003,86,1.1127182980054688,
crossing_90_d_7,339,anchored coarse HGB,3.2,86,1.3556050624141212,
crossing_90_d_7,339,GEL-Ped instability guard,0.4,86,0.12735062278832937,0.7858618599590086
crossing_90_d_7,339,GEL-Ped instability guard,0.8,86,0.20847242402649224,0.804523049903469
crossing_90_d_7,339,GEL-Ped instability guard,1.2000000000000002,86,0.35598592554786246,0.8179952436338037
crossing_90_d_7,339,GEL-Ped instability guard,1.6,86,0.5319439786965515,0.8305351284447714
crossing_90_d_7,339,GEL-Ped instability guard,2.0,86,0.7231895324497034,0.8412879140574399
crossing_90_d_7,339,GEL-Ped instability guard,2.4000000000000004,86,0.9525488567079687,0.8509698922079059
crossing_90_d_7,339,GEL-Ped instability guard,2.8000000000000003,86,1.188541052502333,0.8586519348938326
crossing_90_d_7,339,GEL-Ped instability guard,3.2,86,1.4709396858394874,0.864534969673977
crossing_90_d_7,379,constant velocity,0.4,97,0.14305427590983505,
crossing_90_d_7,379,constant velocity,0.8,97,0.23016710593636816,
crossing_90_d_7,379,constant velocity,1.2000000000000002,97,0.3727440607852881,
crossing_90_d_7,379,constant velocity,1.6,97,0.526620647198369,
crossing_90_d_7,379,constant velocity,2.0,97,0.7005532915743959,
crossing_90_d_7,379,constant velocity,2.4000000000000004,97,0.9027369000173694,
crossing_90_d_7,379,constant velocity,2.8000000000000003,97,1.1187663075384995,
crossing_90_d_7,379,constant velocity,3.2,97,1.336451930176998,
crossing_90_d_7,379,five-member graph ensemble,0.4,97,0.1262448400739044,
crossing_90_d_7,379,five-member graph ensemble,0.8,97,0.20582981421297894,
crossing_90_d_7,379,five-member graph ensemble,1.2000000000000002,97,0.35287552825905016,
crossing_90_d_7,379,five-member graph ensemble,1.6,97,0.518877450192324,
crossing_90_d_7,379,five-member graph ensemble,2.0,97,0.7162332777528366,
crossing_90_d_7,379,five-member graph ensemble,2.4000000000000004,97,0.9417139810783555,
crossing_90_d_7,379,five-member graph ensemble,2.8000000000000003,97,1.1782473447685136,
crossing_90_d_7,379,five-member graph ensemble,3.2,97,1.42394233417178,
crossing_90_d_7,379,coordinate-median graph ensemble,0.4,97,0.12595015975761353,
crossing_90_d_7,379,coordinate-median graph ensemble,0.8,97,0.20501843277705542,
crossing_90_d_7,379,coordinate-median graph ensemble,1.2000000000000002,97,0.3508527219475841,
crossing_90_d_7,379,coordinate-median graph ensemble,1.6,97,0.5153880714444947,
crossing_90_d_7,379,coordinate-median graph ensemble,2.0,97,0.7116460082134076,
crossing_90_d_7,379,coordinate-median graph ensemble,2.4000000000000004,97,0.9358892714852369,
crossing_90_d_7,379,coordinate-median graph ensemble,2.8000000000000003,97,1.1692090685659229,
crossing_90_d_7,379,coordinate-median graph ensemble,3.2,97,1.4145363440802374,
crossing_90_d_7,379,anchored coarse HGB,0.4,97,0.12762289181125036,
crossing_90_d_7,379,anchored coarse HGB,0.8,97,0.19821359368083885,
crossing_90_d_7,379,anchored coarse HGB,1.2000000000000002,97,0.3306275793712089,
crossing_90_d_7,379,anchored coarse HGB,1.6,97,0.4658291737621202,
crossing_90_d_7,379,anchored coarse HGB,2.0,97,0.6381848265616854,
crossing_90_d_7,379,anchored coarse HGB,2.4000000000000004,97,0.8298693825630856,
crossing_90_d_7,379,anchored coarse HGB,2.8000000000000003,97,1.0344252985833318,
crossing_90_d_7,379,anchored coarse HGB,3.2,97,1.244108515956762,
crossing_90_d_7,379,GEL-Ped instability guard,0.4,97,0.12653481983261236,0.8605952316280471
crossing_90_d_7,379,GEL-Ped instability guard,0.8,97,0.20212290137826128,0.8813264809544071
crossing_90_d_7,379,GEL-Ped instability guard,1.2000000000000002,97,0.341630714540761,0.897700585619662
crossing_90_d_7,379,GEL-Ped instability guard,1.6,97,0.4921483440739476,0.9059596736815172
crossing_90_d_7,379,GEL-Ped instability guard,2.0,97,0.6746562511655889,0.9103400702302352
crossing_90_d_7,379,GEL-Ped instability guard,2.4000000000000004,97,0.8865069371762787,0.9123599485876692
crossing_90_d_7,379,GEL-Ped instability guard,2.8000000000000003,97,1.1087173769559493,0.9125781557138557
crossing_90_d_7,379,GEL-Ped instability guard,3.2,97,1.3398372238429186,0.9124979113606253
crossing_90_d_7,419,constant velocity,0.4,102,0.12763074076898162,
crossing_90_d_7,419,constant velocity,0.8,102,0.22548953008725778,
crossing_90_d_7,419,constant velocity,1.2000000000000002,102,0.34314650118922413,
crossing_90_d_7,419,constant velocity,1.6,102,0.4819046937469605,
crossing_90_d_7,419,constant velocity,2.0,102,0.6229006878389303,
crossing_90_d_7,419,constant velocity,2.4000000000000004,102,0.7991801065487826,
crossing_90_d_7,419,constant velocity,2.8000000000000003,102,0.98163208635008,
crossing_90_d_7,419,constant velocity,3.2,102,1.1878408586733376,
crossing_90_d_7,419,five-member graph ensemble,0.4,102,0.10832403898986816,
crossing_90_d_7,419,five-member graph ensemble,0.8,102,0.18685289257802137,
crossing_90_d_7,419,five-member graph ensemble,1.2000000000000002,102,0.2820398142735196,
crossing_90_d_7,419,five-member graph ensemble,1.6,102,0.40767595080511027,
crossing_90_d_7,419,five-member graph ensemble,2.0,102,0.5480681477394865,
crossing_90_d_7,419,five-member graph ensemble,2.4000000000000004,102,0.7308172579323671,
crossing_90_d_7,419,five-member graph ensemble,2.8000000000000003,102,0.9310530005085945,
crossing_90_d_7,419,five-member graph ensemble,3.2,102,1.1598569649540729,
crossing_90_d_7,419,coordinate-median graph ensemble,0.4,102,0.10823125977417551,
crossing_90_d_7,419,coordinate-median graph ensemble,0.8,102,0.1867348981488254,
crossing_90_d_7,419,coordinate-median graph ensemble,1.2000000000000002,102,0.28164831816890107,
crossing_90_d_7,419,coordinate-median graph ensemble,1.6,102,0.406152286243996,
crossing_90_d_7,419,coordinate-median graph ensemble,2.0,102,0.5457099479426781,
crossing_90_d_7,419,coordinate-median graph ensemble,2.4000000000000004,102,0.7278033051478773,
crossing_90_d_7,419,coordinate-median graph ensemble,2.8000000000000003,102,0.9269569364521323,
crossing_90_d_7,419,coordinate-median graph ensemble,3.2,102,1.1561957612665656,
crossing_90_d_7,419,anchored coarse HGB,0.4,102,0.10695238767266263,
crossing_90_d_7,419,anchored coarse HGB,0.8,102,0.1808281826930984,
crossing_90_d_7,419,anchored coarse HGB,1.2000000000000002,102,0.2674520434212087,
crossing_90_d_7,419,anchored coarse HGB,1.6,102,0.3713855548231022,
crossing_90_d_7,419,anchored coarse HGB,2.0,102,0.48321768391686676,
crossing_90_d_7,419,anchored coarse HGB,2.4000000000000004,102,0.6436817620021019,
crossing_90_d_7,419,anchored coarse HGB,2.8000000000000003,102,0.810787122305435,
crossing_90_d_7,419,anchored coarse HGB,3.2,102,1.0037284327645395,
crossing_90_d_7,419,GEL-Ped instability guard,0.4,102,0.10740573933507615,0.8434777525194912
crossing_90_d_7,419,GEL-Ped instability guard,0.8,102,0.18095214795127157,0.864306821773889
crossing_90_d_7,419,GEL-Ped instability guard,1.2000000000000002,102,0.2716977518975002,0.8780462636891455
crossing_90_d_7,419,GEL-Ped instability guard,1.6,102,0.3914512690072517,0.888086611393074
crossing_90_d_7,419,GEL-Ped instability guard,2.0,102,0.524221137735075,0.8955055733661516
crossing_90_d_7,419,GEL-Ped instability guard,2.4000000000000004,102,0.702273883929054,0.9011332143851657
crossing_90_d_7,419,GEL-Ped instability guard,2.8000000000000003,102,0.8948532400983276,0.9063048919522633
crossing_90_d_7,419,GEL-Ped instability guard,3.2,102,1.1128176805058763,0.909497263996919
crossing_90_d_7,459,constant velocity,0.4,111,0.14779956609660633,
crossing_90_d_7,459,constant velocity,0.8,111,0.24745023448995648,
crossing_90_d_7,459,constant velocity,1.2000000000000002,111,0.389089602115991,
crossing_90_d_7,459,constant velocity,1.6,111,0.5557895328691961,
crossing_90_d_7,459,constant velocity,2.0,111,0.7039548039995106,
crossing_90_d_7,459,constant velocity,2.4000000000000004,111,0.869759769893916,
crossing_90_d_7,459,constant velocity,2.8000000000000003,111,1.0311681164854363,
crossing_90_d_7,459,constant velocity,3.2,111,1.2042713487011687,
crossing_90_d_7,459,five-member graph ensemble,0.4,111,0.12184673586507888,
crossing_90_d_7,459,five-member graph ensemble,0.8,111,0.20910299101233235,
crossing_90_d_7,459,five-member graph ensemble,1.2000000000000002,111,0.33733609057697395,
crossing_90_d_7,459,five-member graph ensemble,1.6,111,0.49352523382861324,
crossing_90_d_7,459,five-member graph ensemble,2.0,111,0.6673522669793304,
crossing_90_d_7,459,five-member graph ensemble,2.4000000000000004,111,0.872472885623672,
crossing_90_d_7,459,five-member graph ensemble,2.8000000000000003,111,1.0901424828659465,
crossing_90_d_7,459,five-member graph ensemble,3.2,111,1.3155799219036672,
crossing_90_d_7,459,coordinate-median graph ensemble,0.4,111,0.12217818844162003,
crossing_90_d_7,459,coordinate-median graph ensemble,0.8,111,0.2091738299368702,
crossing_90_d_7,459,coordinate-median graph ensemble,1.2000000000000002,111,0.33806468638583664,
crossing_90_d_7,459,coordinate-median graph ensemble,1.6,111,0.49446601543516827,
crossing_90_d_7,459,coordinate-median graph ensemble,2.0,111,0.6706058588023531,
crossing_90_d_7,459,coordinate-median graph ensemble,2.4000000000000004,111,0.878884727560693,
crossing_90_d_7,459,coordinate-median graph ensemble,2.8000000000000003,111,1.1017615303143542,
crossing_90_d_7,459,coordinate-median graph ensemble,3.2,111,1.3312537320541518,
crossing_90_d_7,459,anchored coarse HGB,0.4,111,0.12075482980885541,
crossing_90_d_7,459,anchored coarse HGB,0.8,111,0.20056197926492877,
crossing_90_d_7,459,anchored coarse HGB,1.2000000000000002,111,0.30896087144049217,
crossing_90_d_7,459,anchored coarse HGB,1.6,111,0.4338357024414855,
crossing_90_d_7,459,anchored coarse HGB,2.0,111,0.5693861662200591,
crossing_90_d_7,459,anchored coarse HGB,2.4000000000000004,111,0.7252960236568279,
crossing_90_d_7,459,anchored coarse HGB,2.8000000000000003,111,0.887247563981816,
crossing_90_d_7,459,anchored coarse HGB,3.2,111,1.0505791078923472,
crossing_90_d_7,459,GEL-Ped instability guard,0.4,111,0.1201312234556064,0.8222552877718236
crossing_90_d_7,459,GEL-Ped instability guard,0.8,111,0.20397408483536045,0.8425367526002135
crossing_90_d_7,459,GEL-Ped instability guard,1.2000000000000002,111,0.32126889096886857,0.856669093067337
crossing_90_d_7,459,GEL-Ped instability guard,1.6,111,0.46342534739963404,0.8668955935870967
crossing_90_d_7,459,GEL-Ped instability guard,2.0,111,0.6138788769837386,0.8746652600185705
crossing_90_d_7,459,GEL-Ped instability guard,2.4000000000000004,111,0.7922717821010173,0.8805966331189183
crossing_90_d_7,459,GEL-Ped instability guard,2.8000000000000003,111,0.9750999058971723,0.8848159664725342
crossing_90_d_7,459,GEL-Ped instability guard,3.2,111,1.1636723087796261,0.887876175810246
crossing_90_d_7,499,constant velocity,0.4,117,0.14480088216866535,
crossing_90_d_7,499,constant velocity,0.8,117,0.2336889180672043,
crossing_90_d_7,499,constant velocity,1.2000000000000002,117,0.35256866533837883,
crossing_90_d_7,499,constant velocity,1.6,117,0.4869482901896536,
crossing_90_d_7,499,constant velocity,2.0,117,0.6227683541411001,
crossing_90_d_7,499,constant velocity,2.4000000000000004,117,0.7767378471023849,
crossing_90_d_7,499,constant velocity,2.8000000000000003,117,0.9432859883556445,
crossing_90_d_7,499,constant velocity,3.2,117,1.1131943731460776,
crossing_90_d_7,499,five-member graph ensemble,0.4,117,0.12589311300662007,
crossing_90_d_7,499,five-member graph ensemble,0.8,117,0.20785334222587654,
crossing_90_d_7,499,five-member graph ensemble,1.2000000000000002,117,0.32890509177332566,
crossing_90_d_7,499,five-member graph ensemble,1.6,117,0.4607506036445387,
crossing_90_d_7,499,five-member graph ensemble,2.0,117,0.6047193436855983,
crossing_90_d_7,499,five-member graph ensemble,2.4000000000000004,117,0.7770803214199579,
crossing_90_d_7,499,five-member graph ensemble,2.8000000000000003,117,0.9609820559455758,
crossing_90_d_7,499,five-member graph ensemble,3.2,117,1.1540321483528837,
crossing_90_d_7,499,coordinate-median graph ensemble,0.4,117,0.12642100542051185,
crossing_90_d_7,499,coordinate-median graph ensemble,0.8,117,0.2079788554412687,
crossing_90_d_7,499,coordinate-median graph ensemble,1.2000000000000002,117,0.32981984059618225,
crossing_90_d_7,499,coordinate-median graph ensemble,1.6,117,0.46198508841996455,
crossing_90_d_7,499,coordinate-median graph ensemble,2.0,117,0.6076006070146105,
crossing_90_d_7,499,coordinate-median graph ensemble,2.4000000000000004,117,0.7810609312174681,
crossing_90_d_7,499,coordinate-median graph ensemble,2.8000000000000003,117,0.965739170884023,
crossing_90_d_7,499,coordinate-median graph ensemble,3.2,117,1.1602162397406761,
crossing_90_d_7,499,anchored coarse HGB,0.4,117,0.12447772800580785,
crossing_90_d_7,499,anchored coarse HGB,0.8,117,0.20358148381702748,
crossing_90_d_7,499,anchored coarse HGB,1.2000000000000002,117,0.3155107976991223,
crossing_90_d_7,499,anchored coarse HGB,1.6,117,0.4330648448766364,
crossing_90_d_7,499,anchored coarse HGB,2.0,117,0.5557386485561872,
crossing_90_d_7,499,anchored coarse HGB,2.4000000000000004,117,0.7057935469424806,
crossing_90_d_7,499,anchored coarse HGB,2.8000000000000003,117,0.8601695221624706,
crossing_90_d_7,499,anchored coarse HGB,3.2,117,1.017723597074852,
crossing_90_d_7,499,GEL-Ped instability guard,0.4,117,0.12337156920330919,0.8942632386960163
crossing_90_d_7,499,GEL-Ped instability guard,0.8,117,0.2014708701071784,0.9143921250737622
crossing_90_d_7,499,GEL-Ped instability guard,1.2000000000000002,117,0.31795447130057564,0.9243702429525856
crossing_90_d_7,499,GEL-Ped instability guard,1.6,117,0.4448347179347099,0.9310452888990152
crossing_90_d_7,499,GEL-Ped instability guard,2.0,117,0.583569035047324,0.9356209203513585
crossing_90_d_7,499,GEL-Ped instability guard,2.4000000000000004,117,0.750653239480067,0.9384331867979098
crossing_90_d_7,499,GEL-Ped instability guard,2.8000000000000003,117,0.926790980579196,0.940162679272977
crossing_90_d_7,499,GEL-Ped instability guard,3.2,117,1.1127652438556292,0.9407748914448874
crossing_90_d_8,67,constant velocity,0.4,5,0.17438076893131915,
crossing_90_d_8,67,constant velocity,0.8,5,0.3960959679126946,
crossing_90_d_8,67,constant velocity,1.2000000000000002,5,0.7165022305448963,
crossing_90_d_8,67,constant velocity,1.6,5,1.0347401528749582,
crossing_90_d_8,67,constant velocity,2.0,5,1.33782643509474,
crossing_90_d_8,67,constant velocity,2.4000000000000004,5,1.6607868909715584,
crossing_90_d_8,67,constant velocity,2.8000000000000003,5,1.8905181348257094,
crossing_90_d_8,67,constant velocity,3.2,5,1.9701996396275987,
crossing_90_d_8,67,five-member graph ensemble,0.4,5,0.1926020000794419,
crossing_90_d_8,67,five-member graph ensemble,0.8,5,0.4649327114173003,
crossing_90_d_8,67,five-member graph ensemble,1.2000000000000002,5,0.8655227493526277,
crossing_90_d_8,67,five-member graph ensemble,1.6,5,1.2821106197380043,
crossing_90_d_8,67,five-member graph ensemble,2.0,5,1.718615981518139,
crossing_90_d_8,67,five-member graph ensemble,2.4000000000000004,5,2.2205087580338394,
crossing_90_d_8,67,five-member graph ensemble,2.8000000000000003,5,2.6795785945744464,
crossing_90_d_8,67,five-member graph ensemble,3.2,5,3.059936673673563,
crossing_90_d_8,67,coordinate-median graph ensemble,0.4,5,0.19175503027764493,
crossing_90_d_8,67,coordinate-median graph ensemble,0.8,5,0.46364190894076884,
crossing_90_d_8,67,coordinate-median graph ensemble,1.2000000000000002,5,0.8629121151613386,
crossing_90_d_8,67,coordinate-median graph ensemble,1.6,5,1.2779078202179863,
crossing_90_d_8,67,coordinate-median graph ensemble,2.0,5,1.7137599144311888,
crossing_90_d_8,67,coordinate-median graph ensemble,2.4000000000000004,5,2.2226828218958863,
crossing_90_d_8,67,coordinate-median graph ensemble,2.8000000000000003,5,2.6942982915553264,
crossing_90_d_8,67,coordinate-median graph ensemble,3.2,5,3.1003906381124504,
crossing_90_d_8,67,anchored coarse HGB,0.4,5,0.18090842309117713,
crossing_90_d_8,67,anchored coarse HGB,0.8,5,0.42793861648482323,
crossing_90_d_8,67,anchored coarse HGB,1.2000000000000002,5,0.7848564701343216,
crossing_90_d_8,67,anchored coarse HGB,1.6,5,1.1556573247168465,
crossing_90_d_8,67,anchored coarse HGB,2.0,5,1.5256409886039841,
crossing_90_d_8,67,anchored coarse HGB,2.4000000000000004,5,1.9280376711066345,
crossing_90_d_8,67,anchored coarse HGB,2.8000000000000003,5,2.2617215424117108,
crossing_90_d_8,67,anchored coarse HGB,3.2,5,2.4391417504586173,
crossing_90_d_8,67,GEL-Ped instability guard,0.4,5,0.19163440424984143,0.6305258962778642
crossing_90_d_8,67,GEL-Ped instability guard,0.8,5,0.4579200011512395,0.6653764779408282
crossing_90_d_8,67,GEL-Ped instability guard,1.2000000000000002,5,0.8469966028986727,0.6965310870371013
crossing_90_d_8,67,GEL-Ped instability guard,1.6,5,1.252750263072196,0.7243231409238902
crossing_90_d_8,67,GEL-Ped instability guard,2.0,5,1.6730477127674745,0.7266153373620103
crossing_90_d_8,67,GEL-Ped instability guard,2.4000000000000004,5,2.1519344691700453,0.7143448220872869
crossing_90_d_8,67,GEL-Ped instability guard,2.8000000000000003,5,2.5700482229631367,0.6901081710040275
crossing_90_d_8,67,GEL-Ped instability guard,3.2,5,2.8744360527159243,0.6454610930431188
crossing_90_d_8,107,constant velocity,0.4,31,0.1345183003899129,
crossing_90_d_8,107,constant velocity,0.8,31,0.27084991991607327,
crossing_90_d_8,107,constant velocity,1.2000000000000002,31,0.407739527033782,
crossing_90_d_8,107,constant velocity,1.6,31,0.5744534510916229,
crossing_90_d_8,107,constant velocity,2.0,31,0.7753712449374235,
crossing_90_d_8,107,constant velocity,2.4000000000000004,31,1.0066500077956355,
crossing_90_d_8,107,constant velocity,2.8000000000000003,31,1.1700556399055466,
crossing_90_d_8,107,constant velocity,3.2,31,1.3167119912914567,
crossing_90_d_8,107,five-member graph ensemble,0.4,31,0.13209853750207656,
crossing_90_d_8,107,five-member graph ensemble,0.8,31,0.27929789081572937,
crossing_90_d_8,107,five-member graph ensemble,1.2000000000000002,31,0.4353741479259385,
crossing_90_d_8,107,five-member graph ensemble,1.6,31,0.5816534187837091,
crossing_90_d_8,107,five-member graph ensemble,2.0,31,0.7084530213539257,
crossing_90_d_8,107,five-member graph ensemble,2.4000000000000004,31,0.8339357967203993,
crossing_90_d_8,107,five-member graph ensemble,2.8000000000000003,31,0.9624245642880603,
crossing_90_d_8,107,five-member graph ensemble,3.2,31,1.159152153980669,
crossing_90_d_8,107,coordinate-median graph ensemble,0.4,31,0.1324335811815417,
crossing_90_d_8,107,coordinate-median graph ensemble,0.8,31,0.28049038297660533,
crossing_90_d_8,107,coordinate-median graph ensemble,1.2000000000000002,31,0.43852198735065023,
crossing_90_d_8,107,coordinate-median graph ensemble,1.6,31,0.5854795819483379,
crossing_90_d_8,107,coordinate-median graph ensemble,2.0,31,0.7230666291049539,
crossing_90_d_8,107,coordinate-median graph ensemble,2.4000000000000004,31,0.8556291887457332,
crossing_90_d_8,107,coordinate-median graph ensemble,2.8000000000000003,31,0.9889037206697812,
crossing_90_d_8,107,coordinate-median graph ensemble,3.2,31,1.19903339641159,
crossing_90_d_8,107,anchored coarse HGB,0.4,31,0.13201986443724614,
crossing_90_d_8,107,anchored coarse HGB,0.8,31,0.2720035523366885,
crossing_90_d_8,107,anchored coarse HGB,1.2000000000000002,31,0.42473985790449903,
crossing_90_d_8,107,anchored coarse HGB,1.6,31,0.5769529722687672,
crossing_90_d_8,107,anchored coarse HGB,2.0,31,0.7149332046489306,
crossing_90_d_8,107,anchored coarse HGB,2.4000000000000004,31,0.846544908662338,
crossing_90_d_8,107,anchored coarse HGB,2.8000000000000003,31,0.9030627175541361,
crossing_90_d_8,107,anchored coarse HGB,3.2,31,0.9411641772349206,
crossing_90_d_8,107,GEL-Ped instability guard,0.4,31,0.13364110244487645,0.4727678335984709
crossing_90_d_8,107,GEL-Ped instability guard,0.8,31,0.2775507257655983,0.50730370821648
crossing_90_d_8,107,GEL-Ped instability guard,1.2000000000000002,31,0.43415966608596424,0.5206871065569724
crossing_90_d_8,107,GEL-Ped instability guard,1.6,31,0.5817762611641115,0.5175736780844796
crossing_90_d_8,107,GEL-Ped instability guard,2.0,31,0.7068672127577461,0.5009810220872237
crossing_90_d_8,107,GEL-Ped instability guard,2.4000000000000004,31,0.8146859218502133,0.47291932039605467
crossing_90_d_8,107,GEL-Ped instability guard,2.8000000000000003,31,0.8749353161051949,0.44695299785135995
crossing_90_d_8,107,GEL-Ped instability guard,3.2,31,0.9564855231347323,0.4263260969514772
crossing_90_d_8,147,constant velocity,0.4,56,0.1288260826977771,
crossing_90_d_8,147,constant velocity,0.8,56,0.25862621415353576,
crossing_90_d_8,147,constant velocity,1.2000000000000002,56,0.4443695185314191,
crossing_90_d_8,147,constant velocity,1.6,56,0.6960432051661636,
crossing_90_d_8,147,constant velocity,2.0,56,0.9527936039901894,
crossing_90_d_8,147,constant velocity,2.4000000000000004,56,1.234958362796044,
crossing_90_d_8,147,constant velocity,2.8000000000000003,56,1.4919754915113133,
crossing_90_d_8,147,constant velocity,3.2,56,1.7569263583897272,
crossing_90_d_8,147,five-member graph ensemble,0.4,56,0.12623346210165964,
crossing_90_d_8,147,five-member graph ensemble,0.8,56,0.22252382441741972,
crossing_90_d_8,147,five-member graph ensemble,1.2000000000000002,56,0.33133108576993603,
crossing_90_d_8,147,five-member graph ensemble,1.6,56,0.4522782561365088,
crossing_90_d_8,147,five-member graph ensemble,2.0,56,0.5486197778085492,
crossing_90_d_8,147,five-member graph ensemble,2.4000000000000004,56,0.6734605881720872,
crossing_90_d_8,147,five-member graph ensemble,2.8000000000000003,56,0.8801106715025983,
crossing_90_d_8,147,five-member graph ensemble,3.2,56,1.1288702411109497,
crossing_90_d_8,147,coordinate-median graph ensemble,0.4,56,0.12709743811531882,
crossing_90_d_8,147,coordinate-median graph ensemble,0.8,56,0.22433922914744828,
crossing_90_d_8,147,coordinate-median graph ensemble,1.2000000000000002,56,0.33257515497552287,
crossing_90_d_8,147,coordinate-median graph ensemble,1.6,56,0.4555142260447501,
crossing_90_d_8,147,coordinate-median graph ensemble,2.0,56,0.5486748978799383,
crossing_90_d_8,147,coordinate-median graph ensemble,2.4000000000000004,56,0.6710674276431491,
crossing_90_d_8,147,coordinate-median graph ensemble,2.8000000000000003,56,0.8726714606478962,
crossing_90_d_8,147,coordinate-median graph ensemble,3.2,56,1.1180350574687876,
crossing_90_d_8,147,anchored coarse HGB,0.4,56,0.12525947543354493,
crossing_90_d_8,147,anchored coarse HGB,0.8,56,0.23226513340805627,
crossing_90_d_8,147,anchored coarse HGB,1.2000000000000002,56,0.3691644938952556,
crossing_90_d_8,147,anchored coarse HGB,1.6,56,0.5171978567598962,
crossing_90_d_8,147,anchored coarse HGB,2.0,56,0.6432494807003776,
crossing_90_d_8,147,anchored coarse HGB,2.4000000000000004,56,0.7471727458607023,
crossing_90_d_8,147,anchored coarse HGB,2.8000000000000003,56,0.8581482092110796,
crossing_90_d_8,147,anchored coarse HGB,3.2,56,0.9990370795618644,
crossing_90_d_8,147,GEL-Ped instability guard,0.4,56,0.12859579690321063,0.5285434232061493
crossing_90_d_8,147,GEL-Ped instability guard,0.8,56,0.23025402126975458,0.5340925302207535
crossing_90_d_8,147,GEL-Ped instability guard,1.2000000000000002,56,0.35741360618493173,0.5285448239608437
crossing_90_d_8,147,GEL-Ped instability guard,1.6,56,0.49867923180948026,0.5196262377813979
crossing_90_d_8,147,GEL-Ped instability guard,2.0,56,0.6045165346701074,0.5091251917534179
crossing_90_d_8,147,GEL-Ped instability guard,2.4000000000000004,56,0.7024683655862665,0.4999456610007236
crossing_90_d_8,147,GEL-Ped instability guard,2.8000000000000003,56,0.8300801261663514,0.49622508237856694
crossing_90_d_8,147,GEL-Ped instability guard,3.2,56,0.9676989917833279,0.5019095182377838
crossing_90_d_8,187,constant velocity,0.4,79,0.15519568348654206,
crossing_90_d_8,187,constant velocity,0.8,79,0.3164777280676813,
crossing_90_d_8,187,constant velocity,1.2000000000000002,79,0.5494457707270318,
crossing_90_d_8,187,constant velocity,1.6,79,0.8168163551263857,
crossing_90_d_8,187,constant velocity,2.0,79,1.1207249009359328,
crossing_90_d_8,187,constant velocity,2.4000000000000004,79,1.4566466466218282,
crossing_90_d_8,187,constant velocity,2.8000000000000003,79,1.7772540642574182,
crossing_90_d_8,187,constant velocity,3.2,79,2.0986969020636588,
crossing_90_d_8,187,five-member graph ensemble,0.4,79,0.12992199279287242,
crossing_90_d_8,187,five-member graph ensemble,0.8,79,0.22893421670910286,
crossing_90_d_8,187,five-member graph ensemble,1.2000000000000002,79,0.3652700038559691,
crossing_90_d_8,187,five-member graph ensemble,1.6,79,0.5008363632633281,
crossing_90_d_8,187,five-member graph ensemble,2.0,79,0.6690593795239311,
crossing_90_d_8,187,five-member graph ensemble,2.4000000000000004,79,0.8769687957781432,
crossing_90_d_8,187,five-member graph ensemble,2.8000000000000003,79,1.127863903081488,
crossing_90_d_8,187,five-member graph ensemble,3.2,79,1.4219583191806802,
crossing_90_d_8,187,coordinate-median graph ensemble,0.4,79,0.13010478620165933,
crossing_90_d_8,187,coordinate-median graph ensemble,0.8,79,0.22958567731553026,
crossing_90_d_8,187,coordinate-median graph ensemble,1.2000000000000002,79,0.3651478428861107,
crossing_90_d_8,187,coordinate-median graph ensemble,1.6,79,0.5008609677268043,
crossing_90_d_8,187,coordinate-median graph ensemble,2.0,79,0.6679013437943544,
crossing_90_d_8,187,coordinate-median graph ensemble,2.4000000000000004,79,0.8771665941714188,
crossing_90_d_8,187,coordinate-median graph ensemble,2.8000000000000003,79,1.1308528150434263,
crossing_90_d_8,187,coordinate-median graph ensemble,3.2,79,1.4294130669806904,
crossing_90_d_8,187,anchored coarse HGB,0.4,79,0.13451643186499668,
crossing_90_d_8,187,anchored coarse HGB,0.8,79,0.25268478846768366,
crossing_90_d_8,187,anchored coarse HGB,1.2000000000000002,79,0.4111661404464723,
crossing_90_d_8,187,anchored coarse HGB,1.6,79,0.5843292408700802,
crossing_90_d_8,187,anchored coarse HGB,2.0,79,0.767805000715822,
crossing_90_d_8,187,anchored coarse HGB,2.4000000000000004,79,0.9772175748651976,
crossing_90_d_8,187,anchored coarse HGB,2.8000000000000003,79,1.1591579291942256,
crossing_90_d_8,187,anchored coarse HGB,3.2,79,1.3480764537251952,
crossing_90_d_8,187,GEL-Ped instability guard,0.4,79,0.1338912838250264,0.5716610903576094
crossing_90_d_8,187,GEL-Ped instability guard,0.8,79,0.24100985293742933,0.5660464577087789
crossing_90_d_8,187,GEL-Ped instability guard,1.2000000000000002,79,0.3844488398891292,0.5603150936271568
crossing_90_d_8,187,GEL-Ped instability guard,1.6,79,0.5332809715432731,0.5560644409649758
crossing_90_d_8,187,GEL-Ped instability guard,2.0,79,0.6923858018762316,0.5499415568010149
crossing_90_d_8,187,GEL-Ped instability guard,2.4000000000000004,79,0.8841271430347792,0.5472953893533908
crossing_90_d_8,187,GEL-Ped instability guard,2.8000000000000003,79,1.077931013036765,0.546901814192677
crossing_90_d_8,187,GEL-Ped instability guard,3.2,79,1.2896431976745537,0.5531805358126188
crossing_90_d_8,227,constant velocity,0.4,91,0.1465928003790786,
crossing_90_d_8,227,constant velocity,0.8,91,0.2955024104750269,
crossing_90_d_8,227,constant velocity,1.2000000000000002,91,0.5088638698774598,
crossing_90_d_8,227,constant velocity,1.6,91,0.7305798388890108,
crossing_90_d_8,227,constant velocity,2.0,91,0.9875542535255825,
crossing_90_d_8,227,constant velocity,2.4000000000000004,91,1.2761620532749178,
crossing_90_d_8,227,constant velocity,2.8000000000000003,91,1.6008305064979538,
crossing_90_d_8,227,constant velocity,3.2,91,1.939757593642222,
crossing_90_d_8,227,five-member graph ensemble,0.4,91,0.12270904115506845,
crossing_90_d_8,227,five-member graph ensemble,0.8,91,0.2110163267351471,
crossing_90_d_8,227,five-member graph ensemble,1.2000000000000002,91,0.33003347655499854,
crossing_90_d_8,227,five-member graph ensemble,1.6,91,0.4530112445091177,
crossing_90_d_8,227,five-member graph ensemble,2.0,91,0.6000598555800004,
crossing_90_d_8,227,five-member graph ensemble,2.4000000000000004,91,0.7774426550689251,
crossing_90_d_8,227,five-member graph ensemble,2.8000000000000003,91,0.9721418809890039,
crossing_90_d_8,227,five-member graph ensemble,3.2,91,1.1909178832338565,
crossing_90_d_8,227,coordinate-median graph ensemble,0.4,91,0.12279702746287861,
crossing_90_d_8,227,coordinate-median graph ensemble,0.8,91,0.2109149643362868,
crossing_90_d_8,227,coordinate-median graph ensemble,1.2000000000000002,91,0.329378197849202,
crossing_90_d_8,227,coordinate-median graph ensemble,1.6,91,0.4509476593807426,
crossing_90_d_8,227,coordinate-median graph ensemble,2.0,91,0.5958362155470863,
crossing_90_d_8,227,coordinate-median graph ensemble,2.4000000000000004,91,0.7724755093251455,
crossing_90_d_8,227,coordinate-median graph ensemble,2.8000000000000003,91,0.9660992425485785,
crossing_90_d_8,227,coordinate-median graph ensemble,3.2,91,1.1852310245372033,
crossing_90_d_8,227,anchored coarse HGB,0.4,91,0.1269280769952818,
crossing_90_d_8,227,anchored coarse HGB,0.8,91,0.23572445565509975,
crossing_90_d_8,227,anchored coarse HGB,1.2000000000000002,91,0.37168919413048557,
crossing_90_d_8,227,anchored coarse HGB,1.6,91,0.516459497659868,
crossing_90_d_8,227,anchored coarse HGB,2.0,91,0.6657171453076077,
crossing_90_d_8,227,anchored coarse HGB,2.4000000000000004,91,0.8441377077095602,
crossing_90_d_8,227,anchored coarse HGB,2.8000000000000003,91,1.0332867247687472,
crossing_90_d_8,227,anchored coarse HGB,3.2,91,1.2346748346197332,
crossing_90_d_8,227,GEL-Ped instability guard,0.4,91,0.12339238386199841,0.7275148121133177
crossing_90_d_8,227,GEL-Ped instability guard,0.8,91,0.21992621925516256,0.7363800180426713
crossing_90_d_8,227,GEL-Ped instability guard,1.2000000000000002,91,0.3507221922142727,0.7381377635856431
crossing_90_d_8,227,GEL-Ped instability guard,1.6,91,0.487598475295406,0.7425691764440607
crossing_90_d_8,227,GEL-Ped instability guard,2.0,91,0.6440275130566456,0.7462800435319554
crossing_90_d_8,227,GEL-Ped instability guard,2.4000000000000004,91,0.8321409643983616,0.7494849025841906
crossing_90_d_8,227,GEL-Ped instability guard,2.8000000000000003,91,1.036819807487228,0.7532380512429748
crossing_90_d_8,227,GEL-Ped instability guard,3.2,91,1.2546946698824424,0.758665300856838
crossing_90_d_8,267,constant velocity,0.4,100,0.13438972022434237,
crossing_90_d_8,267,constant velocity,0.8,100,0.2614128076681064,
crossing_90_d_8,267,constant velocity,1.2000000000000002,100,0.4323073140641697,
crossing_90_d_8,267,constant velocity,1.6,100,0.6273328080787137,
crossing_90_d_8,267,constant velocity,2.0,100,0.8373501217177091,
crossing_90_d_8,267,constant velocity,2.4000000000000004,100,1.0708666430864766,
crossing_90_d_8,267,constant velocity,2.8000000000000003,100,1.3190772318041193,
crossing_90_d_8,267,constant velocity,3.2,100,1.5869365536233602,
crossing_90_d_8,267,five-member graph ensemble,0.4,100,0.12222242926877355,
crossing_90_d_8,267,five-member graph ensemble,0.8,100,0.21366245139766193,
crossing_90_d_8,267,five-member graph ensemble,1.2000000000000002,100,0.32527095821242696,
crossing_90_d_8,267,five-member graph ensemble,1.6,100,0.4486918544993979,
crossing_90_d_8,267,five-member graph ensemble,2.0,100,0.5836288032810883,
crossing_90_d_8,267,five-member graph ensemble,2.4000000000000004,100,0.7419058370873802,
crossing_90_d_8,267,five-member graph ensemble,2.8000000000000003,100,0.920919533936221,
crossing_90_d_8,267,five-member graph ensemble,3.2,100,1.134033723653544,
crossing_90_d_8,267,coordinate-median graph ensemble,0.4,100,0.1222561514077366,
crossing_90_d_8,267,coordinate-median graph ensemble,0.8,100,0.21301727544159527,
crossing_90_d_8,267,coordinate-median graph ensemble,1.2000000000000002,100,0.32352464337433323,
crossing_90_d_8,267,coordinate-median graph ensemble,1.6,100,0.4456334945437519,
crossing_90_d_8,267,coordinate-median graph ensemble,2.0,100,0.5806504716763863,
crossing_90_d_8,267,coordinate-median graph ensemble,2.4000000000000004,100,0.7387927729596083,
crossing_90_d_8,267,coordinate-median graph ensemble,2.8000000000000003,100,0.9183840896895381,
crossing_90_d_8,267,coordinate-median graph ensemble,3.2,100,1.1329642111789673,
crossing_90_d_8,267,anchored coarse HGB,0.4,100,0.13038090218944187,
crossing_90_d_8,267,anchored coarse HGB,0.8,100,0.22651371896669417,
crossing_90_d_8,267,anchored coarse HGB,1.2000000000000002,100,0.3453670748850118,
crossing_90_d_8,267,anchored coarse HGB,1.6,100,0.4704799391227805,
crossing_90_d_8,267,anchored coarse HGB,2.0,100,0.5985353231626629,
crossing_90_d_8,267,anchored coarse HGB,2.4000000000000004,100,0.7381567452086576,
crossing_90_d_8,267,anchored coarse HGB,2.8000000000000003,100,0.8915276168584958,
crossing_90_d_8,267,anchored coarse HGB,3.2,100,1.0731351609518327,
crossing_90_d_8,267,GEL-Ped instability guard,0.4,100,0.12444874078276374,0.7320623711852591
crossing_90_d_8,267,GEL-Ped instability guard,0.8,100,0.2154079309201598,0.7519280118952283
crossing_90_d_8,267,GEL-Ped instability guard,1.2000000000000002,100,0.3265502214547913,0.7689396044650639
crossing_90_d_8,267,GEL-Ped instability guard,1.6,100,0.44803081318473204,0.7821644126782269
crossing_90_d_8,267,GEL-Ped instability guard,2.0,100,0.5785862446790341,0.7947418975548135
crossing_90_d_8,267,GEL-Ped instability guard,2.4000000000000004,100,0.7298502308415977,0.8068096051417323
crossing_90_d_8,267,GEL-Ped instability guard,2.8000000000000003,100,0.8958322219282987,0.8166463528221948
crossing_90_d_8,267,GEL-Ped instability guard,3.2,100,1.0956391847090996,0.8243498632584383
crossing_90_d_8,307,constant velocity,0.4,118,0.1411011445114018,
crossing_90_d_8,307,constant velocity,0.8,118,0.2380862244592658,
crossing_90_d_8,307,constant velocity,1.2000000000000002,118,0.3730978871374986,
crossing_90_d_8,307,constant velocity,1.6,118,0.5203951572592027,
crossing_90_d_8,307,constant velocity,2.0,118,0.674574373816578,
crossing_90_d_8,307,constant velocity,2.4000000000000004,118,0.8646807100473788,
crossing_90_d_8,307,constant velocity,2.8000000000000003,118,1.0822048146742251,
crossing_90_d_8,307,constant velocity,3.2,118,1.3036399164938255,
crossing_90_d_8,307,five-member graph ensemble,0.4,118,0.12102948909216169,
crossing_90_d_8,307,five-member graph ensemble,0.8,118,0.2039035723273365,
crossing_90_d_8,307,five-member graph ensemble,1.2000000000000002,118,0.31156892968808797,
crossing_90_d_8,307,five-member graph ensemble,1.6,118,0.42471638848612947,
crossing_90_d_8,307,five-member graph ensemble,2.0,118,0.5637017642491,
crossing_90_d_8,307,five-member graph ensemble,2.4000000000000004,118,0.7467759408235034,
crossing_90_d_8,307,five-member graph ensemble,2.8000000000000003,118,0.9574028422752942,
crossing_90_d_8,307,five-member graph ensemble,3.2,118,1.1909792753650448,
crossing_90_d_8,307,coordinate-median graph ensemble,0.4,118,0.1214468386333081,
crossing_90_d_8,307,coordinate-median graph ensemble,0.8,118,0.20426864444647883,
crossing_90_d_8,307,coordinate-median graph ensemble,1.2000000000000002,118,0.3120993828237292,
crossing_90_d_8,307,coordinate-median graph ensemble,1.6,118,0.4249846118962298,
crossing_90_d_8,307,coordinate-median graph ensemble,2.0,118,0.5623197670832781,
crossing_90_d_8,307,coordinate-median graph ensemble,2.4000000000000004,118,0.7449911111093278,
crossing_90_d_8,307,coordinate-median graph ensemble,2.8000000000000003,118,0.9570552374327985,
crossing_90_d_8,307,coordinate-median graph ensemble,3.2,118,1.191589486737908,
crossing_90_d_8,307,anchored coarse HGB,0.4,118,0.12047058765014486,
crossing_90_d_8,307,anchored coarse HGB,0.8,118,0.20027614253249088,
crossing_90_d_8,307,anchored coarse HGB,1.2000000000000002,118,0.3064432754412977,
crossing_90_d_8,307,anchored coarse HGB,1.6,118,0.41019628438830663,
crossing_90_d_8,307,anchored coarse HGB,2.0,118,0.5222719402677315,
crossing_90_d_8,307,anchored coarse HGB,2.4000000000000004,118,0.6842017984363535,
crossing_90_d_8,307,anchored coarse HGB,2.8000000000000003,118,0.8648933935171197,
crossing_90_d_8,307,anchored coarse HGB,3.2,118,1.0668957336221605,
crossing_90_d_8,307,GEL-Ped instability guard,0.4,118,0.1202333078303346,0.8239674232041251
crossing_90_d_8,307,GEL-Ped instability guard,0.8,118,0.20232831753567113,0.8528383472534693
crossing_90_d_8,307,GEL-Ped instability guard,1.2000000000000002,118,0.30716193453656176,0.870627167951093
crossing_90_d_8,307,GEL-Ped instability guard,1.6,118,0.41452854288124397,0.8843971889436969
crossing_90_d_8,307,GEL-Ped instability guard,2.0,118,0.546272691135953,0.8941870430422769
crossing_90_d_8,307,GEL-Ped instability guard,2.4000000000000004,118,0.7213661474654982,0.9013330951542174
crossing_90_d_8,307,GEL-Ped instability guard,2.8000000000000003,118,0.9224106225661477,0.9072986989744265
crossing_90_d_8,307,GEL-Ped instability guard,3.2,118,1.1445407134358567,0.912045129105533
crossing_90_d_8,347,constant velocity,0.4,137,0.14495054899652765,
crossing_90_d_8,347,constant velocity,0.8,137,0.24346363002918944,
crossing_90_d_8,347,constant velocity,1.2000000000000002,137,0.3857589671192642,
crossing_90_d_8,347,constant velocity,1.6,137,0.5427912836346793,
crossing_90_d_8,347,constant velocity,2.0,137,0.714061572381729,
crossing_90_d_8,347,constant velocity,2.4000000000000004,137,0.899182791302225,
crossing_90_d_8,347,constant velocity,2.8000000000000003,137,1.1223216105868532,
crossing_90_d_8,347,constant velocity,3.2,137,1.354200664522369,
crossing_90_d_8,347,five-member graph ensemble,0.4,137,0.11681300288388159,
crossing_90_d_8,347,five-member graph ensemble,0.8,137,0.19418078833287244,
crossing_90_d_8,347,five-member graph ensemble,1.2000000000000002,137,0.31055722700129446,
crossing_90_d_8,347,five-member graph ensemble,1.6,137,0.44135775209159606,
crossing_90_d_8,347,five-member graph ensemble,2.0,137,0.6045001767721708,
crossing_90_d_8,347,five-member graph ensemble,2.4000000000000004,137,0.7827048332731086,
crossing_90_d_8,347,five-member graph ensemble,2.8000000000000003,137,0.9852761547575113,
crossing_90_d_8,347,five-member graph ensemble,3.2,137,1.2061903307223611,
crossing_90_d_8,347,coordinate-median graph ensemble,0.4,137,0.11702822794792601,
crossing_90_d_8,347,coordinate-median graph ensemble,0.8,137,0.19461707847573378,
crossing_90_d_8,347,coordinate-median graph ensemble,1.2000000000000002,137,0.3122272814472677,
crossing_90_d_8,347,coordinate-median graph ensemble,1.6,137,0.443360720754687,
crossing_90_d_8,347,coordinate-median graph ensemble,2.0,137,0.6072931676896586,
crossing_90_d_8,347,coordinate-median graph ensemble,2.4000000000000004,137,0.786925575429067,
crossing_90_d_8,347,coordinate-median graph ensemble,2.8000000000000003,137,0.9907821111369745,
crossing_90_d_8,347,coordinate-median graph ensemble,3.2,137,1.2125843397585698,
crossing_90_d_8,347,anchored coarse HGB,0.4,137,0.11815987313085981,
crossing_90_d_8,347,anchored coarse HGB,0.8,137,0.1930541718883763,
crossing_90_d_8,347,anchored coarse HGB,1.2000000000000002,137,0.2998755239972648,
crossing_90_d_8,347,anchored coarse HGB,1.6,137,0.4108267035054081,
crossing_90_d_8,347,anchored coarse HGB,2.0,137,0.5543055490439943,
crossing_90_d_8,347,anchored coarse HGB,2.4000000000000004,137,0.7047920538152803,
crossing_90_d_8,347,anchored coarse HGB,2.8000000000000003,137,0.8780534141250866,
crossing_90_d_8,347,anchored coarse HGB,3.2,137,1.0610585643253452,
crossing_90_d_8,347,GEL-Ped instability guard,0.4,137,0.11596117222553551,0.7985725664144834
crossing_90_d_8,347,GEL-Ped instability guard,0.8,137,0.1914648594513888,0.8321692458444776
crossing_90_d_8,347,GEL-Ped instability guard,1.2000000000000002,137,0.30416550936433495,0.8608062113228913
crossing_90_d_8,347,GEL-Ped instability guard,1.6,137,0.4281830813227661,0.8804573329529143
crossing_90_d_8,347,GEL-Ped instability guard,2.0,137,0.5830713926339527,0.8932885565142055
crossing_90_d_8,347,GEL-Ped instability guard,2.4000000000000004,137,0.750656181855838,0.9041953510625435
crossing_90_d_8,347,GEL-Ped instability guard,2.8000000000000003,137,0.941005354491792,0.9118018970840083
crossing_90_d_8,347,GEL-Ped instability guard,3.2,137,1.1468848359225112,0.9170282926266808
crossing_90_d_8,387,constant velocity,0.4,142,0.14530851232941955,
crossing_90_d_8,387,constant velocity,0.8,142,0.2513998324406562,
crossing_90_d_8,387,constant velocity,1.2000000000000002,142,0.37302634034703164,
crossing_90_d_8,387,constant velocity,1.6,142,0.521882492880069,
crossing_90_d_8,387,constant velocity,2.0,142,0.6726612542674086,
crossing_90_d_8,387,constant velocity,2.4000000000000004,142,0.8492924676911696,
crossing_90_d_8,387,constant velocity,2.8000000000000003,142,1.037535054017747,
crossing_90_d_8,387,constant velocity,3.2,142,1.2407383833917087,
crossing_90_d_8,387,five-member graph ensemble,0.4,142,0.12311376318944912,
crossing_90_d_8,387,five-member graph ensemble,0.8,142,0.20284418086057088,
crossing_90_d_8,387,five-member graph ensemble,1.2000000000000002,142,0.3080571696202656,
crossing_90_d_8,387,five-member graph ensemble,1.6,142,0.4369845277003721,
crossing_90_d_8,387,five-member graph ensemble,2.0,142,0.581375097343354,
crossing_90_d_8,387,five-member graph ensemble,2.4000000000000004,142,0.7600342838785399,
crossing_90_d_8,387,five-member graph ensemble,2.8000000000000003,142,0.9815941164585783,
crossing_90_d_8,387,five-member graph ensemble,3.2,142,1.2113557011432556,
crossing_90_d_8,387,coordinate-median graph ensemble,0.4,142,0.12347757640948627,
crossing_90_d_8,387,coordinate-median graph ensemble,0.8,142,0.20286394773786207,
crossing_90_d_8,387,coordinate-median graph ensemble,1.2000000000000002,142,0.3077348440001611,
crossing_90_d_8,387,coordinate-median graph ensemble,1.6,142,0.4369670637715282,
crossing_90_d_8,387,coordinate-median graph ensemble,2.0,142,0.5819420813277265,
crossing_90_d_8,387,coordinate-median graph ensemble,2.4000000000000004,142,0.7609856651466764,
crossing_90_d_8,387,coordinate-median graph ensemble,2.8000000000000003,142,0.9838099089954131,
crossing_90_d_8,387,coordinate-median graph ensemble,3.2,142,1.2154416608513579,
crossing_90_d_8,387,anchored coarse HGB,0.4,142,0.12548058224000289,
crossing_90_d_8,387,anchored coarse HGB,0.8,142,0.20754715212844413,
crossing_90_d_8,387,anchored coarse HGB,1.2000000000000002,142,0.3043534856398739,
crossing_90_d_8,387,anchored coarse HGB,1.6,142,0.4212769496822303,
crossing_90_d_8,387,anchored coarse HGB,2.0,142,0.5489350291244014,
crossing_90_d_8,387,anchored coarse HGB,2.4000000000000004,142,0.6938048310074985,
crossing_90_d_8,387,anchored coarse HGB,2.8000000000000003,142,0.8692571119400755,
crossing_90_d_8,387,anchored coarse HGB,3.2,142,1.0579565065031797,
crossing_90_d_8,387,GEL-Ped instability guard,0.4,142,0.12290545440088838,0.8251505359437256
crossing_90_d_8,387,GEL-Ped instability guard,0.8,142,0.2054849301350832,0.8504907289691532
crossing_90_d_8,387,GEL-Ped instability guard,1.2000000000000002,142,0.309709077556245,0.8660844660743496
crossing_90_d_8,387,GEL-Ped instability guard,1.6,142,0.4342120565963034,0.8753946837889065
crossing_90_d_8,387,GEL-Ped instability guard,2.0,142,0.5687239215827828,0.8830987764721924
crossing_90_d_8,387,GEL-Ped instability guard,2.4000000000000004,142,0.7348673311033712,0.8911632289934733
crossing_90_d_8,387,GEL-Ped instability guard,2.8000000000000003,142,0.9390769944436932,0.8974948161822951
crossing_90_d_8,387,GEL-Ped instability guard,3.2,142,1.1503191738466552,0.9017351315570423
crossing_90_d_8,427,constant velocity,0.4,144,0.13927024828567042,
crossing_90_d_8,427,constant velocity,0.8,144,0.2334334271863815,
crossing_90_d_8,427,constant velocity,1.2000000000000002,144,0.34890648749496367,
crossing_90_d_8,427,constant velocity,1.6,144,0.49946475889416675,
crossing_90_d_8,427,constant velocity,2.0,144,0.6377083705702309,
crossing_90_d_8,427,constant velocity,2.4000000000000004,144,0.7819488544938488,
crossing_90_d_8,427,constant velocity,2.8000000000000003,144,0.9492282453070041,
crossing_90_d_8,427,constant velocity,3.2,144,1.1106903820848966,
crossing_90_d_8,427,five-member graph ensemble,0.4,144,0.1150249771540947,
crossing_90_d_8,427,five-member graph ensemble,0.8,144,0.19299104081498203,
crossing_90_d_8,427,five-member graph ensemble,1.2000000000000002,144,0.2999457448135425,
crossing_90_d_8,427,five-member graph ensemble,1.6,144,0.4355137334430241,
crossing_90_d_8,427,five-member graph ensemble,2.0,144,0.5810274982193262,
crossing_90_d_8,427,five-member graph ensemble,2.4000000000000004,144,0.7473303712906372,
crossing_90_d_8,427,five-member graph ensemble,2.8000000000000003,144,0.9249693417731092,
crossing_90_d_8,427,five-member graph ensemble,3.2,144,1.1155005999882033,
crossing_90_d_8,427,coordinate-median graph ensemble,0.4,144,0.1151456682963367,
crossing_90_d_8,427,coordinate-median graph ensemble,0.8,144,0.19329740024223976,
crossing_90_d_8,427,coordinate-median graph ensemble,1.2000000000000002,144,0.3005988801923343,
crossing_90_d_8,427,coordinate-median graph ensemble,1.6,144,0.43630849400865857,
crossing_90_d_8,427,coordinate-median graph ensemble,2.0,144,0.5830875543161321,
crossing_90_d_8,427,coordinate-median graph ensemble,2.4000000000000004,144,0.750700973170412,
crossing_90_d_8,427,coordinate-median graph ensemble,2.8000000000000003,144,0.9296281078194908,
crossing_90_d_8,427,coordinate-median graph ensemble,3.2,144,1.1214025241411205,
crossing_90_d_8,427,anchored coarse HGB,0.4,144,0.11827435129746587,
crossing_90_d_8,427,anchored coarse HGB,0.8,144,0.19182757860998328,
crossing_90_d_8,427,anchored coarse HGB,1.2000000000000002,144,0.2880450447579948,
crossing_90_d_8,427,anchored coarse HGB,1.6,144,0.4115147915173918,
crossing_90_d_8,427,anchored coarse HGB,2.0,144,0.5427276517212363,
crossing_90_d_8,427,anchored coarse HGB,2.4000000000000004,144,0.689982975902563,
crossing_90_d_8,427,anchored coarse HGB,2.8000000000000003,144,0.8443730174383127,
crossing_90_d_8,427,anchored coarse HGB,3.2,144,1.0043697600219352,
crossing_90_d_8,427,GEL-Ped instability guard,0.4,144,0.11514582176407097,0.8941873980849285
crossing_90_d_8,427,GEL-Ped instability guard,0.8,144,0.19382001629611528,0.9130904036708538
crossing_90_d_8,427,GEL-Ped instability guard,1.2000000000000002,144,0.2984249443305302,0.9255083244422816
crossing_90_d_8,427,GEL-Ped instability guard,1.6,144,0.43356064742602135,0.9339929891229786
crossing_90_d_8,427,GEL-Ped instability guard,2.0,144,0.5778561517395677,0.9399880031328001
crossing_90_d_8,427,GEL-Ped instability guard,2.4000000000000004,144,0.7427514604311599,0.9442616968764374
crossing_90_d_8,427,GEL-Ped instability guard,2.8000000000000003,144,0.916254557735754,0.9479782884670672
crossing_90_d_8,427,GEL-Ped instability guard,3.2,144,1.096260584480984,0.950648710438516
crossing_90_d_8,467,constant velocity,0.4,149,0.14729979993983902,
crossing_90_d_8,467,constant velocity,0.8,149,0.2554488961374394,
crossing_90_d_8,467,constant velocity,1.2000000000000002,149,0.36244275951975524,
crossing_90_d_8,467,constant velocity,1.6,149,0.5177263292247154,
crossing_90_d_8,467,constant velocity,2.0,149,0.6603413180994573,
crossing_90_d_8,467,constant velocity,2.4000000000000004,149,0.8037679717440481,
crossing_90_d_8,467,constant velocity,2.8000000000000003,149,0.9678120232639202,
crossing_90_d_8,467,constant velocity,3.2,149,1.1201948441610359,
crossing_90_d_8,467,five-member graph ensemble,0.4,149,0.11653122052393797,
crossing_90_d_8,467,five-member graph ensemble,0.8,149,0.20245371809658785,
crossing_90_d_8,467,five-member graph ensemble,1.2000000000000002,149,0.2961356451573841,
crossing_90_d_8,467,five-member graph ensemble,1.6,149,0.43080685551732323,
crossing_90_d_8,467,five-member graph ensemble,2.0,149,0.5664012208857355,
crossing_90_d_8,467,five-member graph ensemble,2.4000000000000004,149,0.7263223370926446,
crossing_90_d_8,467,five-member graph ensemble,2.8000000000000003,149,0.9053012998719895,
crossing_90_d_8,467,five-member graph ensemble,3.2,149,1.0829925194796068,
crossing_90_d_8,467,coordinate-median graph ensemble,0.4,149,0.11686900721807869,
crossing_90_d_8,467,coordinate-median graph ensemble,0.8,149,0.20321624307856323,
crossing_90_d_8,467,coordinate-median graph ensemble,1.2000000000000002,149,0.29763161004095684,
crossing_90_d_8,467,coordinate-median graph ensemble,1.6,149,0.4323021129188841,
crossing_90_d_8,467,coordinate-median graph ensemble,2.0,149,0.5691272466306656,
crossing_90_d_8,467,coordinate-median graph ensemble,2.4000000000000004,149,0.7292162161015072,
crossing_90_d_8,467,coordinate-median graph ensemble,2.8000000000000003,149,0.9107178002567144,
crossing_90_d_8,467,coordinate-median graph ensemble,3.2,149,1.0901148049464646,
crossing_90_d_8,467,anchored coarse HGB,0.4,149,0.11705863863789595,
crossing_90_d_8,467,anchored coarse HGB,0.8,149,0.19970156352435642,
crossing_90_d_8,467,anchored coarse HGB,1.2000000000000002,149,0.28491092579198424,
crossing_90_d_8,467,anchored coarse HGB,1.6,149,0.40758246197989123,
crossing_90_d_8,467,anchored coarse HGB,2.0,149,0.5315677973745565,
crossing_90_d_8,467,anchored coarse HGB,2.4000000000000004,149,0.6731882593937003,
crossing_90_d_8,467,anchored coarse HGB,2.8000000000000003,149,0.8332959920099825,
crossing_90_d_8,467,anchored coarse HGB,3.2,149,0.9898465853308824,
crossing_90_d_8,467,GEL-Ped instability guard,0.4,149,0.11667979654536384,0.910041148092072
crossing_90_d_8,467,GEL-Ped instability guard,0.8,149,0.20238565170026232,0.9254983056447094
crossing_90_d_8,467,GEL-Ped instability guard,1.2000000000000002,149,0.2922185604644553,0.931477948512886
crossing_90_d_8,467,GEL-Ped instability guard,1.6,149,0.42250045484190074,0.9347206958886017
crossing_90_d_8,467,GEL-Ped instability guard,2.0,149,0.5537871557838256,0.9376400561238064
crossing_90_d_8,467,GEL-Ped instability guard,2.4000000000000004,149,0.7080842274246532,0.9390412396097644
crossing_90_d_8,467,GEL-Ped instability guard,2.8000000000000003,149,0.879998874824659,0.9391433226866365
crossing_90_d_8,467,GEL-Ped instability guard,3.2,149,1.0494275679422407,0.9393611071391563
crossing_90_d_8,507,constant velocity,0.4,139,0.14761712899800744,
crossing_90_d_8,507,constant velocity,0.8,139,0.23525191045443164,
crossing_90_d_8,507,constant velocity,1.2000000000000002,139,0.3389408821666301,
crossing_90_d_8,507,constant velocity,1.6,139,0.46361288532379274,
crossing_90_d_8,507,constant velocity,2.0,139,0.5906343016253444,
crossing_90_d_8,507,constant velocity,2.4000000000000004,139,0.7301130200490789,
crossing_90_d_8,507,constant velocity,2.8000000000000003,139,0.8868942065291678,
crossing_90_d_8,507,constant velocity,3.2,139,1.0427781878013762,
crossing_90_d_8,507,five-member graph ensemble,0.4,139,0.12153880917436402,
crossing_90_d_8,507,five-member graph ensemble,0.8,139,0.19687804861812508,
crossing_90_d_8,507,five-member graph ensemble,1.2000000000000002,139,0.2926512224042563,
crossing_90_d_8,507,five-member graph ensemble,1.6,139,0.4094292406381463,
crossing_90_d_8,507,five-member graph ensemble,2.0,139,0.5373659675411836,
crossing_90_d_8,507,five-member graph ensemble,2.4000000000000004,139,0.6917974851809874,
crossing_90_d_8,507,five-member graph ensemble,2.8000000000000003,139,0.844608846592129,
crossing_90_d_8,507,five-member graph ensemble,3.2,139,1.0224969457328281,
crossing_90_d_8,507,coordinate-median graph ensemble,0.4,139,0.12161415620645041,
crossing_90_d_8,507,coordinate-median graph ensemble,0.8,139,0.19707487411246832,
crossing_90_d_8,507,coordinate-median graph ensemble,1.2000000000000002,139,0.2931536075171205,
crossing_90_d_8,507,coordinate-median graph ensemble,1.6,139,0.40971205884234957,
crossing_90_d_8,507,coordinate-median graph ensemble,2.0,139,0.5376302388766379,
crossing_90_d_8,507,coordinate-median graph ensemble,2.4000000000000004,139,0.6909584084892736,
crossing_90_d_8,507,coordinate-median graph ensemble,2.8000000000000003,139,0.8429242568339669,
crossing_90_d_8,507,coordinate-median graph ensemble,3.2,139,1.0214801242854377,
crossing_90_d_8,507,anchored coarse HGB,0.4,139,0.12288867160633525,
crossing_90_d_8,507,anchored coarse HGB,0.8,139,0.19043986863332726,
crossing_90_d_8,507,anchored coarse HGB,1.2000000000000002,139,0.2769806965942547,
crossing_90_d_8,507,anchored coarse HGB,1.6,139,0.3815132865848482,
crossing_90_d_8,507,anchored coarse HGB,2.0,139,0.49554645967451605,
crossing_90_d_8,507,anchored coarse HGB,2.4000000000000004,139,0.6334619385259761,
crossing_90_d_8,507,anchored coarse HGB,2.8000000000000003,139,0.7749422496673478,
crossing_90_d_8,507,anchored coarse HGB,3.2,139,0.9373169591503255,
crossing_90_d_8,507,GEL-Ped instability guard,0.4,139,0.12106248130193702,0.9141343330693217
crossing_90_d_8,507,GEL-Ped instability guard,0.8,139,0.1939018927831477,0.930390194683106
crossing_90_d_8,507,GEL-Ped instability guard,1.2000000000000002,139,0.28630791245358134,0.939212679581967
crossing_90_d_8,507,GEL-Ped instability guard,1.6,139,0.39832641103148453,0.9449097021670375
crossing_90_d_8,507,GEL-Ped instability guard,2.0,139,0.5222193429293696,0.9483951600508812
crossing_90_d_8,507,GEL-Ped instability guard,2.4000000000000004,139,0.6711548007362511,0.9506738191316174
crossing_90_d_8,507,GEL-Ped instability guard,2.8000000000000003,139,0.8194904971318734,0.952563925231208
crossing_90_d_8,507,GEL-Ped instability guard,3.2,139,0.9919219232064923,0.9533911484861489
crossing_90_e_1,121,constant velocity,0.4,4,0.06349685898725069,
crossing_90_e_1,121,constant velocity,0.8,4,0.1704955654655874,
crossing_90_e_1,121,constant velocity,1.2000000000000002,4,0.2524843813582446,
crossing_90_e_1,121,constant velocity,1.6,4,0.39885453448117486,
crossing_90_e_1,121,constant velocity,2.0,4,0.5368870330228563,
crossing_90_e_1,121,constant velocity,2.4000000000000004,4,0.7331855906188776,
crossing_90_e_1,121,constant velocity,2.8000000000000003,4,0.898205659703852,
crossing_90_e_1,121,constant velocity,3.2,4,1.0419551444681057,
crossing_90_e_1,121,five-member graph ensemble,0.4,4,0.05761775107611774,
crossing_90_e_1,121,five-member graph ensemble,0.8,4,0.14033753811761515,
crossing_90_e_1,121,five-member graph ensemble,1.2000000000000002,4,0.197987752973029,
crossing_90_e_1,121,five-member graph ensemble,1.6,4,0.340242844599115,
crossing_90_e_1,121,five-member graph ensemble,2.0,4,0.5279611174610845,
crossing_90_e_1,121,five-member graph ensemble,2.4000000000000004,4,0.8725803767509832,
crossing_90_e_1,121,five-member graph ensemble,2.8000000000000003,4,1.2919619124983672,
crossing_90_e_1,121,five-member graph ensemble,3.2,4,1.8901415979820575,
crossing_90_e_1,121,coordinate-median graph ensemble,0.4,4,0.05678307005205094,
crossing_90_e_1,121,coordinate-median graph ensemble,0.8,4,0.14495643225322036,
crossing_90_e_1,121,coordinate-median graph ensemble,1.2000000000000002,4,0.20022077709157485,
crossing_90_e_1,121,coordinate-median graph ensemble,1.6,4,0.3390696061355847,
crossing_90_e_1,121,coordinate-median graph ensemble,2.0,4,0.5169487767527953,
crossing_90_e_1,121,coordinate-median graph ensemble,2.4000000000000004,4,0.8446322857520856,
crossing_90_e_1,121,coordinate-median graph ensemble,2.8000000000000003,4,1.2400364445240077,
crossing_90_e_1,121,coordinate-median graph ensemble,3.2,4,1.8193530830191835,
crossing_90_e_1,121,anchored coarse HGB,0.4,4,0.07101351128147075,
crossing_90_e_1,121,anchored coarse HGB,0.8,4,0.1858192153141804,
crossing_90_e_1,121,anchored coarse HGB,1.2000000000000002,4,0.289509770133985,
crossing_90_e_1,121,anchored coarse HGB,1.6,4,0.47769153991237673,
crossing_90_e_1,121,anchored coarse HGB,2.0,4,0.6622026485592111,
crossing_90_e_1,121,anchored coarse HGB,2.4000000000000004,4,0.9380186456206197,
crossing_90_e_1,121,anchored coarse HGB,2.8000000000000003,4,1.2076630644973017,
crossing_90_e_1,121,anchored coarse HGB,3.2,4,1.4979708901272986,
crossing_90_e_1,121,GEL-Ped instability guard,0.4,4,0.06215840343376659,0.7377329926426137
crossing_90_e_1,121,GEL-Ped instability guard,0.8,4,0.14449500111023647,0.766108102145709
crossing_90_e_1,121,GEL-Ped instability guard,1.2000000000000002,4,0.19061491597323277,0.7681980445392848
crossing_90_e_1,121,GEL-Ped instability guard,1.6,4,0.3384732484647269,0.7058490759266866
crossing_90_e_1,121,GEL-Ped instability guard,2.0,4,0.49100473839745706,0.6427512612000947
crossing_90_e_1,121,GEL-Ped instability guard,2.4000000000000004,4,0.7463305506957715,0.5797919784829414
crossing_90_e_1,121,GEL-Ped instability guard,2.8000000000000003,4,1.004427851256505,0.5215653160554659
crossing_90_e_1,121,GEL-Ped instability guard,3.2,4,1.3487819378407135,0.4806424779933853
crossing_90_e_1,161,constant velocity,0.4,8,0.1286885178141845,
crossing_90_e_1,161,constant velocity,0.8,8,0.20821495352248193,
crossing_90_e_1,161,constant velocity,1.2000000000000002,8,0.3838503203012039,
crossing_90_e_1,161,constant velocity,1.6,8,0.5174739124014559,
crossing_90_e_1,161,constant velocity,2.0,8,0.669217176713402,
crossing_90_e_1,161,constant velocity,2.4000000000000004,8,0.7958322834592649,
crossing_90_e_1,161,constant velocity,2.8000000000000003,8,0.8426823479197953,
crossing_90_e_1,161,constant velocity,3.2,8,0.905884381128987,
crossing_90_e_1,161,five-member graph ensemble,0.4,8,0.12205983993204857,
crossing_90_e_1,161,five-member graph ensemble,0.8,8,0.1981237052607709,
crossing_90_e_1,161,five-member graph ensemble,1.2000000000000002,8,0.39757220393055087,
crossing_90_e_1,161,five-member graph ensemble,1.6,8,0.6592586564861842,
crossing_90_e_1,161,five-member graph ensemble,2.0,8,1.0342706906474983,
crossing_90_e_1,161,five-member graph ensemble,2.4000000000000004,8,1.4208115465180366,
crossing_90_e_1,161,five-member graph ensemble,2.8000000000000003,8,1.8326426679565078,
crossing_90_e_1,161,five-member graph ensemble,3.2,8,2.2493211370885557,
crossing_90_e_1,161,coordinate-median graph ensemble,0.4,8,0.12145903185957307,
crossing_90_e_1,161,coordinate-median graph ensemble,0.8,8,0.19546140861764022,
crossing_90_e_1,161,coordinate-median graph ensemble,1.2000000000000002,8,0.39571293100132265,
crossing_90_e_1,161,coordinate-median graph ensemble,1.6,8,0.6625039221270972,
crossing_90_e_1,161,coordinate-median graph ensemble,2.0,8,1.0440766493559634,
crossing_90_e_1,161,coordinate-median graph ensemble,2.4000000000000004,8,1.439700647718893,
crossing_90_e_1,161,coordinate-median graph ensemble,2.8000000000000003,8,1.8564002744158499,
crossing_90_e_1,161,coordinate-median graph ensemble,3.2,8,2.2704987504086906,
crossing_90_e_1,161,anchored coarse HGB,0.4,8,0.11638269047722301,
crossing_90_e_1,161,anchored coarse HGB,0.8,8,0.17354109854058006,
crossing_90_e_1,161,anchored coarse HGB,1.2000000000000002,8,0.2892509341629173,
crossing_90_e_1,161,anchored coarse HGB,1.6,8,0.3843056482404741,
crossing_90_e_1,161,anchored coarse HGB,2.0,8,0.5105449182756077,
crossing_90_e_1,161,anchored coarse HGB,2.4000000000000004,8,0.6279714212455629,
crossing_90_e_1,161,anchored coarse HGB,2.8000000000000003,8,0.6741439761650075,
crossing_90_e_1,161,anchored coarse HGB,3.2,8,0.7326758122112462,
crossing_90_e_1,161,GEL-Ped instability guard,0.4,8,0.11676246851904327,0.548092464403729
crossing_90_e_1,161,GEL-Ped instability guard,0.8,8,0.17346064885374896,0.5522928044286453
crossing_90_e_1,161,GEL-Ped instability guard,1.2000000000000002,8,0.30447592584876,0.5483127616753579
crossing_90_e_1,161,GEL-Ped instability guard,1.6,8,0.4479002108177863,0.5400396672352176
crossing_90_e_1,161,GEL-Ped instability guard,2.0,8,0.641539072525828,0.5317598605103745
crossing_90_e_1,161,GEL-Ped instability guard,2.4000000000000004,8,0.8009098441628362,0.5165184711058854
crossing_90_e_1,161,GEL-Ped instability guard,2.8000000000000003,8,0.951461489195651,0.5009799169852108
crossing_90_e_1,161,GEL-Ped instability guard,3.2,8,1.088235900787978,0.4867396929551535
crossing_90_e_1,201,constant velocity,0.4,9,0.15657439636308995,
crossing_90_e_1,201,constant velocity,0.8,9,0.24926993915489262,
crossing_90_e_1,201,constant velocity,1.2000000000000002,9,0.3491696283195354,
crossing_90_e_1,201,constant velocity,1.6,9,0.41093142416180656,
crossing_90_e_1,201,constant velocity,2.0,9,0.5150710175655862,
crossing_90_e_1,201,constant velocity,2.4000000000000004,9,0.6347568105290062,
crossing_90_e_1,201,constant velocity,2.8000000000000003,9,0.7757515501382914,
crossing_90_e_1,201,constant velocity,3.2,9,0.8811938425854341,
crossing_90_e_1,201,five-member graph ensemble,0.4,9,0.1605213237502202,
crossing_90_e_1,201,five-member graph ensemble,0.8,9,0.2720342349409573,
crossing_90_e_1,201,five-member graph ensemble,1.2000000000000002,9,0.41994762503170224,
crossing_90_e_1,201,five-member graph ensemble,1.6,9,0.5899497343124063,
crossing_90_e_1,201,five-member graph ensemble,2.0,9,0.8386008200475539,
crossing_90_e_1,201,five-member graph ensemble,2.4000000000000004,9,1.1765675216291098,
crossing_90_e_1,201,five-member graph ensemble,2.8000000000000003,9,1.6752486493443959,
crossing_90_e_1,201,five-member graph ensemble,3.2,9,2.1805499096763525,
crossing_90_e_1,201,coordinate-median graph ensemble,0.4,9,0.16121648235052344,
crossing_90_e_1,201,coordinate-median graph ensemble,0.8,9,0.2760761084674297,
crossing_90_e_1,201,coordinate-median graph ensemble,1.2000000000000002,9,0.4228448913924485,
crossing_90_e_1,201,coordinate-median graph ensemble,1.6,9,0.5975389269329986,
crossing_90_e_1,201,coordinate-median graph ensemble,2.0,9,0.8437659263536532,
crossing_90_e_1,201,coordinate-median graph ensemble,2.4000000000000004,9,1.1826395725114123,
crossing_90_e_1,201,coordinate-median graph ensemble,2.8000000000000003,9,1.6765555925555882,
crossing_90_e_1,201,coordinate-median graph ensemble,3.2,9,2.17152106972539,
crossing_90_e_1,201,anchored coarse HGB,0.4,9,0.16496383699129083,
crossing_90_e_1,201,anchored coarse HGB,0.8,9,0.2784868473544092,
crossing_90_e_1,201,anchored coarse HGB,1.2000000000000002,9,0.3959993782443217,
crossing_90_e_1,201,anchored coarse HGB,1.6,9,0.4759686840547188,
crossing_90_e_1,201,anchored coarse HGB,2.0,9,0.6088443539043432,
crossing_90_e_1,201,anchored coarse HGB,2.4000000000000004,9,0.8060141656114632,
crossing_90_e_1,201,anchored coarse HGB,2.8000000000000003,9,1.040953228558506,
crossing_90_e_1,201,anchored coarse HGB,3.2,9,1.2575078581368393,
crossing_90_e_1,201,GEL-Ped instability guard,0.4,9,0.163360396859413,0.9270645397165465
crossing_90_e_1,201,GEL-Ped instability guard,0.8,9,0.2727174839636693,0.8820620489090925
crossing_90_e_1,201,GEL-Ped instability guard,1.2000000000000002,9,0.3955182936896878,0.8702087089587152
crossing_90_e_1,201,GEL-Ped instability guard,1.6,9,0.5316826545734842,0.8663373083436523
crossing_90_e_1,201,GEL-Ped instability guard,2.0,9,0.7447249159914064,0.8516901148020342
crossing_90_e_1,201,GEL-Ped instability guard,2.4000000000000004,9,1.0371108075843967,0.8122021334204775
crossing_90_e_1,201,GEL-Ped instability guard,2.8000000000000003,9,1.450756943598876,0.7601725282616645
crossing_90_e_1,201,GEL-Ped instability guard,3.2,9,1.8591269590910722,0.7105177215632437
crossing_90_e_1,241,constant velocity,0.4,7,0.15261434739166696,
crossing_90_e_1,241,constant velocity,0.8,7,0.2904073965630775,
crossing_90_e_1,241,constant velocity,1.2000000000000002,7,0.4454154537287573,
crossing_90_e_1,241,constant velocity,1.6,7,0.59486772737789,
crossing_90_e_1,241,constant velocity,2.0,7,0.796286614094671,
crossing_90_e_1,241,constant velocity,2.4000000000000004,7,1.0690156709582876,
crossing_90_e_1,241,constant velocity,2.8000000000000003,7,1.2627561325625365,
crossing_90_e_1,241,constant velocity,3.2,7,1.4269207334840353,
crossing_90_e_1,241,five-member graph ensemble,0.4,7,0.1533971718495851,
crossing_90_e_1,241,five-member graph ensemble,0.8,7,0.2702681438884261,
crossing_90_e_1,241,five-member graph ensemble,1.2000000000000002,7,0.4183030028533138,
crossing_90_e_1,241,five-member graph ensemble,1.6,7,0.6463752797831714,
crossing_90_e_1,241,five-member graph ensemble,2.0,7,1.0112253379445997,
crossing_90_e_1,241,five-member graph ensemble,2.4000000000000004,7,1.4395181129133692,
crossing_90_e_1,241,five-member graph ensemble,2.8000000000000003,7,1.8471943781252054,
crossing_90_e_1,241,five-member graph ensemble,3.2,7,2.24161147696418,
crossing_90_e_1,241,coordinate-median graph ensemble,0.4,7,0.1532512762098237,
crossing_90_e_1,241,coordinate-median graph ensemble,0.8,7,0.27202342822307385,
crossing_90_e_1,241,coordinate-median graph ensemble,1.2000000000000002,7,0.41789372770146876,
crossing_90_e_1,241,coordinate-median graph ensemble,1.6,7,0.6407657951773313,
crossing_90_e_1,241,coordinate-median graph ensemble,2.0,7,1.004107728131328,
crossing_90_e_1,241,coordinate-median graph ensemble,2.4000000000000004,7,1.4410202192157584,
crossing_90_e_1,241,coordinate-median graph ensemble,2.8000000000000003,7,1.8606591952500484,
crossing_90_e_1,241,coordinate-median graph ensemble,3.2,7,2.2696219221536764,
crossing_90_e_1,241,anchored coarse HGB,0.4,7,0.1516746367389897,
crossing_90_e_1,241,anchored coarse HGB,0.8,7,0.2764648864493578,
crossing_90_e_1,241,anchored coarse HGB,1.2000000000000002,7,0.42727573786623135,
crossing_90_e_1,241,anchored coarse HGB,1.6,7,0.5709339984038218,
crossing_90_e_1,241,anchored coarse HGB,2.0,7,0.8086083953042211,
crossing_90_e_1,241,anchored coarse HGB,2.4000000000000004,7,1.0971170678599367,
crossing_90_e_1,241,anchored coarse HGB,2.8000000000000003,7,1.31093763410337,
crossing_90_e_1,241,anchored coarse HGB,3.2,7,1.4965402872980609,
crossing_90_e_1,241,GEL-Ped instability guard,0.4,7,0.14810153122957798,0.7674617112486051
crossing_90_e_1,241,GEL-Ped instability guard,0.8,7,0.25113512536839894,0.7178111815469412
crossing_90_e_1,241,GEL-Ped instability guard,1.2000000000000002,7,0.3583998472612149,0.721782201196454
crossing_90_e_1,241,GEL-Ped instability guard,1.6,7,0.5548446070484709,0.7365009371558472
crossing_90_e_1,241,GEL-Ped instability guard,2.0,7,0.8932907115539265,0.7477515499144246
crossing_90_e_1,241,GEL-Ped instability guard,2.4000000000000004,7,1.2907316990791249,0.7403566582631663
crossing_90_e_1,241,GEL-Ped instability guard,2.8000000000000003,7,1.6675504115967956,0.7362460003303465
crossing_90_e_1,241,GEL-Ped instability guard,3.2,7,2.022156145560571,0.7201041425425339
crossing_90_e_1,281,constant velocity,0.4,9,0.07018636839196392,
crossing_90_e_1,281,constant velocity,0.8,9,0.18191946471039544,
crossing_90_e_1,281,constant velocity,1.2000000000000002,9,0.3710203827785925,
crossing_90_e_1,281,constant velocity,1.6,9,0.5230084641679161,
crossing_90_e_1,281,constant velocity,2.0,9,0.7086377377705948,
crossing_90_e_1,281,constant velocity,2.4000000000000004,9,0.8844714116037082,
crossing_90_e_1,281,constant velocity,2.8000000000000003,9,1.0677082935488016,
crossing_90_e_1,281,constant velocity,3.2,9,1.2194382365972514,
crossing_90_e_1,281,five-member graph ensemble,0.4,9,0.05695152278531484,
crossing_90_e_1,281,five-member graph ensemble,0.8,9,0.11472771521645192,
crossing_90_e_1,281,five-member graph ensemble,1.2000000000000002,9,0.21326084782418017,
crossing_90_e_1,281,five-member graph ensemble,1.6,9,0.3504533501350206,
crossing_90_e_1,281,five-member graph ensemble,2.0,9,0.5849444519234778,
crossing_90_e_1,281,five-member graph ensemble,2.4000000000000004,9,0.915556416499888,
crossing_90_e_1,281,five-member graph ensemble,2.8000000000000003,9,1.3559494159156715,
crossing_90_e_1,281,five-member graph ensemble,3.2,9,1.8316747618008493,
crossing_90_e_1,281,coordinate-median graph ensemble,0.4,9,0.05625879553673355,
crossing_90_e_1,281,coordinate-median graph ensemble,0.8,9,0.1134102640356597,
crossing_90_e_1,281,coordinate-median graph ensemble,1.2000000000000002,9,0.21249050464320107,
crossing_90_e_1,281,coordinate-median graph ensemble,1.6,9,0.3470098786330184,
crossing_90_e_1,281,coordinate-median graph ensemble,2.0,9,0.5981715906899842,
crossing_90_e_1,281,coordinate-median graph ensemble,2.4000000000000004,9,0.9323904291706145,
crossing_90_e_1,281,coordinate-median graph ensemble,2.8000000000000003,9,1.372512971308852,
crossing_90_e_1,281,coordinate-median graph ensemble,3.2,9,1.850727959856811,
crossing_90_e_1,281,anchored coarse HGB,0.4,9,0.062152503298090966,
crossing_90_e_1,281,anchored coarse HGB,0.8,9,0.1265890770394157,
crossing_90_e_1,281,anchored coarse HGB,1.2000000000000002,9,0.2751269440811015,
crossing_90_e_1,281,anchored coarse HGB,1.6,9,0.3796625907087136,
crossing_90_e_1,281,anchored coarse HGB,2.0,9,0.4645622884969356,
crossing_90_e_1,281,anchored coarse HGB,2.4000000000000004,9,0.5743203120357534,
crossing_90_e_1,281,anchored coarse HGB,2.8000000000000003,9,0.6750176361327931,
crossing_90_e_1,281,anchored coarse HGB,3.2,9,0.8775653513835885,
crossing_90_e_1,281,GEL-Ped instability guard,0.4,9,0.05881489288429623,0.764636845039923
crossing_90_e_1,281,GEL-Ped instability guard,0.8,9,0.1147872593138044,0.7677201409796618
crossing_90_e_1,281,GEL-Ped instability guard,1.2000000000000002,9,0.21882602066103146,0.7889989051375755
crossing_90_e_1,281,GEL-Ped instability guard,1.6,9,0.3295961858617494,0.7920458146326871
crossing_90_e_1,281,GEL-Ped instability guard,2.0,9,0.5166811066646115,0.7750733847087674
crossing_90_e_1,281,GEL-Ped instability guard,2.4000000000000004,9,0.7492233593760995,0.7614427199584157
crossing_90_e_1,281,GEL-Ped instability guard,2.8000000000000003,9,1.1016628643914328,0.74522448195584
crossing_90_e_1,281,GEL-Ped instability guard,3.2,9,1.5144543681501144,0.7271178805062017
crossing_90_e_1,321,constant velocity,0.4,9,0.1377085037086171,
crossing_90_e_1,321,constant velocity,0.8,9,0.33163077377581107,
crossing_90_e_1,321,constant velocity,1.2000000000000002,9,0.605897855155829,
crossing_90_e_1,321,constant velocity,1.6,9,0.8891229107024271,
crossing_90_e_1,321,constant velocity,2.0,9,1.1390435943384822,
crossing_90_e_1,321,constant velocity,2.4000000000000004,9,1.3437128153180575,
crossing_90_e_1,321,constant velocity,2.8000000000000003,9,1.564519245949083,
crossing_90_e_1,321,constant velocity,3.2,9,1.7911797434466779,
crossing_90_e_1,321,five-member graph ensemble,0.4,9,0.16441523546864414,
crossing_90_e_1,321,five-member graph ensemble,0.8,9,0.4292433654550348,
crossing_90_e_1,321,five-member graph ensemble,1.2000000000000002,9,0.7857763092896077,
crossing_90_e_1,321,five-member graph ensemble,1.6,9,1.1977808215693189,
crossing_90_e_1,321,five-member graph ensemble,2.0,9,1.6687295184228639,
crossing_90_e_1,321,five-member graph ensemble,2.4000000000000004,9,2.1342420531789283,
crossing_90_e_1,321,five-member graph ensemble,2.8000000000000003,9,2.621830613795896,
crossing_90_e_1,321,five-member graph ensemble,3.2,9,3.1338803704417324,
crossing_90_e_1,321,coordinate-median graph ensemble,0.4,9,0.16375390311419535,
crossing_90_e_1,321,coordinate-median graph ensemble,0.8,9,0.4304850929111536,
crossing_90_e_1,321,coordinate-median graph ensemble,1.2000000000000002,9,0.7923613757187731,
crossing_90_e_1,321,coordinate-median graph ensemble,1.6,9,1.2124490732124806,
crossing_90_e_1,321,coordinate-median graph ensemble,2.0,9,1.69314251857616,
crossing_90_e_1,321,coordinate-median graph ensemble,2.4000000000000004,9,2.1658989906632313,
crossing_90_e_1,321,coordinate-median graph ensemble,2.8000000000000003,9,2.663109762241093,
crossing_90_e_1,321,coordinate-median graph ensemble,3.2,9,3.1875811387400264,
crossing_90_e_1,321,anchored coarse HGB,0.4,9,0.14057266570701998,
crossing_90_e_1,321,anchored coarse HGB,0.8,9,0.33139457684033485,
crossing_90_e_1,321,anchored coarse HGB,1.2000000000000002,9,0.6011076117165614,
crossing_90_e_1,321,anchored coarse HGB,1.6,9,0.8765796635554615,
crossing_90_e_1,321,anchored coarse HGB,2.0,9,1.1648769969506678,
crossing_90_e_1,321,anchored coarse HGB,2.4000000000000004,9,1.413645864287939,
crossing_90_e_1,321,anchored coarse HGB,2.8000000000000003,9,1.6614399088521885,
crossing_90_e_1,321,anchored coarse HGB,3.2,9,1.8993930731736133,
crossing_90_e_1,321,GEL-Ped instability guard,0.4,9,0.15735858760684068,0.7624549948825237
crossing_90_e_1,321,GEL-Ped instability guard,0.8,9,0.38554415936728514,0.6965499527290168
crossing_90_e_1,321,GEL-Ped instability guard,1.2000000000000002,9,0.6810458578685341,0.6536654461432179
crossing_90_e_1,321,GEL-Ped instability guard,1.6,9,1.003252569474968,0.6104642639912954
crossing_90_e_1,321,GEL-Ped instability guard,2.0,9,1.3430008973470988,0.5803490446729136
crossing_90_e_1,321,GEL-Ped instability guard,2.4000000000000004,9,1.6555002892676873,0.5557159463976992
crossing_90_e_1,321,GEL-Ped instability guard,2.8000000000000003,9,1.9809568609738035,0.539884001303308
crossing_90_e_1,321,GEL-Ped instability guard,3.2,9,2.2999730567632892,0.5330900576893531
crossing_90_e_1,361,constant velocity,0.4,11,0.14033353216671318,
crossing_90_e_1,361,constant velocity,0.8,11,0.2143551593464711,
crossing_90_e_1,361,constant velocity,1.2000000000000002,11,0.37570938874262333,
crossing_90_e_1,361,constant velocity,1.6,11,0.5214720048344607,
crossing_90_e_1,361,constant velocity,2.0,11,0.6759807043597793,
crossing_90_e_1,361,constant velocity,2.4000000000000004,11,0.8108929642581139,
crossing_90_e_1,361,constant velocity,2.8000000000000003,11,0.9540216697360434,
crossing_90_e_1,361,constant velocity,3.2,11,1.137437253958432,
crossing_90_e_1,361,five-member graph ensemble,0.4,11,0.15578731809900823,
crossing_90_e_1,361,five-member graph ensemble,0.8,11,0.2595136418625233,
crossing_90_e_1,361,five-member graph ensemble,1.2000000000000002,11,0.45060612526470306,
crossing_90_e_1,361,five-member graph ensemble,1.6,11,0.618580943625298,
crossing_90_e_1,361,five-member graph ensemble,2.0,11,0.8369646419489971,
crossing_90_e_1,361,five-member graph ensemble,2.4000000000000004,11,1.071297266690857,
crossing_90_e_1,361,five-member graph ensemble,2.8000000000000003,11,1.3935128533117358,
crossing_90_e_1,361,five-member graph ensemble,3.2,11,1.7928705645656942,
crossing_90_e_1,361,coordinate-median graph ensemble,0.4,11,0.15575742315610494,
crossing_90_e_1,361,coordinate-median graph ensemble,0.8,11,0.2597431225634352,
crossing_90_e_1,361,coordinate-median graph ensemble,1.2000000000000002,11,0.4514159898325708,
crossing_90_e_1,361,coordinate-median graph ensemble,1.6,11,0.6274882365204472,
crossing_90_e_1,361,coordinate-median graph ensemble,2.0,11,0.853507468944921,
crossing_90_e_1,361,coordinate-median graph ensemble,2.4000000000000004,11,1.098960726122857,
crossing_90_e_1,361,coordinate-median graph ensemble,2.8000000000000003,11,1.431063276967677,
crossing_90_e_1,361,coordinate-median graph ensemble,3.2,11,1.8434423422171597,
crossing_90_e_1,361,anchored coarse HGB,0.4,11,0.15704028827317143,
crossing_90_e_1,361,anchored coarse HGB,0.8,11,0.24226036653633223,
crossing_90_e_1,361,anchored coarse HGB,1.2000000000000002,11,0.40147384692692256,
crossing_90_e_1,361,anchored coarse HGB,1.6,11,0.5147653034858305,
crossing_90_e_1,361,anchored coarse HGB,2.0,11,0.6733770075148643,
crossing_90_e_1,361,anchored coarse HGB,2.4000000000000004,11,0.7881678270666523,
crossing_90_e_1,361,anchored coarse HGB,2.8000000000000003,11,0.9632137407796019,
crossing_90_e_1,361,anchored coarse HGB,3.2,11,1.1856084281451602,
crossing_90_e_1,361,GEL-Ped instability guard,0.4,11,0.15729860886294808,0.7994353266075565
crossing_90_e_1,361,GEL-Ped instability guard,0.8,11,0.2562333768430253,0.8215291188043048
crossing_90_e_1,361,GEL-Ped instability guard,1.2000000000000002,11,0.4452197656138589,0.8157345688760552
crossing_90_e_1,361,GEL-Ped instability guard,1.6,11,0.5880504571277835,0.8085424022945751
crossing_90_e_1,361,GEL-Ped instability guard,2.0,11,0.786638857970694,0.8030864494194241
crossing_90_e_1,361,GEL-Ped instability guard,2.4000000000000004,11,0.9727421426350581,0.7966713264675982
crossing_90_e_1,361,GEL-Ped instability guard,2.8000000000000003,11,1.248952070892719,0.7843333273936889
crossing_90_e_1,361,GEL-Ped instability guard,3.2,11,1.5845794537123594,0.7593237241901508
crossing_90_e_1,401,constant velocity,0.4,8,0.10706990682757503,
crossing_90_e_1,401,constant velocity,0.8,8,0.21774434881590682,
crossing_90_e_1,401,constant velocity,1.2000000000000002,8,0.47079147335107735,
crossing_90_e_1,401,constant velocity,1.6,8,0.7027125604760545,
crossing_90_e_1,401,constant velocity,2.0,8,0.9022281559066319,
crossing_90_e_1,401,constant velocity,2.4000000000000004,8,1.0233676051699594,
crossing_90_e_1,401,constant velocity,2.8000000000000003,8,1.1452394843162952,
crossing_90_e_1,401,constant velocity,3.2,8,1.252496358599338,
crossing_90_e_1,401,five-member graph ensemble,0.4,8,0.1120539062874659,
crossing_90_e_1,401,five-member graph ensemble,0.8,8,0.2160375439371548,
crossing_90_e_1,401,five-member graph ensemble,1.2000000000000002,8,0.5108713945846747,
crossing_90_e_1,401,five-member graph ensemble,1.6,8,0.8439771194438013,
crossing_90_e_1,401,five-member graph ensemble,2.0,8,1.2155616293313218,
crossing_90_e_1,401,five-member graph ensemble,2.4000000000000004,8,1.5999351335890422,
crossing_90_e_1,401,five-member graph ensemble,2.8000000000000003,8,1.9834995781800469,
crossing_90_e_1,401,five-member graph ensemble,3.2,8,2.415847014880179,
crossing_90_e_1,401,coordinate-median graph ensemble,0.4,8,0.11110372182276411,
crossing_90_e_1,401,coordinate-median graph ensemble,0.8,8,0.21700666489991738,
crossing_90_e_1,401,coordinate-median graph ensemble,1.2000000000000002,8,0.5133562770841464,
crossing_90_e_1,401,coordinate-median graph ensemble,1.6,8,0.8491277376726907,
crossing_90_e_1,401,coordinate-median graph ensemble,2.0,8,1.2249537875189134,
crossing_90_e_1,401,coordinate-median graph ensemble,2.4000000000000004,8,1.6209114866235064,
crossing_90_e_1,401,coordinate-median graph ensemble,2.8000000000000003,8,2.010251437447698,
crossing_90_e_1,401,coordinate-median graph ensemble,3.2,8,2.4109421535922295,
crossing_90_e_1,401,anchored coarse HGB,0.4,8,0.10048910458346512,
crossing_90_e_1,401,anchored coarse HGB,0.8,8,0.20046247186309646,
crossing_90_e_1,401,anchored coarse HGB,1.2000000000000002,8,0.42316153490220565,
crossing_90_e_1,401,anchored coarse HGB,1.6,8,0.640603278022561,
crossing_90_e_1,401,anchored coarse HGB,2.0,8,0.8353084443015254,
crossing_90_e_1,401,anchored coarse HGB,2.4000000000000004,8,0.9856420736351963,
crossing_90_e_1,401,anchored coarse HGB,2.8000000000000003,8,1.146916661450045,
crossing_90_e_1,401,anchored coarse HGB,3.2,8,1.3028999508164305,
crossing_90_e_1,401,GEL-Ped instability guard,0.4,8,0.0992269298119956,0.6279348919369394
crossing_90_e_1,401,GEL-Ped instability guard,0.8,8,0.19369371494929985,0.6281573221066574
crossing_90_e_1,401,GEL-Ped instability guard,1.2000000000000002,8,0.42057908675334676,0.6044803884892002
crossing_90_e_1,401,GEL-Ped instability guard,1.6,8,0.6369845963865076,0.5887343418246671
crossing_90_e_1,401,GEL-Ped instability guard,2.0,8,0.8460119877408091,0.5757727090584094
crossing_90_e_1,401,GEL-Ped instability guard,2.4000000000000004,8,1.0404026660111205,0.5680687112881005
crossing_90_e_1,401,GEL-Ped instability guard,2.8000000000000003,8,1.2524965315076866,0.5632139128508233
crossing_90_e_1,401,GEL-Ped instability guard,3.2,8,1.468649095999279,0.5567584991069354
crossing_90_e_1,441,constant velocity,0.4,9,0.121915732612113,
crossing_90_e_1,441,constant velocity,0.8,9,0.25169550041212096,
crossing_90_e_1,441,constant velocity,1.2000000000000002,9,0.48498241951557486,
crossing_90_e_1,441,constant velocity,1.6,9,0.7520843611067024,
crossing_90_e_1,441,constant velocity,2.0,9,0.9547568516378134,
crossing_90_e_1,441,constant velocity,2.4000000000000004,9,1.1513364166070148,
crossing_90_e_1,441,constant velocity,2.8000000000000003,9,1.3228736370136003,
crossing_90_e_1,441,constant velocity,3.2,9,1.4190042427184248,
crossing_90_e_1,441,five-member graph ensemble,0.4,9,0.1110600078085398,
crossing_90_e_1,441,five-member graph ensemble,0.8,9,0.22504355211696372,
crossing_90_e_1,441,five-member graph ensemble,1.2000000000000002,9,0.4661527325333854,
crossing_90_e_1,441,five-member graph ensemble,1.6,9,0.7508130437868409,
crossing_90_e_1,441,five-member graph ensemble,2.0,9,1.0524486846734027,
crossing_90_e_1,441,five-member graph ensemble,2.4000000000000004,9,1.4052852061244916,
crossing_90_e_1,441,five-member graph ensemble,2.8000000000000003,9,1.7964561387864013,
crossing_90_e_1,441,five-member graph ensemble,3.2,9,2.221383625504722,
crossing_90_e_1,441,coordinate-median graph ensemble,0.4,9,0.10970028839906526,
crossing_90_e_1,441,coordinate-median graph ensemble,0.8,9,0.22145729755964774,
crossing_90_e_1,441,coordinate-median graph ensemble,1.2000000000000002,9,0.4556029845939878,
crossing_90_e_1,441,coordinate-median graph ensemble,1.6,9,0.7315072865141572,
crossing_90_e_1,441,coordinate-median graph ensemble,2.0,9,1.0276233715604777,
crossing_90_e_1,441,coordinate-median graph ensemble,2.4000000000000004,9,1.378661345284246,
crossing_90_e_1,441,coordinate-median graph ensemble,2.8000000000000003,9,1.7688858954388325,
crossing_90_e_1,441,coordinate-median graph ensemble,3.2,9,2.179873324211555,
crossing_90_e_1,441,anchored coarse HGB,0.4,9,0.11647031093676555,
crossing_90_e_1,441,anchored coarse HGB,0.8,9,0.2384420283543858,
crossing_90_e_1,441,anchored coarse HGB,1.2000000000000002,9,0.4911629691967508,
crossing_90_e_1,441,anchored coarse HGB,1.6,9,0.7684641755852821,
crossing_90_e_1,441,anchored coarse HGB,2.0,9,1.0149865758322463,
crossing_90_e_1,441,anchored coarse HGB,2.4000000000000004,9,1.2323655105894664,
crossing_90_e_1,441,anchored coarse HGB,2.8000000000000003,9,1.4323292438097959,
crossing_90_e_1,441,anchored coarse HGB,3.2,9,1.5758924807171284,
crossing_90_e_1,441,GEL-Ped instability guard,0.4,9,0.11367790630193404,0.8604153983956215
crossing_90_e_1,441,GEL-Ped instability guard,0.8,9,0.2322274547138381,0.8653609358636051
crossing_90_e_1,441,GEL-Ped instability guard,1.2000000000000002,9,0.484206622382662,0.828202027735685
crossing_90_e_1,441,GEL-Ped instability guard,1.6,9,0.7708423182069146,0.7914023956021687
crossing_90_e_1,441,GEL-Ped instability guard,2.0,9,1.0616296976989896,0.7628965245533814
crossing_90_e_1,441,GEL-Ped instability guard,2.4000000000000004,9,1.3603858084551477,0.730614885646926
crossing_90_e_1,441,GEL-Ped instability guard,2.8000000000000003,9,1.677324958184106,0.697236395923049
crossing_90_e_1,441,GEL-Ped instability guard,3.2,9,1.9788229493471385,0.6684456233636538
crossing_90_e_1,481,constant velocity,0.4,11,0.10945677210091494,
crossing_90_e_1,481,constant velocity,0.8,11,0.23200902966665116,
crossing_90_e_1,481,constant velocity,1.2000000000000002,11,0.3471774605954155,
crossing_90_e_1,481,constant velocity,1.6,11,0.5040883213618286,
crossing_90_e_1,481,constant velocity,2.0,11,0.7102863940353786,
crossing_90_e_1,481,constant velocity,2.4000000000000004,11,0.9095396889780729,
crossing_90_e_1,481,constant velocity,2.8000000000000003,11,1.0688531316780385,
crossing_90_e_1,481,constant velocity,3.2,11,1.202249857728042,
crossing_90_e_1,481,five-member graph ensemble,0.4,11,0.11011738551613343,
crossing_90_e_1,481,five-member graph ensemble,0.8,11,0.229783396091116,
crossing_90_e_1,481,five-member graph ensemble,1.2000000000000002,11,0.33455190285712155,
crossing_90_e_1,481,five-member graph ensemble,1.6,11,0.5447634706935008,
crossing_90_e_1,481,five-member graph ensemble,2.0,11,0.864077718405041,
crossing_90_e_1,481,five-member graph ensemble,2.4000000000000004,11,1.23728202333435,
crossing_90_e_1,481,five-member graph ensemble,2.8000000000000003,11,1.6390141266375695,
crossing_90_e_1,481,five-member graph ensemble,3.2,11,2.0655806044600444,
crossing_90_e_1,481,coordinate-median graph ensemble,0.4,11,0.10859655550135323,
crossing_90_e_1,481,coordinate-median graph ensemble,0.8,11,0.2316768332439836,
crossing_90_e_1,481,coordinate-median graph ensemble,1.2000000000000002,11,0.33298218497829857,
crossing_90_e_1,481,coordinate-median graph ensemble,1.6,11,0.5525448436082482,
crossing_90_e_1,481,coordinate-median graph ensemble,2.0,11,0.8688667371917095,
crossing_90_e_1,481,coordinate-median graph ensemble,2.4000000000000004,11,1.244387541648662,
crossing_90_e_1,481,coordinate-median graph ensemble,2.8000000000000003,11,1.6482735893301905,
crossing_90_e_1,481,coordinate-median graph ensemble,3.2,11,2.084793863908201,
crossing_90_e_1,481,anchored coarse HGB,0.4,11,0.11086951975228314,
crossing_90_e_1,481,anchored coarse HGB,0.8,11,0.22305066430049833,
crossing_90_e_1,481,anchored coarse HGB,1.2000000000000002,11,0.3074718771187827,
crossing_90_e_1,481,anchored coarse HGB,1.6,11,0.4282947545371681,
crossing_90_e_1,481,anchored coarse HGB,2.0,11,0.5834476760662303,
crossing_90_e_1,481,anchored coarse HGB,2.4000000000000004,11,0.7568960769781274,
crossing_90_e_1,481,anchored coarse HGB,2.8000000000000003,11,0.9068305465671922,
crossing_90_e_1,481,anchored coarse HGB,3.2,11,1.0508655372509415,
crossing_90_e_1,481,GEL-Ped instability guard,0.4,11,0.10877818203230281,0.7383574251057616
crossing_90_e_1,481,GEL-Ped instability guard,0.8,11,0.21907016444848965,0.7181898970691751
crossing_90_e_1,481,GEL-Ped instability guard,1.2000000000000002,11,0.30811923998499674,0.6914072482791077
crossing_90_e_1,481,GEL-Ped instability guard,1.6,11,0.47795507836841017,0.673603004767219
crossing_90_e_1,481,GEL-Ped instability guard,2.0,11,0.6603988627622076,0.6568906196194556
crossing_90_e_1,481,GEL-Ped instability guard,2.4000000000000004,11,0.9158421583086999,0.6410093724365381
crossing_90_e_1,481,GEL-Ped instability guard,2.8000000000000003,11,1.182794872561959,0.6183693033386068
crossing_90_e_1,481,GEL-Ped instability guard,3.2,11,1.4957683960835189,0.6025889883727853
crossing_90_e_1,521,constant velocity,0.4,7,0.12911407132998243,
crossing_90_e_1,521,constant velocity,0.8,7,0.2349080136204755,
crossing_90_e_1,521,constant velocity,1.2000000000000002,7,0.40529005275405,
crossing_90_e_1,521,constant velocity,1.6,7,0.5449677664450213,
crossing_90_e_1,521,constant velocity,2.0,7,0.6884135750584074,
crossing_90_e_1,521,constant velocity,2.4000000000000004,7,0.8710995865262502,
crossing_90_e_1,521,constant velocity,2.8000000000000003,7,1.066617617009005,
crossing_90_e_1,521,constant velocity,3.2,7,1.218064654537206,
crossing_90_e_1,521,five-member graph ensemble,0.4,7,0.11424898338511293,
crossing_90_e_1,521,five-member graph ensemble,0.8,7,0.202769007593916,
crossing_90_e_1,521,five-member graph ensemble,1.2000000000000002,7,0.3579126875558097,
crossing_90_e_1,521,five-member graph ensemble,1.6,7,0.480767618172321,
crossing_90_e_1,521,five-member graph ensemble,2.0,7,0.7410381579995244,
crossing_90_e_1,521,five-member graph ensemble,2.4000000000000004,7,1.0841116262007031,
crossing_90_e_1,521,five-member graph ensemble,2.8000000000000003,7,1.5489353755562865,
crossing_90_e_1,521,five-member graph ensemble,3.2,7,2.041904393724192,
crossing_90_e_1,521,coordinate-median graph ensemble,0.4,7,0.11229144134306676,
crossing_90_e_1,521,coordinate-median graph ensemble,0.8,7,0.19940381187249168,
crossing_90_e_1,521,coordinate-median graph ensemble,1.2000000000000002,7,0.35248216486034567,
crossing_90_e_1,521,coordinate-median graph ensemble,1.6,7,0.4789944296128722,
crossing_90_e_1,521,coordinate-median graph ensemble,2.0,7,0.7548010140649344,
crossing_90_e_1,521,coordinate-median graph ensemble,2.4000000000000004,7,1.1094574397448487,
crossing_90_e_1,521,coordinate-median graph ensemble,2.8000000000000003,7,1.5900626672315854,
crossing_90_e_1,521,coordinate-median graph ensemble,3.2,7,2.1010680029604893,
crossing_90_e_1,521,anchored coarse HGB,0.4,7,0.13107732061960184,
crossing_90_e_1,521,anchored coarse HGB,0.8,7,0.24692656431333918,
crossing_90_e_1,521,anchored coarse HGB,1.2000000000000002,7,0.42308007011123977,
crossing_90_e_1,521,anchored coarse HGB,1.6,7,0.5545886955117773,
crossing_90_e_1,521,anchored coarse HGB,2.0,7,0.7126527915701596,
crossing_90_e_1,521,anchored coarse HGB,2.4000000000000004,7,0.9192403808270458,
crossing_90_e_1,521,anchored coarse HGB,2.8000000000000003,7,1.1740368411196098,
crossing_90_e_1,521,anchored coarse HGB,3.2,7,1.3986158010043304,
crossing_90_e_1,521,GEL-Ped instability guard,0.4,7,0.11995149098904097,0.8901826306108127
crossing_90_e_1,521,GEL-Ped instability guard,0.8,7,0.21627403276458193,0.8926506628779896
crossing_90_e_1,521,GEL-Ped instability guard,1.2000000000000002,7,0.3960892811462232,0.88044388472291
crossing_90_e_1,521,GEL-Ped instability guard,1.6,7,0.5403931961291797,0.8562399778121002
crossing_90_e_1,521,GEL-Ped instability guard,2.0,7,0.7340042711318727,0.8372811745293939
crossing_90_e_1,521,GEL-Ped instability guard,2.4000000000000004,7,0.9528946008178034,0.8018336415806003
crossing_90_e_1,521,GEL-Ped instability guard,2.8000000000000003,7,1.2742937560161771,0.7602005390522175
crossing_90_e_1,521,GEL-Ped instability guard,3.2,7,1.5742481747422914,0.7263344878100937
crossing_90_e_1,561,constant velocity,0.4,8,0.12171515724862389,
crossing_90_e_1,561,constant velocity,0.8,8,0.21730951542809285,
crossing_90_e_1,561,constant velocity,1.2000000000000002,8,0.43442851542079247,
crossing_90_e_1,561,constant velocity,1.6,8,0.6136494498272126,
crossing_90_e_1,561,constant velocity,2.0,8,0.7946700914525202,
crossing_90_e_1,561,constant velocity,2.4000000000000004,8,0.9383816173862658,
crossing_90_e_1,561,constant velocity,2.8000000000000003,8,1.060721435525873,
crossing_90_e_1,561,constant velocity,3.2,8,1.2349605123266048,
crossing_90_e_1,561,five-member graph ensemble,0.4,8,0.13813649750952128,
crossing_90_e_1,561,five-member graph ensemble,0.8,8,0.2548727459985418,
crossing_90_e_1,561,five-member graph ensemble,1.2000000000000002,8,0.5074360287272073,
crossing_90_e_1,561,five-member graph ensemble,1.6,8,0.7342381652774392,
crossing_90_e_1,561,five-member graph ensemble,2.0,8,1.001359846820339,
crossing_90_e_1,561,five-member graph ensemble,2.4000000000000004,8,1.2688207121074115,
crossing_90_e_1,561,five-member graph ensemble,2.8000000000000003,8,1.5021617883177334,
crossing_90_e_1,561,five-member graph ensemble,3.2,8,1.8122725114219493,
crossing_90_e_1,561,coordinate-median graph ensemble,0.4,8,0.1397133544615845,
crossing_90_e_1,561,coordinate-median graph ensemble,0.8,8,0.26058289410173874,
crossing_90_e_1,561,coordinate-median graph ensemble,1.2000000000000002,8,0.5129237005432048,
crossing_90_e_1,561,coordinate-median graph ensemble,1.6,8,0.7418796768159786,
crossing_90_e_1,561,coordinate-median graph ensemble,2.0,8,1.0121420123151381,
crossing_90_e_1,561,coordinate-median graph ensemble,2.4000000000000004,8,1.28037490451007,
crossing_90_e_1,561,coordinate-median graph ensemble,2.8000000000000003,8,1.5165104291892804,
crossing_90_e_1,561,coordinate-median graph ensemble,3.2,8,1.8233914847704005,
crossing_90_e_1,561,anchored coarse HGB,0.4,8,0.1245173383333677,
crossing_90_e_1,561,anchored coarse HGB,0.8,8,0.21946640460722713,
crossing_90_e_1,561,anchored coarse HGB,1.2000000000000002,8,0.41241722596011765,
crossing_90_e_1,561,anchored coarse HGB,1.6,8,0.5800736462436413,
crossing_90_e_1,561,anchored coarse HGB,2.0,8,0.7868338391564866,
crossing_90_e_1,561,anchored coarse HGB,2.4000000000000004,8,0.9435024993220353,
crossing_90_e_1,561,anchored coarse HGB,2.8000000000000003,8,1.082131598986418,
crossing_90_e_1,561,anchored coarse HGB,3.2,8,1.256570094138024,
crossing_90_e_1,561,GEL-Ped instability guard,0.4,8,0.12715039985891785,0.790764274104332
crossing_90_e_1,561,GEL-Ped instability guard,0.8,8,0.2262158784343192,0.7995076026088814
crossing_90_e_1,561,GEL-Ped instability guard,1.2000000000000002,8,0.440979257116205,0.8069933635378622
crossing_90_e_1,561,GEL-Ped instability guard,1.6,8,0.6308096267875049,0.8159392982762871
crossing_90_e_1,561,GEL-Ped instability guard,2.0,8,0.8372587842132774,0.8213396044393401
crossing_90_e_1,561,GEL-Ped instability guard,2.4000000000000004,8,1.0401162172462302,0.8273862074029168
crossing_90_e_1,561,GEL-Ped instability guard,2.8000000000000003,8,1.211055386784321,0.8337274289848036
crossing_90_e_1,561,GEL-Ped instability guard,3.2,8,1.4450909131590977,0.8270109914196042
crossing_90_e_2,96,constant velocity,0.4,4,0.16386083577634347,
crossing_90_e_2,96,constant velocity,0.8,4,0.3570669442834373,
crossing_90_e_2,96,constant velocity,1.2000000000000002,4,0.5435932172157689,
crossing_90_e_2,96,constant velocity,1.6,4,0.7541637578514131,
crossing_90_e_2,96,constant velocity,2.0,4,0.9670378566335582,
crossing_90_e_2,96,constant velocity,2.4000000000000004,4,1.2368156487813737,
crossing_90_e_2,96,constant velocity,2.8000000000000003,4,1.4883177752587688,
crossing_90_e_2,96,constant velocity,3.2,4,1.7431144676631716,
crossing_90_e_2,96,five-member graph ensemble,0.4,4,0.20290596373567377,
crossing_90_e_2,96,five-member graph ensemble,0.8,4,0.4888610628655844,
crossing_90_e_2,96,five-member graph ensemble,1.2000000000000002,4,0.8087616632646923,
crossing_90_e_2,96,five-member graph ensemble,1.6,4,1.1001990705098468,
crossing_90_e_2,96,five-member graph ensemble,2.0,4,1.343051261815369,
crossing_90_e_2,96,five-member graph ensemble,2.4000000000000004,4,1.6566673130901242,
crossing_90_e_2,96,five-member graph ensemble,2.8000000000000003,4,1.877253508434207,
crossing_90_e_2,96,five-member graph ensemble,3.2,4,2.1555222150113624,
crossing_90_e_2,96,coordinate-median graph ensemble,0.4,4,0.2005632817173419,
crossing_90_e_2,96,coordinate-median graph ensemble,0.8,4,0.48420319933765743,
crossing_90_e_2,96,coordinate-median graph ensemble,1.2000000000000002,4,0.8008140273385512,
crossing_90_e_2,96,coordinate-median graph ensemble,1.6,4,1.091021772404368,
crossing_90_e_2,96,coordinate-median graph ensemble,2.0,4,1.3309016787378534,
crossing_90_e_2,96,coordinate-median graph ensemble,2.4000000000000004,4,1.6344994896045821,
crossing_90_e_2,96,coordinate-median graph ensemble,2.8000000000000003,4,1.8421070001303868,
crossing_90_e_2,96,coordinate-median graph ensemble,3.2,4,2.101891798517922,
crossing_90_e_2,96,anchored coarse HGB,0.4,4,0.1711730221810454,
crossing_90_e_2,96,anchored coarse HGB,0.8,4,0.39557983553975706,
crossing_90_e_2,96,anchored coarse HGB,1.2000000000000002,4,0.6288685533461318,
crossing_90_e_2,96,anchored coarse HGB,1.6,4,0.8648614954622187,
crossing_90_e_2,96,anchored coarse HGB,2.0,4,1.080149572344681,
crossing_90_e_2,96,anchored coarse HGB,2.4000000000000004,4,1.3563381442777893,
crossing_90_e_2,96,anchored coarse HGB,2.8000000000000003,4,1.6174002738714344,
crossing_90_e_2,96,anchored coarse HGB,3.2,4,1.9174135622672916,
crossing_90_e_2,96,GEL-Ped instability guard,0.4,4,0.1883203825171348,0.48496406505564027
crossing_90_e_2,96,GEL-Ped instability guard,0.8,4,0.447611021863115,0.5534420109248299
crossing_90_e_2,96,GEL-Ped instability guard,1.2000000000000002,4,0.7355045489159655,0.5773071451842425
crossing_90_e_2,96,GEL-Ped instability guard,1.6,4,1.03196832759556,0.5319165181508473
crossing_90_e_2,96,GEL-Ped instability guard,2.0,4,1.3030000486467737,0.47391146650271365
crossing_90_e_2,96,GEL-Ped instability guard,2.4000000000000004,4,1.6298808850945503,0.4179287415689583
crossing_90_e_2,96,GEL-Ped instability guard,2.8000000000000003,4,1.939153350942194,0.37034605497191647
crossing_90_e_2,96,GEL-Ped instability guard,3.2,4,2.3505101459504942,0.3306839604087475
crossing_90_e_2,145,constant velocity,0.4,5,0.17720961335113197,
crossing_90_e_2,145,constant velocity,0.8,5,0.29291013590158654,
crossing_90_e_2,145,constant velocity,1.2000000000000002,5,0.38954822580626036,
crossing_90_e_2,145,constant velocity,1.6,5,0.45082507530137245,
crossing_90_e_2,145,constant velocity,2.0,5,0.5122048877673568,
crossing_90_e_2,145,constant velocity,2.4000000000000004,5,0.5951587994539029,
crossing_90_e_2,145,constant velocity,2.8000000000000003,5,0.7002743062367391,
crossing_90_e_2,145,constant velocity,3.2,5,0.7325672991074649,
crossing_90_e_2,145,five-member graph ensemble,0.4,5,0.16742530482298054,
crossing_90_e_2,145,five-member graph ensemble,0.8,5,0.27922100759540414,
crossing_90_e_2,145,five-member graph ensemble,1.2000000000000002,5,0.3894036572415863,
crossing_90_e_2,145,five-member graph ensemble,1.6,5,0.51638009360982,
crossing_90_e_2,145,five-member graph ensemble,2.0,5,0.8013881210620731,
crossing_90_e_2,145,five-member graph ensemble,2.4000000000000004,5,1.1624101423360957,
crossing_90_e_2,145,five-member graph ensemble,2.8000000000000003,5,1.6167622691907013,
crossing_90_e_2,145,five-member graph ensemble,3.2,5,2.0794623085881083,
crossing_90_e_2,145,coordinate-median graph ensemble,0.4,5,0.16626279510826011,
crossing_90_e_2,145,coordinate-median graph ensemble,0.8,5,0.27611693297591594,
crossing_90_e_2,145,coordinate-median graph ensemble,1.2000000000000002,5,0.37964886206279547,
crossing_90_e_2,145,coordinate-median graph ensemble,1.6,5,0.5006874535175645,
crossing_90_e_2,145,coordinate-median graph ensemble,2.0,5,0.782987754279012,
crossing_90_e_2,145,coordinate-median graph ensemble,2.4000000000000004,5,1.1363627647107557,
crossing_90_e_2,145,coordinate-median graph ensemble,2.8000000000000003,5,1.5835506975552636,
crossing_90_e_2,145,coordinate-median graph ensemble,3.2,5,2.0365528607436096,
crossing_90_e_2,145,anchored coarse HGB,0.4,5,0.17028014982448136,
crossing_90_e_2,145,anchored coarse HGB,0.8,5,0.2672021383703493,
crossing_90_e_2,145,anchored coarse HGB,1.2000000000000002,5,0.35176849919750686,
crossing_90_e_2,145,anchored coarse HGB,1.6,5,0.38375817371372417,
crossing_90_e_2,145,anchored coarse HGB,2.0,5,0.4049620316746395,
crossing_90_e_2,145,anchored coarse HGB,2.4000000000000004,5,0.4362660603631139,
crossing_90_e_2,145,anchored coarse HGB,2.8000000000000003,5,0.5516342818126161,
crossing_90_e_2,145,anchored coarse HGB,3.2,5,0.5877720878594184,
crossing_90_e_2,145,GEL-Ped instability guard,0.4,5,0.16427682493129225,0.8137919378434834
crossing_90_e_2,145,GEL-Ped instability guard,0.8,5,0.24706022972907277,0.8220530289190127
crossing_90_e_2,145,GEL-Ped instability guard,1.2000000000000002,5,0.3076727210852237,0.8114556527476434
crossing_90_e_2,145,GEL-Ped instability guard,1.6,5,0.3515421103700162,0.8008982277587834
crossing_90_e_2,145,GEL-Ped instability guard,2.0,5,0.500974203873527,0.7819780687190299
crossing_90_e_2,145,GEL-Ped instability guard,2.4000000000000004,5,0.6929913856937666,0.7460024438222917
crossing_90_e_2,145,GEL-Ped instability guard,2.8000000000000003,5,0.9455918247117566,0.7101181082894615
crossing_90_e_2,145,GEL-Ped instability guard,3.2,5,1.2164481367322744,0.6787318155376604
crossing_90_e_2,186,constant velocity,0.4,4,0.09358692316715708,
crossing_90_e_2,186,constant velocity,0.8,4,0.19278076625535812,
crossing_90_e_2,186,constant velocity,1.2000000000000002,4,0.27141158181929875,
crossing_90_e_2,186,constant velocity,1.6,4,0.3845742039952609,
crossing_90_e_2,186,constant velocity,2.0,4,0.5355587689956085,
crossing_90_e_2,186,constant velocity,2.4000000000000004,4,0.587031076791661,
crossing_90_e_2,186,constant velocity,2.8000000000000003,4,0.6402467394429378,
crossing_90_e_2,186,constant velocity,3.2,4,0.6627613135016771,
crossing_90_e_2,186,five-member graph ensemble,0.4,4,0.10115913372505553,
crossing_90_e_2,186,five-member graph ensemble,0.8,4,0.18643032717532304,
crossing_90_e_2,186,five-member graph ensemble,1.2000000000000002,4,0.1968625431130605,
crossing_90_e_2,186,five-member graph ensemble,1.6,4,0.19420712068451274,
crossing_90_e_2,186,five-member graph ensemble,2.0,4,0.36096657988243425,
crossing_90_e_2,186,five-member graph ensemble,2.4000000000000004,4,0.5567325775118779,
crossing_90_e_2,186,five-member graph ensemble,2.8000000000000003,4,0.9059551466810314,
crossing_90_e_2,186,five-member graph ensemble,3.2,4,1.3087810316410358,
crossing_90_e_2,186,coordinate-median graph ensemble,0.4,4,0.10167711883105257,
crossing_90_e_2,186,coordinate-median graph ensemble,0.8,4,0.18936913824587406,
crossing_90_e_2,186,coordinate-median graph ensemble,1.2000000000000002,4,0.19718084816385606,
crossing_90_e_2,186,coordinate-median graph ensemble,1.6,4,0.19414860743736184,
crossing_90_e_2,186,coordinate-median graph ensemble,2.0,4,0.36825692364780177,
crossing_90_e_2,186,coordinate-median graph ensemble,2.4000000000000004,4,0.5758520713263098,
crossing_90_e_2,186,coordinate-median graph ensemble,2.8000000000000003,4,0.9413005999347637,
crossing_90_e_2,186,coordinate-median graph ensemble,3.2,4,1.366243722103273,
crossing_90_e_2,186,anchored coarse HGB,0.4,4,0.09645132785435169,
crossing_90_e_2,186,anchored coarse HGB,0.8,4,0.19282367140989348,
crossing_90_e_2,186,anchored coarse HGB,1.2000000000000002,4,0.24636457037876475,
crossing_90_e_2,186,anchored coarse HGB,1.6,4,0.3130567130345691,
crossing_90_e_2,186,anchored coarse HGB,2.0,4,0.436874245891812,
crossing_90_e_2,186,anchored coarse HGB,2.4000000000000004,4,0.5114251006763877,
crossing_90_e_2,186,anchored coarse HGB,2.8000000000000003,4,0.583084233337537,
crossing_90_e_2,186,anchored coarse HGB,3.2,4,0.6303322134939412,
crossing_90_e_2,186,GEL-Ped instability guard,0.4,4,0.10115913372505553,1.0
crossing_90_e_2,186,GEL-Ped instability guard,0.8,4,0.18643032717532304,1.0
crossing_90_e_2,186,GEL-Ped instability guard,1.2000000000000002,4,0.1968625431130605,1.0
crossing_90_e_2,186,GEL-Ped instability guard,1.6,4,0.19533287597926657,0.9581637240694729
crossing_90_e_2,186,GEL-Ped instability guard,2.0,4,0.33687700750207095,0.9159955225706782
crossing_90_e_2,186,GEL-Ped instability guard,2.4000000000000004,4,0.44011982728553034,0.8674896985698166
crossing_90_e_2,186,GEL-Ped instability guard,2.8000000000000003,4,0.6678911782806782,0.8125152743173121
crossing_90_e_2,186,GEL-Ped instability guard,3.2,4,0.8943725275001152,0.7650266905397174
crossing_90_e_2,231,constant velocity,0.4,4,0.08919211080268928,
crossing_90_e_2,231,constant velocity,0.8,4,0.3106714884361914,
crossing_90_e_2,231,constant velocity,1.2000000000000002,4,0.5199253135427542,
crossing_90_e_2,231,constant velocity,1.6,4,0.7280448361934,
crossing_90_e_2,231,constant velocity,2.0,4,0.8806827882516854,
crossing_90_e_2,231,constant velocity,2.4000000000000004,4,1.0656696953022928,
crossing_90_e_2,231,constant velocity,2.8000000000000003,4,1.1779584151212643,
crossing_90_e_2,231,constant velocity,3.2,4,1.2620310389150566,
crossing_90_e_2,231,five-member graph ensemble,0.4,4,0.12612080383946064,
crossing_90_e_2,231,five-member graph ensemble,0.8,4,0.36447294862081336,
crossing_90_e_2,231,five-member graph ensemble,1.2000000000000002,4,0.6660773336876319,
crossing_90_e_2,231,five-member graph ensemble,1.6,4,1.0613876381290999,
crossing_90_e_2,231,five-member graph ensemble,2.0,4,1.6189788557119469,
crossing_90_e_2,231,five-member graph ensemble,2.4000000000000004,4,2.2639600353033136,
crossing_90_e_2,231,five-member graph ensemble,2.8000000000000003,4,2.943951823778243,
crossing_90_e_2,231,five-member graph ensemble,3.2,4,3.6600737407686745,
crossing_90_e_2,231,coordinate-median graph ensemble,0.4,4,0.12769170442153094,
crossing_90_e_2,231,coordinate-median graph ensemble,0.8,4,0.3755719764841054,
crossing_90_e_2,231,coordinate-median graph ensemble,1.2000000000000002,4,0.6881139738461897,
crossing_90_e_2,231,coordinate-median graph ensemble,1.6,4,1.1236927535278147,
crossing_90_e_2,231,coordinate-median graph ensemble,2.0,4,1.7014918894188633,
crossing_90_e_2,231,coordinate-median graph ensemble,2.4000000000000004,4,2.3655687859006567,
crossing_90_e_2,231,coordinate-median graph ensemble,2.8000000000000003,4,3.071178173660153,
crossing_90_e_2,231,coordinate-median graph ensemble,3.2,4,3.80549214252886,
crossing_90_e_2,231,anchored coarse HGB,0.4,4,0.09877054994689824,
crossing_90_e_2,231,anchored coarse HGB,0.8,4,0.3154708979897958,
crossing_90_e_2,231,anchored coarse HGB,1.2000000000000002,4,0.5293733950096796,
crossing_90_e_2,231,anchored coarse HGB,1.6,4,0.7434266101732662,
crossing_90_e_2,231,anchored coarse HGB,2.0,4,0.9046843003165996,
crossing_90_e_2,231,anchored coarse HGB,2.4000000000000004,4,1.1506964674877125,
crossing_90_e_2,231,anchored coarse HGB,2.8000000000000003,4,1.3687778586419814,
crossing_90_e_2,231,anchored coarse HGB,3.2,4,1.6433545283652462,
crossing_90_e_2,231,GEL-Ped instability guard,0.4,4,0.1022347415193203,0.22866284767345868
crossing_90_e_2,231,GEL-Ped instability guard,0.8,4,0.31604629088376507,0.25751174979709957
crossing_90_e_2,231,GEL-Ped instability guard,1.2000000000000002,4,0.5430247038400393,0.24085318684353108
crossing_90_e_2,231,GEL-Ped instability guard,1.6,4,0.7913966769970763,0.23579785234662437
crossing_90_e_2,231,GEL-Ped instability guard,2.0,4,1.0068981034527853,0.23336582170586392
crossing_90_e_2,231,GEL-Ped instability guard,2.4000000000000004,4,1.3175945129049378,0.23700392959784403
crossing_90_e_2,231,GEL-Ped instability guard,2.8000000000000003,4,1.6523182056687602,0.24526064947564996
crossing_90_e_2,231,GEL-Ped instability guard,3.2,4,2.072247084312977,0.2570212014192026
crossing_90_e_2,271,constant velocity,0.4,6,0.11524877902611758,
crossing_90_e_2,271,constant velocity,0.8,6,0.25869328358211346,
crossing_90_e_2,271,constant velocity,1.2000000000000002,6,0.35580835426684393,
crossing_90_e_2,271,constant velocity,1.6,6,0.5659560047948725,
crossing_90_e_2,271,constant velocity,2.0,6,0.7792518526786992,
crossing_90_e_2,271,constant velocity,2.4000000000000004,6,1.0451142848585762,
crossing_90_e_2,271,constant velocity,2.8000000000000003,6,1.2497468363151942,
crossing_90_e_2,271,constant velocity,3.2,6,1.4730864946321869,
crossing_90_e_2,271,five-member graph ensemble,0.4,6,0.13346939682919431,
crossing_90_e_2,271,five-member graph ensemble,0.8,6,0.28726117646702043,
crossing_90_e_2,271,five-member graph ensemble,1.2000000000000002,6,0.4538525209064224,
crossing_90_e_2,271,five-member graph ensemble,1.6,6,0.7910073525323161,
crossing_90_e_2,271,five-member graph ensemble,2.0,6,1.2182539369626992,
crossing_90_e_2,271,five-member graph ensemble,2.4000000000000004,6,1.7399690053003731,
crossing_90_e_2,271,five-member graph ensemble,2.8000000000000003,6,2.3549860982617723,
crossing_90_e_2,271,five-member graph ensemble,3.2,6,2.929771523931194,
crossing_90_e_2,271,coordinate-median graph ensemble,0.4,6,0.13335233463776178,
crossing_90_e_2,271,coordinate-median graph ensemble,0.8,6,0.28240391535053394,
crossing_90_e_2,271,coordinate-median graph ensemble,1.2000000000000002,6,0.4602915742065273,
crossing_90_e_2,271,coordinate-median graph ensemble,1.6,6,0.809985388222661,
crossing_90_e_2,271,coordinate-median graph ensemble,2.0,6,1.2558398690714971,
crossing_90_e_2,271,coordinate-median graph ensemble,2.4000000000000004,6,1.7833488748896107,
crossing_90_e_2,271,coordinate-median graph ensemble,2.8000000000000003,6,2.4060232509816255,
crossing_90_e_2,271,coordinate-median graph ensemble,3.2,6,2.999081813418226,
crossing_90_e_2,271,anchored coarse HGB,0.4,6,0.12091949715609318,
crossing_90_e_2,271,anchored coarse HGB,0.8,6,0.2720835769271458,
crossing_90_e_2,271,anchored coarse HGB,1.2000000000000002,6,0.3856364499237395,
crossing_90_e_2,271,anchored coarse HGB,1.6,6,0.6288384896105579,
crossing_90_e_2,271,anchored coarse HGB,2.0,6,0.9413268921305761,
crossing_90_e_2,271,anchored coarse HGB,2.4000000000000004,6,1.287788686415434,
crossing_90_e_2,271,anchored coarse HGB,2.8000000000000003,6,1.6091836457998772,
crossing_90_e_2,271,anchored coarse HGB,3.2,6,1.9581072198096166,
crossing_90_e_2,271,GEL-Ped instability guard,0.4,6,0.13305106533300626,0.5094908868361273
crossing_90_e_2,271,GEL-Ped instability guard,0.8,6,0.2954405242272103,0.49808770212180004
crossing_90_e_2,271,GEL-Ped instability guard,1.2000000000000002,6,0.41854103957901484,0.5172419518089822
crossing_90_e_2,271,GEL-Ped instability guard,1.6,6,0.689447167240794,0.5403906233402791
crossing_90_e_2,271,GEL-Ped instability guard,2.0,6,1.0478377406100938,0.5551164047182349
crossing_90_e_2,271,GEL-Ped instability guard,2.4000000000000004,6,1.4807703416955533,0.5610594449112662
crossing_90_e_2,271,GEL-Ped instability guard,2.8000000000000003,6,1.988841484259459,0.573580671151965
crossing_90_e_2,271,GEL-Ped instability guard,3.2,6,2.4606625077368025,0.583600080624841
crossing_90_e_2,311,constant velocity,0.4,10,0.19199999317765173,
crossing_90_e_2,311,constant velocity,0.8,10,0.3197627310264811,
crossing_90_e_2,311,constant velocity,1.2000000000000002,10,0.4744270416170471,
crossing_90_e_2,311,constant velocity,1.6,10,0.6101281724173864,
crossing_90_e_2,311,constant velocity,2.0,10,0.721611855313337,
crossing_90_e_2,311,constant velocity,2.4000000000000004,10,0.8315006790463002,
crossing_90_e_2,311,constant velocity,2.8000000000000003,10,0.9557124687710512,
crossing_90_e_2,311,constant velocity,3.2,10,1.055260044628632,
crossing_90_e_2,311,five-member graph ensemble,0.4,10,0.19274806229932542,
crossing_90_e_2,311,five-member graph ensemble,0.8,10,0.32630597486323554,
crossing_90_e_2,311,five-member graph ensemble,1.2000000000000002,10,0.5223705855890768,
crossing_90_e_2,311,five-member graph ensemble,1.6,10,0.7437534704791569,
crossing_90_e_2,311,five-member graph ensemble,2.0,10,1.0641652975932892,
crossing_90_e_2,311,five-member graph ensemble,2.4000000000000004,10,1.4789517105874892,
crossing_90_e_2,311,five-member graph ensemble,2.8000000000000003,10,1.9033697225258657,
crossing_90_e_2,311,five-member graph ensemble,3.2,10,2.4070340315904772,
crossing_90_e_2,311,coordinate-median graph ensemble,0.4,10,0.19453766373796838,
crossing_90_e_2,311,coordinate-median graph ensemble,0.8,10,0.32807301175704956,
crossing_90_e_2,311,coordinate-median graph ensemble,1.2000000000000002,10,0.5271536351497484,
crossing_90_e_2,311,coordinate-median graph ensemble,1.6,10,0.7539804862986663,
crossing_90_e_2,311,coordinate-median graph ensemble,2.0,10,1.0719351044426566,
crossing_90_e_2,311,coordinate-median graph ensemble,2.4000000000000004,10,1.4846020775204891,
crossing_90_e_2,311,coordinate-median graph ensemble,2.8000000000000003,10,1.9064950870532573,
crossing_90_e_2,311,coordinate-median graph ensemble,3.2,10,2.415610181254461,
crossing_90_e_2,311,anchored coarse HGB,0.4,10,0.20051645362826873,
crossing_90_e_2,311,anchored coarse HGB,0.8,10,0.3414683381959956,
crossing_90_e_2,311,anchored coarse HGB,1.2000000000000002,10,0.5319772031718204,
crossing_90_e_2,311,anchored coarse HGB,1.6,10,0.6930673029947327,
crossing_90_e_2,311,anchored coarse HGB,2.0,10,0.8403095247923467,
crossing_90_e_2,311,anchored coarse HGB,2.4000000000000004,10,0.9963827944072664,
crossing_90_e_2,311,anchored coarse HGB,2.8000000000000003,10,1.1990537720287564,
crossing_90_e_2,311,anchored coarse HGB,3.2,10,1.405495866978009,
crossing_90_e_2,311,GEL-Ped instability guard,0.4,10,0.19914559995967382,0.5973735892265678
crossing_90_e_2,311,GEL-Ped instability guard,0.8,10,0.34183745135136967,0.6007938531530702
crossing_90_e_2,311,GEL-Ped instability guard,1.2000000000000002,10,0.5519778424309201,0.6139922045211971
crossing_90_e_2,311,GEL-Ped instability guard,1.6,10,0.7570974228176129,0.6068033390082361
crossing_90_e_2,311,GEL-Ped instability guard,2.0,10,0.9512433012380587,0.5977791764909303
crossing_90_e_2,311,GEL-Ped instability guard,2.4000000000000004,10,1.1919629120862834,0.5912154978112129
crossing_90_e_2,311,GEL-Ped instability guard,2.8000000000000003,10,1.5230409178596926,0.585833103332836
crossing_90_e_2,311,GEL-Ped instability guard,3.2,10,1.927433494566812,0.577107870920389
crossing_90_e_2,351,constant velocity,0.4,11,0.15307299926398032,
crossing_90_e_2,351,constant velocity,0.8,11,0.2559148556186287,
crossing_90_e_2,351,constant velocity,1.2000000000000002,11,0.4262724889008887,
crossing_90_e_2,351,constant velocity,1.6,11,0.6200595745517001,
crossing_90_e_2,351,constant velocity,2.0,11,0.7686972637547577,
crossing_90_e_2,351,constant velocity,2.4000000000000004,11,0.8583581467477338,
crossing_90_e_2,351,constant velocity,2.8000000000000003,11,0.9063096009217454,
crossing_90_e_2,351,constant velocity,3.2,11,1.0194450606213534,
crossing_90_e_2,351,five-member graph ensemble,0.4,11,0.1510342286169625,
crossing_90_e_2,351,five-member graph ensemble,0.8,11,0.2764567640712636,
crossing_90_e_2,351,five-member graph ensemble,1.2000000000000002,11,0.4637660048069534,
crossing_90_e_2,351,five-member graph ensemble,1.6,11,0.7067999612421705,
crossing_90_e_2,351,five-member graph ensemble,2.0,11,0.992948257061941,
crossing_90_e_2,351,five-member graph ensemble,2.4000000000000004,11,1.3125450904485911,
crossing_90_e_2,351,five-member graph ensemble,2.8000000000000003,11,1.6239363529491415,
crossing_90_e_2,351,five-member graph ensemble,3.2,11,2.021431567632925,
crossing_90_e_2,351,coordinate-median graph ensemble,0.4,11,0.15091785450194015,
crossing_90_e_2,351,coordinate-median graph ensemble,0.8,11,0.27819985709713657,
crossing_90_e_2,351,coordinate-median graph ensemble,1.2000000000000002,11,0.4691855931627517,
crossing_90_e_2,351,coordinate-median graph ensemble,1.6,11,0.710841838077341,
crossing_90_e_2,351,coordinate-median graph ensemble,2.0,11,0.996676129245521,
crossing_90_e_2,351,coordinate-median graph ensemble,2.4000000000000004,11,1.3115905066824334,
crossing_90_e_2,351,coordinate-median graph ensemble,2.8000000000000003,11,1.6220568130751813,
crossing_90_e_2,351,coordinate-median graph ensemble,3.2,11,2.023284782145845,
crossing_90_e_2,351,anchored coarse HGB,0.4,11,0.1504055538829854,
crossing_90_e_2,351,anchored coarse HGB,0.8,11,0.26003776484304647,
crossing_90_e_2,351,anchored coarse HGB,1.2000000000000002,11,0.42177335224049767,
crossing_90_e_2,351,anchored coarse HGB,1.6,11,0.6054363179369693,
crossing_90_e_2,351,anchored coarse HGB,2.0,11,0.7617503153726687,
crossing_90_e_2,351,anchored coarse HGB,2.4000000000000004,11,0.8671062180481257,
crossing_90_e_2,351,anchored coarse HGB,2.8000000000000003,11,0.9282472175017479,
crossing_90_e_2,351,anchored coarse HGB,3.2,11,1.0570474331421214,
crossing_90_e_2,351,GEL-Ped instability guard,0.4,11,0.1528326578615165,0.8786082802022402
crossing_90_e_2,351,GEL-Ped instability guard,0.8,11,0.2777404855361365,0.8525100402772121
crossing_90_e_2,351,GEL-Ped instability guard,1.2000000000000002,11,0.45743450069759467,0.8231780299897969
crossing_90_e_2,351,GEL-Ped instability guard,1.6,11,0.6769192945355728,0.8013845378416773
crossing_90_e_2,351,GEL-Ped instability guard,2.0,11,0.9187371000888551,0.7881671721145068
crossing_90_e_2,351,GEL-Ped instability guard,2.4000000000000004,11,1.1611707725403546,0.7707988489937616
crossing_90_e_2,351,GEL-Ped instability guard,2.8000000000000003,11,1.3923763482279792,0.7544387368539593
crossing_90_e_2,351,GEL-Ped instability guard,3.2,11,1.731263863830621,0.7362089478369471
crossing_90_e_2,391,constant velocity,0.4,11,0.21897569960957008,
crossing_90_e_2,391,constant velocity,0.8,11,0.36604215701155207,
crossing_90_e_2,391,constant velocity,1.2000000000000002,11,0.6210054781473474,
crossing_90_e_2,391,constant velocity,1.6,11,0.8563355233797544,
crossing_90_e_2,391,constant velocity,2.0,11,1.1076047272824583,
crossing_90_e_2,391,constant velocity,2.4000000000000004,11,1.3563100692065582,
crossing_90_e_2,391,constant velocity,2.8000000000000003,11,1.5867027034744197,
crossing_90_e_2,391,constant velocity,3.2,11,1.7861025822936627,
crossing_90_e_2,391,five-member graph ensemble,0.4,11,0.23028488647783718,
crossing_90_e_2,391,five-member graph ensemble,0.8,11,0.41823327340262434,
crossing_90_e_2,391,five-member graph ensemble,1.2000000000000002,11,0.725114047802509,
crossing_90_e_2,391,five-member graph ensemble,1.6,11,1.0726745052605613,
crossing_90_e_2,391,five-member graph ensemble,2.0,11,1.5033293266948817,
crossing_90_e_2,391,five-member graph ensemble,2.4000000000000004,11,1.9757643215839864,
crossing_90_e_2,391,five-member graph ensemble,2.8000000000000003,11,2.448792665145741,
crossing_90_e_2,391,five-member graph ensemble,3.2,11,2.9941457490820067,
crossing_90_e_2,391,coordinate-median graph ensemble,0.4,11,0.22931504498462055,
crossing_90_e_2,391,coordinate-median graph ensemble,0.8,11,0.41327272205624654,
crossing_90_e_2,391,coordinate-median graph ensemble,1.2000000000000002,11,0.7158162300654993,
crossing_90_e_2,391,coordinate-median graph ensemble,1.6,11,1.056123694853918,
crossing_90_e_2,391,coordinate-median graph ensemble,2.0,11,1.4866958083707131,
crossing_90_e_2,391,coordinate-median graph ensemble,2.4000000000000004,11,1.9590603706581786,
crossing_90_e_2,391,coordinate-median graph ensemble,2.8000000000000003,11,2.439091366136652,
crossing_90_e_2,391,coordinate-median graph ensemble,3.2,11,2.9889285134640264,
crossing_90_e_2,391,anchored coarse HGB,0.4,11,0.22498898112676963,
crossing_90_e_2,391,anchored coarse HGB,0.8,11,0.37895354669722026,
crossing_90_e_2,391,anchored coarse HGB,1.2000000000000002,11,0.620553298076987,
crossing_90_e_2,391,anchored coarse HGB,1.6,11,0.850289991197858,
crossing_90_e_2,391,anchored coarse HGB,2.0,11,1.129912936438561,
crossing_90_e_2,391,anchored coarse HGB,2.4000000000000004,11,1.434105317336749,
crossing_90_e_2,391,anchored coarse HGB,2.8000000000000003,11,1.7301220098995123,
crossing_90_e_2,391,anchored coarse HGB,3.2,11,2.0409634038867526,
crossing_90_e_2,391,GEL-Ped instability guard,0.4,11,0.2248545042118072,0.6016266905370218
crossing_90_e_2,391,GEL-Ped instability guard,0.8,11,0.3872726585448179,0.6408654203932673
crossing_90_e_2,391,GEL-Ped instability guard,1.2000000000000002,11,0.6389373513228405,0.6355728803611425
crossing_90_e_2,391,GEL-Ped instability guard,1.6,11,0.9013259251465476,0.636421733257239
crossing_90_e_2,391,GEL-Ped instability guard,2.0,11,1.2349432884972267,0.6357442448340039
crossing_90_e_2,391,GEL-Ped instability guard,2.4000000000000004,11,1.614023566279279,0.6311628428387447
crossing_90_e_2,391,GEL-Ped instability guard,2.8000000000000003,11,1.9848812586821483,0.6150366230712173
crossing_90_e_2,391,GEL-Ped instability guard,3.2,11,2.417919229389678,0.6034333420613643
crossing_90_e_2,431,constant velocity,0.4,12,0.13608611378534713,
crossing_90_e_2,431,constant velocity,0.8,12,0.24443186500478287,
crossing_90_e_2,431,constant velocity,1.2000000000000002,12,0.46340480878140083,
crossing_90_e_2,431,constant velocity,1.6,12,0.6953942542937734,
crossing_90_e_2,431,constant velocity,2.0,12,0.9423491254385498,
crossing_90_e_2,431,constant velocity,2.4000000000000004,12,1.1512545034881156,
crossing_90_e_2,431,constant velocity,2.8000000000000003,12,1.2705176622132044,
crossing_90_e_2,431,constant velocity,3.2,12,1.327722014149551,
crossing_90_e_2,431,five-member graph ensemble,0.4,12,0.13699364453245608,
crossing_90_e_2,431,five-member graph ensemble,0.8,12,0.24661465188524453,
crossing_90_e_2,431,five-member graph ensemble,1.2000000000000002,12,0.39522954093866586,
crossing_90_e_2,431,five-member graph ensemble,1.6,12,0.5855395681388089,
crossing_90_e_2,431,five-member graph ensemble,2.0,12,0.8369607354160902,
crossing_90_e_2,431,five-member graph ensemble,2.4000000000000004,12,1.1350143639397408,
crossing_90_e_2,431,five-member graph ensemble,2.8000000000000003,12,1.4445526708316452,
crossing_90_e_2,431,five-member graph ensemble,3.2,12,1.7768800605286135,
crossing_90_e_2,431,coordinate-median graph ensemble,0.4,12,0.135441941137707,
crossing_90_e_2,431,coordinate-median graph ensemble,0.8,12,0.2471396388547965,
crossing_90_e_2,431,coordinate-median graph ensemble,1.2000000000000002,12,0.3922893837461198,
crossing_90_e_2,431,coordinate-median graph ensemble,1.6,12,0.5821846482339063,
crossing_90_e_2,431,coordinate-median graph ensemble,2.0,12,0.8347226325872553,
crossing_90_e_2,431,coordinate-median graph ensemble,2.4000000000000004,12,1.1328428677807303,
crossing_90_e_2,431,coordinate-median graph ensemble,2.8000000000000003,12,1.4414553409211213,
crossing_90_e_2,431,coordinate-median graph ensemble,3.2,12,1.7697651947879656,
crossing_90_e_2,431,anchored coarse HGB,0.4,12,0.12549786884957662,
crossing_90_e_2,431,anchored coarse HGB,0.8,12,0.2300239760064279,
crossing_90_e_2,431,anchored coarse HGB,1.2000000000000002,12,0.3770727632518432,
crossing_90_e_2,431,anchored coarse HGB,1.6,12,0.5439367895699656,
crossing_90_e_2,431,anchored coarse HGB,2.0,12,0.7076614833507034,
crossing_90_e_2,431,anchored coarse HGB,2.4000000000000004,12,0.8850777697177691,
crossing_90_e_2,431,anchored coarse HGB,2.8000000000000003,12,0.945369935903735,
crossing_90_e_2,431,anchored coarse HGB,3.2,12,1.0073813904241078,
crossing_90_e_2,431,GEL-Ped instability guard,0.4,12,0.1359729505366658,0.8220893585271422
crossing_90_e_2,431,GEL-Ped instability guard,0.8,12,0.24548609876524455,0.8041395165396803
crossing_90_e_2,431,GEL-Ped instability guard,1.2000000000000002,12,0.3970409269888411,0.8070187078853895
crossing_90_e_2,431,GEL-Ped instability guard,1.6,12,0.5782411777880533,0.7986438203454216
crossing_90_e_2,431,GEL-Ped instability guard,2.0,12,0.8086548559676774,0.7875382722136754
crossing_90_e_2,431,GEL-Ped instability guard,2.4000000000000004,12,1.0684396542622543,0.7740836794498919
crossing_90_e_2,431,GEL-Ped instability guard,2.8000000000000003,12,1.320355834699152,0.7592399778850843
crossing_90_e_2,431,GEL-Ped instability guard,3.2,12,1.5846186926436765,0.7471426809507957
crossing_90_e_2,471,constant velocity,0.4,9,0.1623417293264181,
crossing_90_e_2,471,constant velocity,0.8,9,0.3761538421129458,
crossing_90_e_2,471,constant velocity,1.2000000000000002,9,0.6368424937914747,
crossing_90_e_2,471,constant velocity,1.6,9,0.8717335870299562,
crossing_90_e_2,471,constant velocity,2.0,9,1.0654150762353285,
crossing_90_e_2,471,constant velocity,2.4000000000000004,9,1.2530439717861026,
crossing_90_e_2,471,constant velocity,2.8000000000000003,9,1.3905756896565653,
crossing_90_e_2,471,constant velocity,3.2,9,1.576868243333081,
crossing_90_e_2,471,five-member graph ensemble,0.4,9,0.15961218048051373,
crossing_90_e_2,471,five-member graph ensemble,0.8,9,0.33244213097773934,
crossing_90_e_2,471,five-member graph ensemble,1.2000000000000002,9,0.6403385251252052,
crossing_90_e_2,471,five-member graph ensemble,1.6,9,0.9742244188037894,
crossing_90_e_2,471,five-member graph ensemble,2.0,9,1.3140176025647028,
crossing_90_e_2,471,five-member graph ensemble,2.4000000000000004,9,1.679708017100931,
crossing_90_e_2,471,five-member graph ensemble,2.8000000000000003,9,2.0176366255256286,
crossing_90_e_2,471,five-member graph ensemble,3.2,9,2.524435153858242,
crossing_90_e_2,471,coordinate-median graph ensemble,0.4,9,0.15899463503310995,
crossing_90_e_2,471,coordinate-median graph ensemble,0.8,9,0.3296504636299864,
crossing_90_e_2,471,coordinate-median graph ensemble,1.2000000000000002,9,0.6327399723685128,
crossing_90_e_2,471,coordinate-median graph ensemble,1.6,9,0.95862524106942,
crossing_90_e_2,471,coordinate-median graph ensemble,2.0,9,1.290072960082676,
crossing_90_e_2,471,coordinate-median graph ensemble,2.4000000000000004,9,1.650575629157386,
crossing_90_e_2,471,coordinate-median graph ensemble,2.8000000000000003,9,1.9814040316766364,
crossing_90_e_2,471,coordinate-median graph ensemble,3.2,9,2.512953669214995,
crossing_90_e_2,471,anchored coarse HGB,0.4,9,0.1592039793331175,
crossing_90_e_2,471,anchored coarse HGB,0.8,9,0.3426604223468616,
crossing_90_e_2,471,anchored coarse HGB,1.2000000000000002,9,0.595715672514751,
crossing_90_e_2,471,anchored coarse HGB,1.6,9,0.8346367132528124,
crossing_90_e_2,471,anchored coarse HGB,2.0,9,1.0352780506915804,
crossing_90_e_2,471,anchored coarse HGB,2.4000000000000004,9,1.224566329653429,
crossing_90_e_2,471,anchored coarse HGB,2.8000000000000003,9,1.349901354801053,
crossing_90_e_2,471,anchored coarse HGB,3.2,9,1.562041223371276,
crossing_90_e_2,471,GEL-Ped instability guard,0.4,9,0.15700361138501823,0.6620422109960002
crossing_90_e_2,471,GEL-Ped instability guard,0.8,9,0.32720011634889967,0.6375680319816963
crossing_90_e_2,471,GEL-Ped instability guard,1.2000000000000002,9,0.6022804580887198,0.6287376846235964
crossing_90_e_2,471,GEL-Ped instability guard,1.6,9,0.878672128837467,0.6285692654433761
crossing_90_e_2,471,GEL-Ped instability guard,2.0,9,1.1289243377213578,0.6253646547514691
crossing_90_e_2,471,GEL-Ped instability guard,2.4000000000000004,9,1.3804923202427242,0.6187779236708165
crossing_90_e_2,471,GEL-Ped instability guard,2.8000000000000003,9,1.5926393442032698,0.6119463092801383
crossing_90_e_2,471,GEL-Ped instability guard,3.2,9,1.9871244531473995,0.5991296166406094
crossing_90_e_2,511,constant velocity,0.4,7,0.13276194230035934,
crossing_90_e_2,511,constant velocity,0.8,7,0.23245160680342553,
crossing_90_e_2,511,constant velocity,1.2000000000000002,7,0.3760960859949403,
crossing_90_e_2,511,constant velocity,1.6,7,0.4898321356846254,
crossing_90_e_2,511,constant velocity,2.0,7,0.6707219572988864,
crossing_90_e_2,511,constant velocity,2.4000000000000004,7,0.8698632723060641,
crossing_90_e_2,511,constant velocity,2.8000000000000003,7,1.0485859768252692,
crossing_90_e_2,511,constant velocity,3.2,7,1.1753204014756142,
crossing_90_e_2,511,five-member graph ensemble,0.4,7,0.1509443327358219,
crossing_90_e_2,511,five-member graph ensemble,0.8,7,0.30539675513762077,
crossing_90_e_2,511,five-member graph ensemble,1.2000000000000002,7,0.5391278922750519,
crossing_90_e_2,511,five-member graph ensemble,1.6,7,0.8417164118244257,
crossing_90_e_2,511,five-member graph ensemble,2.0,7,1.2882079542727811,
crossing_90_e_2,511,five-member graph ensemble,2.4000000000000004,7,1.7585183119224526,
crossing_90_e_2,511,five-member graph ensemble,2.8000000000000003,7,2.216210407275635,
crossing_90_e_2,511,five-member graph ensemble,3.2,7,2.6177994912822,
crossing_90_e_2,511,coordinate-median graph ensemble,0.4,7,0.14947771763294895,
crossing_90_e_2,511,coordinate-median graph ensemble,0.8,7,0.30391109194216703,
crossing_90_e_2,511,coordinate-median graph ensemble,1.2000000000000002,7,0.5427228439441582,
crossing_90_e_2,511,coordinate-median graph ensemble,1.6,7,0.859888276771355,
crossing_90_e_2,511,coordinate-median graph ensemble,2.0,7,1.3184400858338372,
crossing_90_e_2,511,coordinate-median graph ensemble,2.4000000000000004,7,1.8001298945855833,
crossing_90_e_2,511,coordinate-median graph ensemble,2.8000000000000003,7,2.2755218141641556,
crossing_90_e_2,511,coordinate-median graph ensemble,3.2,7,2.701857330296691,
crossing_90_e_2,511,anchored coarse HGB,0.4,7,0.14767212702495616,
crossing_90_e_2,511,anchored coarse HGB,0.8,7,0.27689986542813977,
crossing_90_e_2,511,anchored coarse HGB,1.2000000000000002,7,0.47134229877541006,
crossing_90_e_2,511,anchored coarse HGB,1.6,7,0.6600565445350662,
crossing_90_e_2,511,anchored coarse HGB,2.0,7,0.962612786931629,
crossing_90_e_2,511,anchored coarse HGB,2.4000000000000004,7,1.321347183878644,
crossing_90_e_2,511,anchored coarse HGB,2.8000000000000003,7,1.708140426431063,
crossing_90_e_2,511,anchored coarse HGB,3.2,7,2.0737057016692746,
crossing_90_e_2,511,GEL-Ped instability guard,0.4,7,0.15829390253016068,0.7348881659646808
crossing_90_e_2,511,GEL-Ped instability guard,0.8,7,0.3085171857452534,0.7430252580274619
crossing_90_e_2,511,GEL-Ped instability guard,1.2000000000000002,7,0.5057278528017977,0.7440227541613268
crossing_90_e_2,511,GEL-Ped instability guard,1.6,7,0.7442122076138133,0.7338845684641093
crossing_90_e_2,511,GEL-Ped instability guard,2.0,7,1.1330410376520998,0.7219832319345454
crossing_90_e_2,511,GEL-Ped instability guard,2.4000000000000004,7,1.5477144542863246,0.7118719040463993
crossing_90_e_2,511,GEL-Ped instability guard,2.8000000000000003,7,1.972538404448167,0.7033587999905332
crossing_90_e_2,511,GEL-Ped instability guard,3.2,7,2.352932396345955,0.698289784229577
crossing_90_e_2,551,constant velocity,0.4,7,0.1726617590056693,
crossing_90_e_2,551,constant velocity,0.8,7,0.2824257573445557,
crossing_90_e_2,551,constant velocity,1.2000000000000002,7,0.5011355770728708,
crossing_90_e_2,551,constant velocity,1.6,7,0.6769328199621766,
crossing_90_e_2,551,constant velocity,2.0,7,0.8201237433563031,
crossing_90_e_2,551,constant velocity,2.4000000000000004,7,0.9521297057485721,
crossing_90_e_2,551,constant velocity,2.8000000000000003,7,1.0993255641020077,
crossing_90_e_2,551,constant velocity,3.2,7,1.2390891778574251,
crossing_90_e_2,551,five-member graph ensemble,0.4,7,0.16720420421028023,
crossing_90_e_2,551,five-member graph ensemble,0.8,7,0.25679048977868235,
crossing_90_e_2,551,five-member graph ensemble,1.2000000000000002,7,0.4887555301109793,
crossing_90_e_2,551,five-member graph ensemble,1.6,7,0.6741969963263917,
crossing_90_e_2,551,five-member graph ensemble,2.0,7,0.8365671804531122,
crossing_90_e_2,551,five-member graph ensemble,2.4000000000000004,7,1.0019064870105925,
crossing_90_e_2,551,five-member graph ensemble,2.8000000000000003,7,1.2814935648780508,
crossing_90_e_2,551,five-member graph ensemble,3.2,7,1.5521870734659073,
crossing_90_e_2,551,coordinate-median graph ensemble,0.4,7,0.16564104684020972,
crossing_90_e_2,551,coordinate-median graph ensemble,0.8,7,0.25364399390611253,
crossing_90_e_2,551,coordinate-median graph ensemble,1.2000000000000002,7,0.4870638166274537,
crossing_90_e_2,551,coordinate-median graph ensemble,1.6,7,0.6733288399466935,
crossing_90_e_2,551,coordinate-median graph ensemble,2.0,7,0.8378116641785062,
crossing_90_e_2,551,coordinate-median graph ensemble,2.4000000000000004,7,1.004623512621851,
crossing_90_e_2,551,coordinate-median graph ensemble,2.8000000000000003,7,1.2989727514457914,
crossing_90_e_2,551,coordinate-median graph ensemble,3.2,7,1.5779051735121337,
crossing_90_e_2,551,anchored coarse HGB,0.4,7,0.16777173874214632,
crossing_90_e_2,551,anchored coarse HGB,0.8,7,0.26136034961316273,
crossing_90_e_2,551,anchored coarse HGB,1.2000000000000002,7,0.45111413822302193,
crossing_90_e_2,551,anchored coarse HGB,1.6,7,0.5809161758685523,
crossing_90_e_2,551,anchored coarse HGB,2.0,7,0.6838101853528039,
crossing_90_e_2,551,anchored coarse HGB,2.4000000000000004,7,0.7827275348209891,
crossing_90_e_2,551,anchored coarse HGB,2.8000000000000003,7,0.948143996249777,
crossing_90_e_2,551,anchored coarse HGB,3.2,7,1.1350671769574487,
crossing_90_e_2,551,GEL-Ped instability guard,0.4,7,0.16832979394786182,0.7580889263459222
crossing_90_e_2,551,GEL-Ped instability guard,0.8,7,0.2547967311471853,0.7341394454202548
crossing_90_e_2,551,GEL-Ped instability guard,1.2000000000000002,7,0.47817924125572225,0.7215304324958719
crossing_90_e_2,551,GEL-Ped instability guard,1.6,7,0.640686882461664,0.7112807626460935
crossing_90_e_2,551,GEL-Ped instability guard,2.0,7,0.7778035084340216,0.7064040585837813
crossing_90_e_2,551,GEL-Ped instability guard,2.4000000000000004,7,0.9139590493119785,0.7071917437383264
crossing_90_e_2,551,GEL-Ped instability guard,2.8000000000000003,7,1.1402055507052542,0.7147830880260162
crossing_90_e_2,551,GEL-Ped instability guard,3.2,7,1.3506012353524661,0.721448340461393
crossing_90_e_3,118,constant velocity,0.4,4,0.10866473296497754,
crossing_90_e_3,118,constant velocity,0.8,4,0.1873050506159951,
crossing_90_e_3,118,constant velocity,1.2000000000000002,4,0.3302938671301708,
crossing_90_e_3,118,constant velocity,1.6,4,0.5915763584215614,
crossing_90_e_3,118,constant velocity,2.0,4,0.9145685813609561,
crossing_90_e_3,118,constant velocity,2.4000000000000004,4,1.2635204693001822,
crossing_90_e_3,118,constant velocity,2.8000000000000003,4,1.4414573938400823,
crossing_90_e_3,118,constant velocity,3.2,4,1.6383168408747424,
crossing_90_e_3,118,five-member graph ensemble,0.4,4,0.11416129054937135,
crossing_90_e_3,118,five-member graph ensemble,0.8,4,0.22902499757694425,
crossing_90_e_3,118,five-member graph ensemble,1.2000000000000002,4,0.43226186341954004,
crossing_90_e_3,118,five-member graph ensemble,1.6,4,0.8371583099270922,
crossing_90_e_3,118,five-member graph ensemble,2.0,4,1.4547640269035818,
crossing_90_e_3,118,five-member graph ensemble,2.4000000000000004,4,2.1457769081038136,
crossing_90_e_3,118,five-member graph ensemble,2.8000000000000003,4,2.75717362372688,
crossing_90_e_3,118,five-member graph ensemble,3.2,4,3.3482494167499053,
crossing_90_e_3,118,coordinate-median graph ensemble,0.4,4,0.11362453236444119,
crossing_90_e_3,118,coordinate-median graph ensemble,0.8,4,0.23159300890742116,
crossing_90_e_3,118,coordinate-median graph ensemble,1.2000000000000002,4,0.4423256449218966,
crossing_90_e_3,118,coordinate-median graph ensemble,1.6,4,0.8575459572776395,
crossing_90_e_3,118,coordinate-median graph ensemble,2.0,4,1.4878812530937713,
crossing_90_e_3,118,coordinate-median graph ensemble,2.4000000000000004,4,2.1872932404074805,
crossing_90_e_3,118,coordinate-median graph ensemble,2.8000000000000003,4,2.797806642386526,
crossing_90_e_3,118,coordinate-median graph ensemble,3.2,4,3.381633774641056,
crossing_90_e_3,118,anchored coarse HGB,0.4,4,0.11437916539411841,
crossing_90_e_3,118,anchored coarse HGB,0.8,4,0.2128683423994625,
crossing_90_e_3,118,anchored coarse HGB,1.2000000000000002,4,0.3737143305030753,
crossing_90_e_3,118,anchored coarse HGB,1.6,4,0.6318704174072586,
crossing_90_e_3,118,anchored coarse HGB,2.0,4,0.989579589324896,
crossing_90_e_3,118,anchored coarse HGB,2.4000000000000004,4,1.3693137777449365,
crossing_90_e_3,118,anchored coarse HGB,2.8000000000000003,4,1.655177480838394,
crossing_90_e_3,118,anchored coarse HGB,3.2,4,1.9268331475161904,
crossing_90_e_3,118,GEL-Ped instability guard,0.4,4,0.10778052144314043,0.478057269787038
crossing_90_e_3,118,GEL-Ped instability guard,0.8,4,0.19824743227652064,0.3636498793561906
crossing_90_e_3,118,GEL-Ped instability guard,1.2000000000000002,4,0.35469473555084013,0.311737068243884
crossing_90_e_3,118,GEL-Ped instability guard,1.6,4,0.6352033293262812,0.29036935414455345
crossing_90_e_3,118,GEL-Ped instability guard,2.0,4,1.0350916239305414,0.2816366635884859
crossing_90_e_3,118,GEL-Ped instability guard,2.4000000000000004,4,1.4396385219947507,0.27301789936043613
crossing_90_e_3,118,GEL-Ped instability guard,2.8000000000000003,4,1.7606145814610787,0.2827861590730985
crossing_90_e_3,118,GEL-Ped instability guard,3.2,4,2.0642267788249034,0.3104204822913772
crossing_90_e_3,158,constant velocity,0.4,8,0.17719255017520535,
crossing_90_e_3,158,constant velocity,0.8,8,0.32780838848511046,
crossing_90_e_3,158,constant velocity,1.2000000000000002,8,0.48626685682616927,
crossing_90_e_3,158,constant velocity,1.6,8,0.6201857016190344,
crossing_90_e_3,158,constant velocity,2.0,8,0.9130228999029975,
crossing_90_e_3,158,constant velocity,2.4000000000000004,8,1.2787921828210882,
crossing_90_e_3,158,constant velocity,2.8000000000000003,8,1.575511916500666,
crossing_90_e_3,158,constant velocity,3.2,8,1.8648947930213782,
crossing_90_e_3,158,five-member graph ensemble,0.4,8,0.17038675410033838,
crossing_90_e_3,158,five-member graph ensemble,0.8,8,0.37200058958608656,
crossing_90_e_3,158,five-member graph ensemble,1.2000000000000002,8,0.6279390110975916,
crossing_90_e_3,158,five-member graph ensemble,1.6,8,0.8446666339677291,
crossing_90_e_3,158,five-member graph ensemble,2.0,8,1.1709700649227905,
crossing_90_e_3,158,five-member graph ensemble,2.4000000000000004,8,1.644685914259322,
crossing_90_e_3,158,five-member graph ensemble,2.8000000000000003,8,2.1916421769277505,
crossing_90_e_3,158,five-member graph ensemble,3.2,8,2.7822388523737858,
crossing_90_e_3,158,coordinate-median graph ensemble,0.4,8,0.1714342333731959,
crossing_90_e_3,158,coordinate-median graph ensemble,0.8,8,0.37547688931559525,
crossing_90_e_3,158,coordinate-median graph ensemble,1.2000000000000002,8,0.6328354021016238,
crossing_90_e_3,158,coordinate-median graph ensemble,1.6,8,0.8456944008985405,
crossing_90_e_3,158,coordinate-median graph ensemble,2.0,8,1.1599015403579256,
crossing_90_e_3,158,coordinate-median graph ensemble,2.4000000000000004,8,1.6173674467024295,
crossing_90_e_3,158,coordinate-median graph ensemble,2.8000000000000003,8,2.1479131403143414,
crossing_90_e_3,158,coordinate-median graph ensemble,3.2,8,2.7166950862414696,
crossing_90_e_3,158,anchored coarse HGB,0.4,8,0.16396191697079254,
crossing_90_e_3,158,anchored coarse HGB,0.8,8,0.3170157275303125,
crossing_90_e_3,158,anchored coarse HGB,1.2000000000000002,8,0.4776534252627886,
crossing_90_e_3,158,anchored coarse HGB,1.6,8,0.5267888660377795,
crossing_90_e_3,158,anchored coarse HGB,2.0,8,0.69081759083874,
crossing_90_e_3,158,anchored coarse HGB,2.4000000000000004,8,0.9426491073510683,
crossing_90_e_3,158,anchored coarse HGB,2.8000000000000003,8,1.1330740264384405,
crossing_90_e_3,158,anchored coarse HGB,3.2,8,1.3456509972902349,
crossing_90_e_3,158,GEL-Ped instability guard,0.4,8,0.16253239904364505,0.727472252804847
crossing_90_e_3,158,GEL-Ped instability guard,0.8,8,0.3309311706088852,0.7516122931642534
crossing_90_e_3,158,GEL-Ped instability guard,1.2000000000000002,8,0.5392457284096795,0.745250444146022
crossing_90_e_3,158,GEL-Ped instability guard,1.6,8,0.6915281203953678,0.7386932085727015
crossing_90_e_3,158,GEL-Ped instability guard,2.0,8,0.920418051505972,0.7243362801608282
crossing_90_e_3,158,GEL-Ped instability guard,2.4000000000000004,8,1.2706115810606242,0.6948106501182861
crossing_90_e_3,158,GEL-Ped instability guard,2.8000000000000003,8,1.677073284063629,0.6666643579576085
crossing_90_e_3,158,GEL-Ped instability guard,3.2,8,2.1307307744216692,0.6377494507073637
crossing_90_e_3,198,constant velocity,0.4,6,0.1314694811545233,
crossing_90_e_3,198,constant velocity,0.8,6,0.333969321501701,
crossing_90_e_3,198,constant velocity,1.2000000000000002,6,0.6190010961161919,
crossing_90_e_3,198,constant velocity,1.6,6,0.9123021093851923,
crossing_90_e_3,198,constant velocity,2.0,6,1.2232083499090727,
crossing_90_e_3,198,constant velocity,2.4000000000000004,6,1.5302788627072335,
crossing_90_e_3,198,constant velocity,2.8000000000000003,6,1.8380999258952029,
crossing_90_e_3,198,constant velocity,3.2,6,2.162393549719908,
crossing_90_e_3,198,five-member graph ensemble,0.4,6,0.11938900553179947,
crossing_90_e_3,198,five-member graph ensemble,0.8,6,0.3072571688652183,
crossing_90_e_3,198,five-member graph ensemble,1.2000000000000002,6,0.5685524015346842,
crossing_90_e_3,198,five-member graph ensemble,1.6,6,0.8460949361763084,
crossing_90_e_3,198,five-member graph ensemble,2.0,6,1.2279304778303313,
crossing_90_e_3,198,five-member graph ensemble,2.4000000000000004,6,1.706918094184098,
crossing_90_e_3,198,five-member graph ensemble,2.8000000000000003,6,2.2231853559879102,
crossing_90_e_3,198,five-member graph ensemble,3.2,6,2.798641932073805,
crossing_90_e_3,198,coordinate-median graph ensemble,0.4,6,0.11889699634609822,
crossing_90_e_3,198,coordinate-median graph ensemble,0.8,6,0.30603117006441133,
crossing_90_e_3,198,coordinate-median graph ensemble,1.2000000000000002,6,0.5758968977477622,
crossing_90_e_3,198,coordinate-median graph ensemble,1.6,6,0.8645061695047668,
crossing_90_e_3,198,coordinate-median graph ensemble,2.0,6,1.2452859979132913,
crossing_90_e_3,198,coordinate-median graph ensemble,2.4000000000000004,6,1.7302365730296991,
crossing_90_e_3,198,coordinate-median graph ensemble,2.8000000000000003,6,2.2535549154033454,
crossing_90_e_3,198,coordinate-median graph ensemble,3.2,6,2.8312823972561163,
crossing_90_e_3,198,anchored coarse HGB,0.4,6,0.1185662527487152,
crossing_90_e_3,198,anchored coarse HGB,0.8,6,0.2967121079372828,
crossing_90_e_3,198,anchored coarse HGB,1.2000000000000002,6,0.552308207807566,
crossing_90_e_3,198,anchored coarse HGB,1.6,6,0.7920431470449705,
crossing_90_e_3,198,anchored coarse HGB,2.0,6,1.0522925867780317,
crossing_90_e_3,198,anchored coarse HGB,2.4000000000000004,6,1.3793280558619252,
crossing_90_e_3,198,anchored coarse HGB,2.8000000000000003,6,1.7364583261494306,
crossing_90_e_3,198,anchored coarse HGB,3.2,6,2.0966976629384737,
crossing_90_e_3,198,GEL-Ped instability guard,0.4,6,0.11477832434299368,0.7930134867014712
crossing_90_e_3,198,GEL-Ped instability guard,0.8,6,0.3042897032060672,0.7680866648322675
crossing_90_e_3,198,GEL-Ped instability guard,1.2000000000000002,6,0.5610672795271835,0.7562247814331194
crossing_90_e_3,198,GEL-Ped instability guard,1.6,6,0.8225285535739201,0.7351046590353643
crossing_90_e_3,198,GEL-Ped instability guard,2.0,6,1.1688617534646493,0.7243466461210728
crossing_90_e_3,198,GEL-Ped instability guard,2.4000000000000004,6,1.5916060247019914,0.7047731830245869
crossing_90_e_3,198,GEL-Ped instability guard,2.8000000000000003,6,2.0311298358771412,0.6797079206313803
crossing_90_e_3,198,GEL-Ped instability guard,3.2,6,2.5318836065778156,0.655833482255161
crossing_90_e_3,238,constant velocity,0.4,13,0.1409578650105917,
crossing_90_e_3,238,constant velocity,0.8,13,0.32705067653213427,
crossing_90_e_3,238,constant velocity,1.2000000000000002,13,0.6051567957088495,
crossing_90_e_3,238,constant velocity,1.6,13,0.8787127045026989,
crossing_90_e_3,238,constant velocity,2.0,13,1.1520454687483477,
crossing_90_e_3,238,constant velocity,2.4000000000000004,13,1.4801069899551973,
crossing_90_e_3,238,constant velocity,2.8000000000000003,13,1.7675276121905232,
crossing_90_e_3,238,constant velocity,3.2,13,2.002493857163533,
crossing_90_e_3,238,five-member graph ensemble,0.4,13,0.16117338401442824,
crossing_90_e_3,238,five-member graph ensemble,0.8,13,0.42510586977959086,
crossing_90_e_3,238,five-member graph ensemble,1.2000000000000002,13,0.8052753241034982,
crossing_90_e_3,238,five-member graph ensemble,1.6,13,1.2183868899725627,
crossing_90_e_3,238,five-member graph ensemble,2.0,13,1.6600686423738666,
crossing_90_e_3,238,five-member graph ensemble,2.4000000000000004,13,2.1233300116895486,
crossing_90_e_3,238,five-member graph ensemble,2.8000000000000003,13,2.627160557339785,
crossing_90_e_3,238,five-member graph ensemble,3.2,13,3.144900540980082,
crossing_90_e_3,238,coordinate-median graph ensemble,0.4,13,0.15994443327476532,
crossing_90_e_3,238,coordinate-median graph ensemble,0.8,13,0.42076198518795666,
crossing_90_e_3,238,coordinate-median graph ensemble,1.2000000000000002,13,0.7989867370435324,
crossing_90_e_3,238,coordinate-median graph ensemble,1.6,13,1.2123330140685658,
crossing_90_e_3,238,coordinate-median graph ensemble,2.0,13,1.6575161766794653,
crossing_90_e_3,238,coordinate-median graph ensemble,2.4000000000000004,13,2.1223193788203023,
crossing_90_e_3,238,coordinate-median graph ensemble,2.8000000000000003,13,2.628503607952732,
crossing_90_e_3,238,coordinate-median graph ensemble,3.2,13,3.149156969330843,
crossing_90_e_3,238,anchored coarse HGB,0.4,13,0.14234958976418055,
crossing_90_e_3,238,anchored coarse HGB,0.8,13,0.37912320555394274,
crossing_90_e_3,238,anchored coarse HGB,1.2000000000000002,13,0.6919045559552734,
crossing_90_e_3,238,anchored coarse HGB,1.6,13,1.0100916498817163,
crossing_90_e_3,238,anchored coarse HGB,2.0,13,1.319476913940784,
crossing_90_e_3,238,anchored coarse HGB,2.4000000000000004,13,1.6310107134367302,
crossing_90_e_3,238,anchored coarse HGB,2.8000000000000003,13,1.9619486033240263,
crossing_90_e_3,238,anchored coarse HGB,3.2,13,2.2737364318461055,
crossing_90_e_3,238,GEL-Ped instability guard,0.4,13,0.15712296293703865,0.7329404561525728
crossing_90_e_3,238,GEL-Ped instability guard,0.8,13,0.4308730853204637,0.7529351975420799
crossing_90_e_3,238,GEL-Ped instability guard,1.2000000000000002,13,0.8017099692370967,0.7664012590606816
crossing_90_e_3,238,GEL-Ped instability guard,1.6,13,1.1757239129010784,0.7617203698005905
crossing_90_e_3,238,GEL-Ped instability guard,2.0,13,1.5543957451692343,0.759064644938232
crossing_90_e_3,238,GEL-Ped instability guard,2.4000000000000004,13,1.9496260591929944,0.7573873955908547
crossing_90_e_3,238,GEL-Ped instability guard,2.8000000000000003,13,2.3902602111757534,0.7549238896063591
crossing_90_e_3,238,GEL-Ped instability guard,3.2,13,2.8444254360828887,0.7449401176232224
crossing_90_e_3,278,constant velocity,0.4,13,0.12890116828010728,
crossing_90_e_3,278,constant velocity,0.8,13,0.2851441192098896,
crossing_90_e_3,278,constant velocity,1.2000000000000002,13,0.42799181509455414,
crossing_90_e_3,278,constant velocity,1.6,13,0.5676441570248038,
crossing_90_e_3,278,constant velocity,2.0,13,0.7996196386441699,
crossing_90_e_3,278,constant velocity,2.4000000000000004,13,1.0348221206258645,
crossing_90_e_3,278,constant velocity,2.8000000000000003,13,1.2347747266750557,
crossing_90_e_3,278,constant velocity,3.2,13,1.4396663118314081,
crossing_90_e_3,278,five-member graph ensemble,0.4,13,0.14084858724535304,
crossing_90_e_3,278,five-member graph ensemble,0.8,13,0.3206191105560053,
crossing_90_e_3,278,five-member graph ensemble,1.2000000000000002,13,0.512999106488716,
crossing_90_e_3,278,five-member graph ensemble,1.6,13,0.7227664396716867,
crossing_90_e_3,278,five-member graph ensemble,2.0,13,1.024338132660562,
crossing_90_e_3,278,five-member graph ensemble,2.4000000000000004,13,1.3801466724183369,
crossing_90_e_3,278,five-member graph ensemble,2.8000000000000003,13,1.8077592270310916,
crossing_90_e_3,278,five-member graph ensemble,3.2,13,2.2884232507148097,
crossing_90_e_3,278,coordinate-median graph ensemble,0.4,13,0.14144633576470683,
crossing_90_e_3,278,coordinate-median graph ensemble,0.8,13,0.3240676849208197,
crossing_90_e_3,278,coordinate-median graph ensemble,1.2000000000000002,13,0.5153950373223393,
crossing_90_e_3,278,coordinate-median graph ensemble,1.6,13,0.7204173233160223,
crossing_90_e_3,278,coordinate-median graph ensemble,2.0,13,1.022743857603209,
crossing_90_e_3,278,coordinate-median graph ensemble,2.4000000000000004,13,1.377276051564163,
crossing_90_e_3,278,coordinate-median graph ensemble,2.8000000000000003,13,1.806871738409415,
crossing_90_e_3,278,coordinate-median graph ensemble,3.2,13,2.299104733497274,
crossing_90_e_3,278,anchored coarse HGB,0.4,13,0.13063141680614473,
crossing_90_e_3,278,anchored coarse HGB,0.8,13,0.2814331042884215,
crossing_90_e_3,278,anchored coarse HGB,1.2000000000000002,13,0.4186342792537096,
crossing_90_e_3,278,anchored coarse HGB,1.6,13,0.5644317041052348,
crossing_90_e_3,278,anchored coarse HGB,2.0,13,0.715209290376385,
crossing_90_e_3,278,anchored coarse HGB,2.4000000000000004,13,0.9296487475785026,
crossing_90_e_3,278,anchored coarse HGB,2.8000000000000003,13,1.1779706694059766,
crossing_90_e_3,278,anchored coarse HGB,3.2,13,1.461608516735344,
crossing_90_e_3,278,GEL-Ped instability guard,0.4,13,0.13498576589186012,0.7341470102528488
crossing_90_e_3,278,GEL-Ped instability guard,0.8,13,0.29651632560509933,0.7105583986033253
crossing_90_e_3,278,GEL-Ped instability guard,1.2000000000000002,13,0.4626752669534684,0.701310228255099
crossing_90_e_3,278,GEL-Ped instability guard,1.6,13,0.6360992111245412,0.698825224827738
crossing_90_e_3,278,GEL-Ped instability guard,2.0,13,0.875461702937624,0.6979002694753927
crossing_90_e_3,278,GEL-Ped instability guard,2.4000000000000004,13,1.1676478221196775,0.6968619596306356
crossing_90_e_3,278,GEL-Ped instability guard,2.8000000000000003,13,1.53576766879085,0.6952736597436537
crossing_90_e_3,278,GEL-Ped instability guard,3.2,13,1.9491467711779822,0.6930524406825823
crossing_90_e_3,318,constant velocity,0.4,14,0.16176229751116109,
crossing_90_e_3,318,constant velocity,0.8,14,0.3460484733146835,
crossing_90_e_3,318,constant velocity,1.2000000000000002,14,0.602355197814275,
crossing_90_e_3,318,constant velocity,1.6,14,0.924307683884603,
crossing_90_e_3,318,constant velocity,2.0,14,1.2639693706572679,
crossing_90_e_3,318,constant velocity,2.4000000000000004,14,1.5904021893530433,
crossing_90_e_3,318,constant velocity,2.8000000000000003,14,1.880852228610236,
crossing_90_e_3,318,constant velocity,3.2,14,2.162371317155926,
crossing_90_e_3,318,five-member graph ensemble,0.4,14,0.16030390411247092,
crossing_90_e_3,318,five-member graph ensemble,0.8,14,0.34949395075383977,
crossing_90_e_3,318,five-member graph ensemble,1.2000000000000002,14,0.6212255060253992,
crossing_90_e_3,318,five-member graph ensemble,1.6,14,0.9603074110287351,
crossing_90_e_3,318,five-member graph ensemble,2.0,14,1.3115254114134365,
crossing_90_e_3,318,five-member graph ensemble,2.4000000000000004,14,1.7111552826932872,
crossing_90_e_3,318,five-member graph ensemble,2.8000000000000003,14,2.1512928000084903,
crossing_90_e_3,318,five-member graph ensemble,3.2,14,2.572092126756297,
crossing_90_e_3,318,coordinate-median graph ensemble,0.4,14,0.16023369137341964,
crossing_90_e_3,318,coordinate-median graph ensemble,0.8,14,0.3479211943751572,
crossing_90_e_3,318,coordinate-median graph ensemble,1.2000000000000002,14,0.6154737751459364,
crossing_90_e_3,318,coordinate-median graph ensemble,1.6,14,0.9479396848995261,
crossing_90_e_3,318,coordinate-median graph ensemble,2.0,14,1.289827918109874,
crossing_90_e_3,318,coordinate-median graph ensemble,2.4000000000000004,14,1.6904587147332915,
crossing_90_e_3,318,coordinate-median graph ensemble,2.8000000000000003,14,2.1231177240632872,
crossing_90_e_3,318,coordinate-median graph ensemble,3.2,14,2.542691191496135,
crossing_90_e_3,318,anchored coarse HGB,0.4,14,0.1543662536928237,
crossing_90_e_3,318,anchored coarse HGB,0.8,14,0.33307143741846934,
crossing_90_e_3,318,anchored coarse HGB,1.2000000000000002,14,0.5677080154694488,
crossing_90_e_3,318,anchored coarse HGB,1.6,14,0.8554074080552064,
crossing_90_e_3,318,anchored coarse HGB,2.0,14,1.1492599883387538,
crossing_90_e_3,318,anchored coarse HGB,2.4000000000000004,14,1.43728282152066,
crossing_90_e_3,318,anchored coarse HGB,2.8000000000000003,14,1.7421820349681514,
crossing_90_e_3,318,anchored coarse HGB,3.2,14,2.034895450604693,
crossing_90_e_3,318,GEL-Ped instability guard,0.4,14,0.15993885882298717,0.7980579826770958
crossing_90_e_3,318,GEL-Ped instability guard,0.8,14,0.3503066564072513,0.7987126359021366
crossing_90_e_3,318,GEL-Ped instability guard,1.2000000000000002,14,0.6137448333186352,0.7920039316783373
crossing_90_e_3,318,GEL-Ped instability guard,1.6,14,0.9348588668537665,0.7894586188138739
crossing_90_e_3,318,GEL-Ped instability guard,2.0,14,1.2649656947750232,0.7825338616324429
crossing_90_e_3,318,GEL-Ped instability guard,2.4000000000000004,14,1.6023914976195641,0.7690835268123829
crossing_90_e_3,318,GEL-Ped instability guard,2.8000000000000003,14,1.9837762253951972,0.7543303679671477
crossing_90_e_3,318,GEL-Ped instability guard,3.2,14,2.3860312099604584,0.7411581497859778
crossing_90_e_3,358,constant velocity,0.4,12,0.14416964983733058,
crossing_90_e_3,358,constant velocity,0.8,12,0.24749689266816488,
crossing_90_e_3,358,constant velocity,1.2000000000000002,12,0.4774765612513712,
crossing_90_e_3,358,constant velocity,1.6,12,0.724550722010893,
crossing_90_e_3,358,constant velocity,2.0,12,1.0029616597739734,
crossing_90_e_3,358,constant velocity,2.4000000000000004,12,1.2814081201979022,
crossing_90_e_3,358,constant velocity,2.8000000000000003,12,1.5568489927392555,
crossing_90_e_3,358,constant velocity,3.2,12,1.8371987717436686,
crossing_90_e_3,358,five-member graph ensemble,0.4,12,0.1449662472147171,
crossing_90_e_3,358,five-member graph ensemble,0.8,12,0.25417995132963744,
crossing_90_e_3,358,five-member graph ensemble,1.2000000000000002,12,0.4708775695439946,
crossing_90_e_3,358,five-member graph ensemble,1.6,12,0.723656449824213,
crossing_90_e_3,358,five-member graph ensemble,2.0,12,1.0381506612162574,
crossing_90_e_3,358,five-member graph ensemble,2.4000000000000004,12,1.4211143273095699,
crossing_90_e_3,358,five-member graph ensemble,2.8000000000000003,12,1.845216328906733,
crossing_90_e_3,358,five-member graph ensemble,3.2,12,2.2821240254239172,
crossing_90_e_3,358,coordinate-median graph ensemble,0.4,12,0.14408699034578373,
crossing_90_e_3,358,coordinate-median graph ensemble,0.8,12,0.25478050494920446,
crossing_90_e_3,358,coordinate-median graph ensemble,1.2000000000000002,12,0.471711101632563,
crossing_90_e_3,358,coordinate-median graph ensemble,1.6,12,0.7275386139846187,
crossing_90_e_3,358,coordinate-median graph ensemble,2.0,12,1.0475847349793999,
crossing_90_e_3,358,coordinate-median graph ensemble,2.4000000000000004,12,1.440171544607533,
crossing_90_e_3,358,coordinate-median graph ensemble,2.8000000000000003,12,1.8744333059213656,
crossing_90_e_3,358,coordinate-median graph ensemble,3.2,12,2.3222722776511797,
crossing_90_e_3,358,anchored coarse HGB,0.4,12,0.14141109367345014,
crossing_90_e_3,358,anchored coarse HGB,0.8,12,0.24408969828716628,
crossing_90_e_3,358,anchored coarse HGB,1.2000000000000002,12,0.4317955850462039,
crossing_90_e_3,358,anchored coarse HGB,1.6,12,0.6388781204472495,
crossing_90_e_3,358,anchored coarse HGB,2.0,12,0.8639756281464028,
crossing_90_e_3,358,anchored coarse HGB,2.4000000000000004,12,1.089459731361193,
crossing_90_e_3,358,anchored coarse HGB,2.8000000000000003,12,1.3283435165235051,
crossing_90_e_3,358,anchored coarse HGB,3.2,12,1.6018884178108823,
crossing_90_e_3,358,GEL-Ped instability guard,0.4,12,0.14620341819064267,0.7009117129109163
crossing_90_e_3,358,GEL-Ped instability guard,0.8,12,0.2500803414008325,0.6752732659261411
crossing_90_e_3,358,GEL-Ped instability guard,1.2000000000000002,12,0.4539662084075007,0.6727332604340553
crossing_90_e_3,358,GEL-Ped instability guard,1.6,12,0.6833622027360792,0.6748040383864282
crossing_90_e_3,358,GEL-Ped instability guard,2.0,12,0.9740257869296985,0.6845549591874482
crossing_90_e_3,358,GEL-Ped instability guard,2.4000000000000004,12,1.3080700621057968,0.6901986352565276
crossing_90_e_3,358,GEL-Ped instability guard,2.8000000000000003,12,1.6764001023619055,0.6926091461207228
crossing_90_e_3,358,GEL-Ped instability guard,3.2,12,2.069231926808381,0.6856789978069143
crossing_90_e_3,398,constant velocity,0.4,15,0.12718442181564463,
crossing_90_e_3,398,constant velocity,0.8,15,0.2567637527185876,
crossing_90_e_3,398,constant velocity,1.2000000000000002,15,0.4413038968883228,
crossing_90_e_3,398,constant velocity,1.6,15,0.643084943168931,
crossing_90_e_3,398,constant velocity,2.0,15,0.8243332877408354,
crossing_90_e_3,398,constant velocity,2.4000000000000004,15,1.0564816999638365,
crossing_90_e_3,398,constant velocity,2.8000000000000003,15,1.2832026673303394,
crossing_90_e_3,398,constant velocity,3.2,15,1.5241561934348618,
crossing_90_e_3,398,five-member graph ensemble,0.4,15,0.11455620278615579,
crossing_90_e_3,398,five-member graph ensemble,0.8,15,0.24056461629789347,
crossing_90_e_3,398,five-member graph ensemble,1.2000000000000002,15,0.4018916867663107,
crossing_90_e_3,398,five-member graph ensemble,1.6,15,0.5801757020896064,
crossing_90_e_3,398,five-member graph ensemble,2.0,15,0.76715200564588,
crossing_90_e_3,398,five-member graph ensemble,2.4000000000000004,15,1.025165040640577,
crossing_90_e_3,398,five-member graph ensemble,2.8000000000000003,15,1.294200975612127,
crossing_90_e_3,398,five-member graph ensemble,3.2,15,1.5868083173086398,
crossing_90_e_3,398,coordinate-median graph ensemble,0.4,15,0.11374369193132239,
crossing_90_e_3,398,coordinate-median graph ensemble,0.8,15,0.24025728142647731,
crossing_90_e_3,398,coordinate-median graph ensemble,1.2000000000000002,15,0.4021293047569021,
crossing_90_e_3,398,coordinate-median graph ensemble,1.6,15,0.5797156879579214,
crossing_90_e_3,398,coordinate-median graph ensemble,2.0,15,0.7676082136130145,
crossing_90_e_3,398,coordinate-median graph ensemble,2.4000000000000004,15,1.0287572273022334,
crossing_90_e_3,398,coordinate-median graph ensemble,2.8000000000000003,15,1.3025671603317248,
crossing_90_e_3,398,coordinate-median graph ensemble,3.2,15,1.603581922552684,
crossing_90_e_3,398,anchored coarse HGB,0.4,15,0.11209267472986566,
crossing_90_e_3,398,anchored coarse HGB,0.8,15,0.24044074589307057,
crossing_90_e_3,398,anchored coarse HGB,1.2000000000000002,15,0.4009062785381516,
crossing_90_e_3,398,anchored coarse HGB,1.6,15,0.5726656881966696,
crossing_90_e_3,398,anchored coarse HGB,2.0,15,0.7299233348608737,
crossing_90_e_3,398,anchored coarse HGB,2.4000000000000004,15,0.9437035303556276,
crossing_90_e_3,398,anchored coarse HGB,2.8000000000000003,15,1.1563777456949416,
crossing_90_e_3,398,anchored coarse HGB,3.2,15,1.3776759669923393,
crossing_90_e_3,398,GEL-Ped instability guard,0.4,15,0.11487484321771908,0.7726775019362239
crossing_90_e_3,398,GEL-Ped instability guard,0.8,15,0.24541857681291263,0.8131595239680749
crossing_90_e_3,398,GEL-Ped instability guard,1.2000000000000002,15,0.41454590413978976,0.8351559163877812
crossing_90_e_3,398,GEL-Ped instability guard,1.6,15,0.5936626440903895,0.8484985108338234
crossing_90_e_3,398,GEL-Ped instability guard,2.0,15,0.7775343387723125,0.8607932383010442
crossing_90_e_3,398,GEL-Ped instability guard,2.4000000000000004,15,1.0257540624632369,0.8691663808998689
crossing_90_e_3,398,GEL-Ped instability guard,2.8000000000000003,15,1.291130439818681,0.8776498756999543
crossing_90_e_3,398,GEL-Ped instability guard,3.2,15,1.5728241303077046,0.8846595361736104
crossing_90_e_3,438,constant velocity,0.4,20,0.13811177630258326,
crossing_90_e_3,438,constant velocity,0.8,20,0.2325141740063402,
crossing_90_e_3,438,constant velocity,1.2000000000000002,20,0.3883743033079667,
crossing_90_e_3,438,constant velocity,1.6,20,0.5808436823295074,
crossing_90_e_3,438,constant velocity,2.0,20,0.795302032206702,
crossing_90_e_3,438,constant velocity,2.4000000000000004,20,1.0779091848211033,
crossing_90_e_3,438,constant velocity,2.8000000000000003,20,1.372765498968711,
crossing_90_e_3,438,constant velocity,3.2,20,1.6828571517912336,
crossing_90_e_3,438,five-member graph ensemble,0.4,20,0.13437978261044273,
crossing_90_e_3,438,five-member graph ensemble,0.8,20,0.26395284696028104,
crossing_90_e_3,438,five-member graph ensemble,1.2000000000000002,20,0.45495302229287216,
crossing_90_e_3,438,five-member graph ensemble,1.6,20,0.6430139394915034,
crossing_90_e_3,438,five-member graph ensemble,2.0,20,0.848430132094985,
crossing_90_e_3,438,five-member graph ensemble,2.4000000000000004,20,1.0977322750963405,
crossing_90_e_3,438,five-member graph ensemble,2.8000000000000003,20,1.3498115291659225,
crossing_90_e_3,438,five-member graph ensemble,3.2,20,1.6832519581927585,
crossing_90_e_3,438,coordinate-median graph ensemble,0.4,20,0.13395601203066587,
crossing_90_e_3,438,coordinate-median graph ensemble,0.8,20,0.2640185722987316,
crossing_90_e_3,438,coordinate-median graph ensemble,1.2000000000000002,20,0.45591663025018664,
crossing_90_e_3,438,coordinate-median graph ensemble,1.6,20,0.6449750866897248,
crossing_90_e_3,438,coordinate-median graph ensemble,2.0,20,0.8496186412649959,
crossing_90_e_3,438,coordinate-median graph ensemble,2.4000000000000004,20,1.0962150510127853,
crossing_90_e_3,438,coordinate-median graph ensemble,2.8000000000000003,20,1.3474431411698045,
crossing_90_e_3,438,coordinate-median graph ensemble,3.2,20,1.6805275031263007,
crossing_90_e_3,438,anchored coarse HGB,0.4,20,0.12879943154092147,
crossing_90_e_3,438,anchored coarse HGB,0.8,20,0.24808176587812114,
crossing_90_e_3,438,anchored coarse HGB,1.2000000000000002,20,0.42511094543855393,
crossing_90_e_3,438,anchored coarse HGB,1.6,20,0.6048974589220549,
crossing_90_e_3,438,anchored coarse HGB,2.0,20,0.7756642000878894,
crossing_90_e_3,438,anchored coarse HGB,2.4000000000000004,20,0.9676897160927693,
crossing_90_e_3,438,anchored coarse HGB,2.8000000000000003,20,1.1606626080798648,
crossing_90_e_3,438,anchored coarse HGB,3.2,20,1.40017898737589,
crossing_90_e_3,438,GEL-Ped instability guard,0.4,20,0.13260767172684534,0.7406414702739739
crossing_90_e_3,438,GEL-Ped instability guard,0.8,20,0.2557834795760298,0.8063162799285377
crossing_90_e_3,438,GEL-Ped instability guard,1.2000000000000002,20,0.44287187738781597,0.8283103208830825
crossing_90_e_3,438,GEL-Ped instability guard,1.6,20,0.6283477620863394,0.8452808121979857
crossing_90_e_3,438,GEL-Ped instability guard,2.0,20,0.8378003622137887,0.8591797259764169
crossing_90_e_3,438,GEL-Ped instability guard,2.4000000000000004,20,1.0919636916810755,0.8732666146861535
crossing_90_e_3,438,GEL-Ped instability guard,2.8000000000000003,20,1.3558187746052004,0.8791466475115682
crossing_90_e_3,438,GEL-Ped instability guard,3.2,20,1.7000498739468852,0.8822159846840553
crossing_90_e_3,478,constant velocity,0.4,24,0.14528153408772862,
crossing_90_e_3,478,constant velocity,0.8,24,0.3038952043553684,
crossing_90_e_3,478,constant velocity,1.2000000000000002,24,0.5217479898291851,
crossing_90_e_3,478,constant velocity,1.6,24,0.7329635178130873,
crossing_90_e_3,478,constant velocity,2.0,24,0.933748151693775,
crossing_90_e_3,478,constant velocity,2.4000000000000004,24,1.071039650129914,
crossing_90_e_3,478,constant velocity,2.8000000000000003,24,1.1885453374045902,
crossing_90_e_3,478,constant velocity,3.2,24,1.3207299904928727,
crossing_90_e_3,478,five-member graph ensemble,0.4,24,0.1419919320090279,
crossing_90_e_3,478,five-member graph ensemble,0.8,24,0.28931321848254915,
crossing_90_e_3,478,five-member graph ensemble,1.2000000000000002,24,0.4886131020264372,
crossing_90_e_3,478,five-member graph ensemble,1.6,24,0.7063438397028811,
crossing_90_e_3,478,five-member graph ensemble,2.0,24,0.9525504482283577,
crossing_90_e_3,478,five-member graph ensemble,2.4000000000000004,24,1.2004716181083885,
crossing_90_e_3,478,five-member graph ensemble,2.8000000000000003,24,1.4852925905942456,
crossing_90_e_3,478,five-member graph ensemble,3.2,24,1.8034820351713663,
crossing_90_e_3,478,coordinate-median graph ensemble,0.4,24,0.14261141057654028,
crossing_90_e_3,478,coordinate-median graph ensemble,0.8,24,0.2912521324191468,
crossing_90_e_3,478,coordinate-median graph ensemble,1.2000000000000002,24,0.49069121954524203,
crossing_90_e_3,478,coordinate-median graph ensemble,1.6,24,0.7091257532841656,
crossing_90_e_3,478,coordinate-median graph ensemble,2.0,24,0.954928677449248,
crossing_90_e_3,478,coordinate-median graph ensemble,2.4000000000000004,24,1.2022856806917028,
crossing_90_e_3,478,coordinate-median graph ensemble,2.8000000000000003,24,1.4872407676721713,
crossing_90_e_3,478,coordinate-median graph ensemble,3.2,24,1.8067428669457852,
crossing_90_e_3,478,anchored coarse HGB,0.4,24,0.13128298598734614,
crossing_90_e_3,478,anchored coarse HGB,0.8,24,0.2792051970903151,
crossing_90_e_3,478,anchored coarse HGB,1.2000000000000002,24,0.4681150599607655,
crossing_90_e_3,478,anchored coarse HGB,1.6,24,0.6609097537563612,
crossing_90_e_3,478,anchored coarse HGB,2.0,24,0.8595602673627586,
crossing_90_e_3,478,anchored coarse HGB,2.4000000000000004,24,1.0352730994767554,
crossing_90_e_3,478,anchored coarse HGB,2.8000000000000003,24,1.2292902783042516,
crossing_90_e_3,478,anchored coarse HGB,3.2,24,1.455320678589224,
crossing_90_e_3,478,GEL-Ped instability guard,0.4,24,0.13491872769635793,0.8035619498564263
crossing_90_e_3,478,GEL-Ped instability guard,0.8,24,0.27429271333827254,0.8205127246415185
crossing_90_e_3,478,GEL-Ped instability guard,1.2000000000000002,24,0.45746120957779574,0.8417855123703059
crossing_90_e_3,478,GEL-Ped instability guard,1.6,24,0.6517859240788441,0.8608315250070617
crossing_90_e_3,478,GEL-Ped instability guard,2.0,24,0.8790566204246275,0.8695717253980908
crossing_90_e_3,478,GEL-Ped instability guard,2.4000000000000004,24,1.1106437867524441,0.8737901722397611
crossing_90_e_3,478,GEL-Ped instability guard,2.8000000000000003,24,1.3788574862654908,0.875712733554533
crossing_90_e_3,478,GEL-Ped instability guard,3.2,24,1.685492326804426,0.8746227813824403
crossing_90_e_3,518,constant velocity,0.4,18,0.14670303925160363,
crossing_90_e_3,518,constant velocity,0.8,18,0.28582802444013583,
crossing_90_e_3,518,constant velocity,1.2000000000000002,18,0.4916684581206415,
crossing_90_e_3,518,constant velocity,1.6,18,0.7172559897483002,
crossing_90_e_3,518,constant velocity,2.0,18,0.9862719536141297,
crossing_90_e_3,518,constant velocity,2.4000000000000004,18,1.2561765475308848,
crossing_90_e_3,518,constant velocity,2.8000000000000003,18,1.5245270363700085,
crossing_90_e_3,518,constant velocity,3.2,18,1.789369306941011,
crossing_90_e_3,518,five-member graph ensemble,0.4,18,0.15254246714472097,
crossing_90_e_3,518,five-member graph ensemble,0.8,18,0.2897898320829956,
crossing_90_e_3,518,five-member graph ensemble,1.2000000000000002,18,0.5019075664144409,
crossing_90_e_3,518,five-member graph ensemble,1.6,18,0.7647130685673091,
crossing_90_e_3,518,five-member graph ensemble,2.0,18,1.130151320469987,
crossing_90_e_3,518,five-member graph ensemble,2.4000000000000004,18,1.5378650008947838,
crossing_90_e_3,518,five-member graph ensemble,2.8000000000000003,18,1.9468664147560328,
crossing_90_e_3,518,five-member graph ensemble,3.2,18,2.397283240631305,
crossing_90_e_3,518,coordinate-median graph ensemble,0.4,18,0.15439919151954423,
crossing_90_e_3,518,coordinate-median graph ensemble,0.8,18,0.29361299699709625,
crossing_90_e_3,518,coordinate-median graph ensemble,1.2000000000000002,18,0.5108351506343705,
crossing_90_e_3,518,coordinate-median graph ensemble,1.6,18,0.7794590259559792,
crossing_90_e_3,518,coordinate-median graph ensemble,2.0,18,1.1522570437863344,
crossing_90_e_3,518,coordinate-median graph ensemble,2.4000000000000004,18,1.5691781665159192,
crossing_90_e_3,518,coordinate-median graph ensemble,2.8000000000000003,18,1.992003559000478,
crossing_90_e_3,518,coordinate-median graph ensemble,3.2,18,2.4570579229827354,
crossing_90_e_3,518,anchored coarse HGB,0.4,18,0.14731220871430498,
crossing_90_e_3,518,anchored coarse HGB,0.8,18,0.279369620988278,
crossing_90_e_3,518,anchored coarse HGB,1.2000000000000002,18,0.47445340688738813,
crossing_90_e_3,518,anchored coarse HGB,1.6,18,0.6666035032809235,
crossing_90_e_3,518,anchored coarse HGB,2.0,18,0.9282745512134998,
crossing_90_e_3,518,anchored coarse HGB,2.4000000000000004,18,1.2041872403484635,
crossing_90_e_3,518,anchored coarse HGB,2.8000000000000003,18,1.4790081808368742,
crossing_90_e_3,518,anchored coarse HGB,3.2,18,1.7902435219700408,
crossing_90_e_3,518,GEL-Ped instability guard,0.4,18,0.150238937287826,0.7583307870248155
crossing_90_e_3,518,GEL-Ped instability guard,0.8,18,0.2877575746515586,0.7853481339151145
crossing_90_e_3,518,GEL-Ped instability guard,1.2000000000000002,18,0.48427947384967523,0.7914506370618648
crossing_90_e_3,518,GEL-Ped instability guard,1.6,18,0.6922786824025674,0.7919462584158448
crossing_90_e_3,518,GEL-Ped instability guard,2.0,18,0.9892600064656413,0.7914977106460444
crossing_90_e_3,518,GEL-Ped instability guard,2.4000000000000004,18,1.322336863137938,0.7892995620881358
crossing_90_e_3,518,GEL-Ped instability guard,2.8000000000000003,18,1.6541111508367754,0.7821406154855681
crossing_90_e_3,518,GEL-Ped instability guard,3.2,18,2.0130070444428823,0.772525385230705
crossing_90_e_3,558,constant velocity,0.4,21,0.13914015014565911,
crossing_90_e_3,558,constant velocity,0.8,21,0.24877497345051627,
crossing_90_e_3,558,constant velocity,1.2000000000000002,21,0.4265861890798119,
crossing_90_e_3,558,constant velocity,1.6,21,0.5932737896825866,
crossing_90_e_3,558,constant velocity,2.0,21,0.7529081706972156,
crossing_90_e_3,558,constant velocity,2.4000000000000004,21,0.9051446419737432,
crossing_90_e_3,558,constant velocity,2.8000000000000003,21,1.0456294951376854,
crossing_90_e_3,558,constant velocity,3.2,21,1.1801750694511555,
crossing_90_e_3,558,five-member graph ensemble,0.4,21,0.15291158450196127,
crossing_90_e_3,558,five-member graph ensemble,0.8,21,0.2858912366308305,
crossing_90_e_3,558,five-member graph ensemble,1.2000000000000002,21,0.4982321497635193,
crossing_90_e_3,558,five-member graph ensemble,1.6,21,0.71497635549362,
crossing_90_e_3,558,five-member graph ensemble,2.0,21,0.9459739948353306,
crossing_90_e_3,558,five-member graph ensemble,2.4000000000000004,21,1.19008975566453,
crossing_90_e_3,558,five-member graph ensemble,2.8000000000000003,21,1.4320503887551508,
crossing_90_e_3,558,five-member graph ensemble,3.2,21,1.6651643437166626,
crossing_90_e_3,558,coordinate-median graph ensemble,0.4,21,0.1535999194014169,
crossing_90_e_3,558,coordinate-median graph ensemble,0.8,21,0.2897599380423452,
crossing_90_e_3,558,coordinate-median graph ensemble,1.2000000000000002,21,0.5069347841679606,
crossing_90_e_3,558,coordinate-median graph ensemble,1.6,21,0.7265446808804606,
crossing_90_e_3,558,coordinate-median graph ensemble,2.0,21,0.9596354279415749,
crossing_90_e_3,558,coordinate-median graph ensemble,2.4000000000000004,21,1.2081318009275983,
crossing_90_e_3,558,coordinate-median graph ensemble,2.8000000000000003,21,1.4563942531005842,
crossing_90_e_3,558,coordinate-median graph ensemble,3.2,21,1.6965716283670549,
crossing_90_e_3,558,anchored coarse HGB,0.4,21,0.13449847305715545,
crossing_90_e_3,558,anchored coarse HGB,0.8,21,0.23336839979534826,
crossing_90_e_3,558,anchored coarse HGB,1.2000000000000002,21,0.39724695196706894,
crossing_90_e_3,558,anchored coarse HGB,1.6,21,0.5535128352733918,
crossing_90_e_3,558,anchored coarse HGB,2.0,21,0.6967355088575133,
crossing_90_e_3,558,anchored coarse HGB,2.4000000000000004,21,0.8555030401517014,
crossing_90_e_3,558,anchored coarse HGB,2.8000000000000003,21,1.0041280659964251,
crossing_90_e_3,558,anchored coarse HGB,3.2,21,1.1542477533787103,
crossing_90_e_3,558,GEL-Ped instability guard,0.4,21,0.14341620573079703,0.7075718574474875
crossing_90_e_3,558,GEL-Ped instability guard,0.8,21,0.25275168586373775,0.7335977203116559
crossing_90_e_3,558,GEL-Ped instability guard,1.2000000000000002,21,0.43652709925983757,0.7543016840315504
crossing_90_e_3,558,GEL-Ped instability guard,1.6,21,0.6182798619209596,0.7735469653251603
crossing_90_e_3,558,GEL-Ped instability guard,2.0,21,0.8246759773209863,0.7851985734495013
crossing_90_e_3,558,GEL-Ped instability guard,2.4000000000000004,21,1.0525076370825464,0.7912817623829715
crossing_90_e_3,558,GEL-Ped instability guard,2.8000000000000003,21,1.2824395410410532,0.7940753629365835
crossing_90_e_3,558,GEL-Ped instability guard,3.2,21,1.5157557378584245,0.7948333138867162
crossing_90_e_4,92,constant velocity,0.4,4,0.14001176274290386,
crossing_90_e_4,92,constant velocity,0.8,4,0.2669697320005785,
crossing_90_e_4,92,constant velocity,1.2000000000000002,4,0.43225721177762105,
crossing_90_e_4,92,constant velocity,1.6,4,0.7554925080312815,
crossing_90_e_4,92,constant velocity,2.0,4,1.0084098027641804,
crossing_90_e_4,92,constant velocity,2.4000000000000004,4,1.107001088801967,
crossing_90_e_4,92,constant velocity,2.8000000000000003,4,1.0591902130523707,
crossing_90_e_4,92,constant velocity,3.2,4,0.9668331385332652,
crossing_90_e_4,92,five-member graph ensemble,0.4,4,0.13487979718512444,
crossing_90_e_4,92,five-member graph ensemble,0.8,4,0.2800866640469739,
crossing_90_e_4,92,five-member graph ensemble,1.2000000000000002,4,0.5087010766728113,
crossing_90_e_4,92,five-member graph ensemble,1.6,4,0.8534844120491435,
crossing_90_e_4,92,five-member graph ensemble,2.0,4,1.2705655850655377,
crossing_90_e_4,92,five-member graph ensemble,2.4000000000000004,4,1.6596623187023782,
crossing_90_e_4,92,five-member graph ensemble,2.8000000000000003,4,2.0028349233240297,
crossing_90_e_4,92,five-member graph ensemble,3.2,4,2.358118492027632,
crossing_90_e_4,92,coordinate-median graph ensemble,0.4,4,0.1331701189742406,
crossing_90_e_4,92,coordinate-median graph ensemble,0.8,4,0.27156795926863325,
crossing_90_e_4,92,coordinate-median graph ensemble,1.2000000000000002,4,0.5008285328952743,
crossing_90_e_4,92,coordinate-median graph ensemble,1.6,4,0.8506902910167757,
crossing_90_e_4,92,coordinate-median graph ensemble,2.0,4,1.2720562491690557,
crossing_90_e_4,92,coordinate-median graph ensemble,2.4000000000000004,4,1.6647027005383785,
crossing_90_e_4,92,coordinate-median graph ensemble,2.8000000000000003,4,2.00549620810555,
crossing_90_e_4,92,coordinate-median graph ensemble,3.2,4,2.391862569145328,
crossing_90_e_4,92,anchored coarse HGB,0.4,4,0.1384302188184256,
crossing_90_e_4,92,anchored coarse HGB,0.8,4,0.2799458395664862,
crossing_90_e_4,92,anchored coarse HGB,1.2000000000000002,4,0.47747829018331617,
crossing_90_e_4,92,anchored coarse HGB,1.6,4,0.8152322234116458,
crossing_90_e_4,92,anchored coarse HGB,2.0,4,1.092740544671239,
crossing_90_e_4,92,anchored coarse HGB,2.4000000000000004,4,1.2338825805607592,
crossing_90_e_4,92,anchored coarse HGB,2.8000000000000003,4,1.2955428408591356,
crossing_90_e_4,92,anchored coarse HGB,3.2,4,1.3606688236292632,
crossing_90_e_4,92,GEL-Ped instability guard,0.4,4,0.1388643748777381,0.0929677758559295
crossing_90_e_4,92,GEL-Ped instability guard,0.8,4,0.28696800406330397,0.1504990722887835
crossing_90_e_4,92,GEL-Ped instability guard,1.2000000000000002,4,0.4818761436197059,0.1290799431395886
crossing_90_e_4,92,GEL-Ped instability guard,1.6,4,0.8013061463521952,0.12253555644284167
crossing_90_e_4,92,GEL-Ped instability guard,2.0,4,1.083901171067525,0.11655370251215987
crossing_90_e_4,92,GEL-Ped instability guard,2.4000000000000004,4,1.2433245519947311,0.11264851298830482
crossing_90_e_4,92,GEL-Ped instability guard,2.8000000000000003,4,1.3364061936111418,0.1085338727790672
crossing_90_e_4,92,GEL-Ped instability guard,3.2,4,1.4281973428066839,0.11441242117021351
crossing_90_e_4,132,constant velocity,0.4,5,0.11859526303833094,
crossing_90_e_4,132,constant velocity,0.8,5,0.31952904054340925,
crossing_90_e_4,132,constant velocity,1.2000000000000002,5,0.6037492179771184,
crossing_90_e_4,132,constant velocity,1.6,5,0.84494208597306,
crossing_90_e_4,132,constant velocity,2.0,5,0.9973157272293458,
crossing_90_e_4,132,constant velocity,2.4000000000000004,5,1.0103236906241204,
crossing_90_e_4,132,constant velocity,2.8000000000000003,5,1.058283153755721,
crossing_90_e_4,132,constant velocity,3.2,5,1.167198427932279,
crossing_90_e_4,132,five-member graph ensemble,0.4,5,0.1419599882149259,
crossing_90_e_4,132,five-member graph ensemble,0.8,5,0.3775359933517787,
crossing_90_e_4,132,five-member graph ensemble,1.2000000000000002,5,0.7295267918147683,
crossing_90_e_4,132,five-member graph ensemble,1.6,5,1.1158948902549994,
crossing_90_e_4,132,five-member graph ensemble,2.0,5,1.4701611717438148,
crossing_90_e_4,132,five-member graph ensemble,2.4000000000000004,5,1.7804407157570388,
crossing_90_e_4,132,five-member graph ensemble,2.8000000000000003,5,2.185969423912701,
crossing_90_e_4,132,five-member graph ensemble,3.2,5,2.6530519323018416,
crossing_90_e_4,132,coordinate-median graph ensemble,0.4,5,0.14224841869560123,
crossing_90_e_4,132,coordinate-median graph ensemble,0.8,5,0.38076123550454205,
crossing_90_e_4,132,coordinate-median graph ensemble,1.2000000000000002,5,0.7389926840476169,
crossing_90_e_4,132,coordinate-median graph ensemble,1.6,5,1.1242947383998314,
crossing_90_e_4,132,coordinate-median graph ensemble,2.0,5,1.4704419535679267,
crossing_90_e_4,132,coordinate-median graph ensemble,2.4000000000000004,5,1.7687810921034988,
crossing_90_e_4,132,coordinate-median graph ensemble,2.8000000000000003,5,2.1584274491509277,
crossing_90_e_4,132,coordinate-median graph ensemble,3.2,5,2.618584014969096,
crossing_90_e_4,132,anchored coarse HGB,0.4,5,0.11575995882118675,
crossing_90_e_4,132,anchored coarse HGB,0.8,5,0.30338801136573745,
crossing_90_e_4,132,anchored coarse HGB,1.2000000000000002,5,0.5706033445541927,
crossing_90_e_4,132,anchored coarse HGB,1.6,5,0.8262375973878253,
crossing_90_e_4,132,anchored coarse HGB,2.0,5,1.0111628857387451,
crossing_90_e_4,132,anchored coarse HGB,2.4000000000000004,5,1.0737318350986498,
crossing_90_e_4,132,anchored coarse HGB,2.8000000000000003,5,1.234067547957419,
crossing_90_e_4,132,anchored coarse HGB,3.2,5,1.3947468271375558,
crossing_90_e_4,132,GEL-Ped instability guard,0.4,5,0.12683480182791562,0.515761276995831
crossing_90_e_4,132,GEL-Ped instability guard,0.8,5,0.31100544016383425,0.4880591926624137
crossing_90_e_4,132,GEL-Ped instability guard,1.2000000000000002,5,0.5822547540133927,0.5099600567741288
crossing_90_e_4,132,GEL-Ped instability guard,1.6,5,0.8464816589316355,0.49733675942428807
crossing_90_e_4,132,GEL-Ped instability guard,2.0,5,1.0452147793951116,0.49695893071077907
crossing_90_e_4,132,GEL-Ped instability guard,2.4000000000000004,5,1.171417784606597,0.5087965992685074
crossing_90_e_4,132,GEL-Ped instability guard,2.8000000000000003,5,1.360834974531841,0.5098225567683695
crossing_90_e_4,132,GEL-Ped instability guard,3.2,5,1.5913725285215938,0.5063619626467316
crossing_90_e_4,172,constant velocity,0.4,11,0.12557583404142345,
crossing_90_e_4,172,constant velocity,0.8,11,0.2953357891818071,
crossing_90_e_4,172,constant velocity,1.2000000000000002,11,0.559278864838864,
crossing_90_e_4,172,constant velocity,1.6,11,0.8133096519665893,
crossing_90_e_4,172,constant velocity,2.0,11,0.9985728130728543,
crossing_90_e_4,172,constant velocity,2.4000000000000004,11,1.1278782253946456,
crossing_90_e_4,172,constant velocity,2.8000000000000003,11,1.2267448556917306,
crossing_90_e_4,172,constant velocity,3.2,11,1.302580624293498,
crossing_90_e_4,172,five-member graph ensemble,0.4,11,0.1082051876284451,
crossing_90_e_4,172,five-member graph ensemble,0.8,11,0.2610112956116224,
crossing_90_e_4,172,five-member graph ensemble,1.2000000000000002,11,0.45039423320289185,
crossing_90_e_4,172,five-member graph ensemble,1.6,11,0.6380152951778281,
crossing_90_e_4,172,five-member graph ensemble,2.0,11,0.8154737914883932,
crossing_90_e_4,172,five-member graph ensemble,2.4000000000000004,11,1.0840179923456954,
crossing_90_e_4,172,five-member graph ensemble,2.8000000000000003,11,1.4129870923682684,
crossing_90_e_4,172,five-member graph ensemble,3.2,11,1.8031650676820896,
crossing_90_e_4,172,coordinate-median graph ensemble,0.4,11,0.11016441406984277,
crossing_90_e_4,172,coordinate-median graph ensemble,0.8,11,0.26535444303785805,
crossing_90_e_4,172,coordinate-median graph ensemble,1.2000000000000002,11,0.4605979894697512,
crossing_90_e_4,172,coordinate-median graph ensemble,1.6,11,0.6511256639923165,
crossing_90_e_4,172,coordinate-median graph ensemble,2.0,11,0.8376286079903721,
crossing_90_e_4,172,coordinate-median graph ensemble,2.4000000000000004,11,1.1180110415636781,
crossing_90_e_4,172,coordinate-median graph ensemble,2.8000000000000003,11,1.4564542774068654,
crossing_90_e_4,172,coordinate-median graph ensemble,3.2,11,1.8557074709541843,
crossing_90_e_4,172,anchored coarse HGB,0.4,11,0.10979718853397974,
crossing_90_e_4,172,anchored coarse HGB,0.8,11,0.2514165667505056,
crossing_90_e_4,172,anchored coarse HGB,1.2000000000000002,11,0.45209757962467306,
crossing_90_e_4,172,anchored coarse HGB,1.6,11,0.6101941169335713,
crossing_90_e_4,172,anchored coarse HGB,2.0,11,0.7006573860330779,
crossing_90_e_4,172,anchored coarse HGB,2.4000000000000004,11,0.7683126453548685,
crossing_90_e_4,172,anchored coarse HGB,2.8000000000000003,11,0.8512229491514042,
crossing_90_e_4,172,anchored coarse HGB,3.2,11,0.9671607160389974,
crossing_90_e_4,172,GEL-Ped instability guard,0.4,11,0.10766358153385171,0.4828858053137133
crossing_90_e_4,172,GEL-Ped instability guard,0.8,11,0.24754090636125695,0.4768296986842945
crossing_90_e_4,172,GEL-Ped instability guard,1.2000000000000002,11,0.43027411550072664,0.47664296237262976
crossing_90_e_4,172,GEL-Ped instability guard,1.6,11,0.5690489376732238,0.47298776215525407
crossing_90_e_4,172,GEL-Ped instability guard,2.0,11,0.6829797764364637,0.4598175030417777
crossing_90_e_4,172,GEL-Ped instability guard,2.4000000000000004,11,0.8526359535653998,0.4431987299714584
crossing_90_e_4,172,GEL-Ped instability guard,2.8000000000000003,11,1.0353140322998144,0.4330922203591229
crossing_90_e_4,172,GEL-Ped instability guard,3.2,11,1.238980451775298,0.4331965056745338
crossing_90_e_4,212,constant velocity,0.4,13,0.15462366607996902,
crossing_90_e_4,212,constant velocity,0.8,13,0.3276113324179685,
crossing_90_e_4,212,constant velocity,1.2000000000000002,13,0.5946379013408846,
crossing_90_e_4,212,constant velocity,1.6,13,0.8505140061125923,
crossing_90_e_4,212,constant velocity,2.0,13,1.1698083347181998,
crossing_90_e_4,212,constant velocity,2.4000000000000004,13,1.4649249277447913,
crossing_90_e_4,212,constant velocity,2.8000000000000003,13,1.671681653336042,
crossing_90_e_4,212,constant velocity,3.2,13,1.8138025884193036,
crossing_90_e_4,212,five-member graph ensemble,0.4,13,0.1557871403795837,
crossing_90_e_4,212,five-member graph ensemble,0.8,13,0.2964254501772224,
crossing_90_e_4,212,five-member graph ensemble,1.2000000000000002,13,0.48911719575131724,
crossing_90_e_4,212,five-member graph ensemble,1.6,13,0.7055068394181568,
crossing_90_e_4,212,five-member graph ensemble,2.0,13,0.9988858962079943,
crossing_90_e_4,212,five-member graph ensemble,2.4000000000000004,13,1.3317542834660625,
crossing_90_e_4,212,five-member graph ensemble,2.8000000000000003,13,1.644829831927086,
crossing_90_e_4,212,five-member graph ensemble,3.2,13,1.980131404998249,
crossing_90_e_4,212,coordinate-median graph ensemble,0.4,13,0.15639839976605358,
crossing_90_e_4,212,coordinate-median graph ensemble,0.8,13,0.2981912398996641,
crossing_90_e_4,212,coordinate-median graph ensemble,1.2000000000000002,13,0.4910494324530916,
crossing_90_e_4,212,coordinate-median graph ensemble,1.6,13,0.7165261965095211,
crossing_90_e_4,212,coordinate-median graph ensemble,2.0,13,1.020623617217296,
crossing_90_e_4,212,coordinate-median graph ensemble,2.4000000000000004,13,1.3653290311976922,
crossing_90_e_4,212,coordinate-median graph ensemble,2.8000000000000003,13,1.6956840429893854,
crossing_90_e_4,212,coordinate-median graph ensemble,3.2,13,2.0419810467447523,
crossing_90_e_4,212,anchored coarse HGB,0.4,13,0.14953157547558954,
crossing_90_e_4,212,anchored coarse HGB,0.8,13,0.28337064441247795,
crossing_90_e_4,212,anchored coarse HGB,1.2000000000000002,13,0.4840670279667588,
crossing_90_e_4,212,anchored coarse HGB,1.6,13,0.6648828740733576,
crossing_90_e_4,212,anchored coarse HGB,2.0,13,0.8982558337341419,
crossing_90_e_4,212,anchored coarse HGB,2.4000000000000004,13,1.1537478182950471,
crossing_90_e_4,212,anchored coarse HGB,2.8000000000000003,13,1.3320476628509104,
crossing_90_e_4,212,anchored coarse HGB,3.2,13,1.4544219416643587,
crossing_90_e_4,212,GEL-Ped instability guard,0.4,13,0.1484517580084351,0.6813139735721597
crossing_90_e_4,212,GEL-Ped instability guard,0.8,13,0.26830158405241245,0.665452096897401
crossing_90_e_4,212,GEL-Ped instability guard,1.2000000000000002,13,0.4367186623436019,0.6355226105868121
crossing_90_e_4,212,GEL-Ped instability guard,1.6,13,0.589615170725179,0.6276582522286742
crossing_90_e_4,212,GEL-Ped instability guard,2.0,13,0.7976434468870097,0.6190913013745957
crossing_90_e_4,212,GEL-Ped instability guard,2.4000000000000004,13,1.0630151770729415,0.6058225738105855
crossing_90_e_4,212,GEL-Ped instability guard,2.8000000000000003,13,1.2915850726863976,0.593875562640883
crossing_90_e_4,212,GEL-Ped instability guard,3.2,13,1.4991972988503977,0.5896388239296032
crossing_90_e_4,252,constant velocity,0.4,19,0.12213687757410775,
crossing_90_e_4,252,constant velocity,0.8,19,0.29338404364298865,
crossing_90_e_4,252,constant velocity,1.2000000000000002,19,0.4971763951041293,
crossing_90_e_4,252,constant velocity,1.6,19,0.71768105022443,
crossing_90_e_4,252,constant velocity,2.0,19,0.9516125130139784,
crossing_90_e_4,252,constant velocity,2.4000000000000004,19,1.1745246203125153,
crossing_90_e_4,252,constant velocity,2.8000000000000003,19,1.3522157935594517,
crossing_90_e_4,252,constant velocity,3.2,19,1.5107128486908623,
crossing_90_e_4,252,five-member graph ensemble,0.4,19,0.12368210375270276,
crossing_90_e_4,252,five-member graph ensemble,0.8,19,0.27671649918482305,
crossing_90_e_4,252,five-member graph ensemble,1.2000000000000002,19,0.4596733085338822,
crossing_90_e_4,252,five-member graph ensemble,1.6,19,0.6851069230266136,
crossing_90_e_4,252,five-member graph ensemble,2.0,19,0.9612085856618495,
crossing_90_e_4,252,five-member graph ensemble,2.4000000000000004,19,1.3355366444678434,
crossing_90_e_4,252,five-member graph ensemble,2.8000000000000003,19,1.7399562423798975,
crossing_90_e_4,252,five-member graph ensemble,3.2,19,2.1575161143031822,
crossing_90_e_4,252,coordinate-median graph ensemble,0.4,19,0.12233344800949043,
crossing_90_e_4,252,coordinate-median graph ensemble,0.8,19,0.2735506032794186,
crossing_90_e_4,252,coordinate-median graph ensemble,1.2000000000000002,19,0.4547037637115881,
crossing_90_e_4,252,coordinate-median graph ensemble,1.6,19,0.6769103132725833,
crossing_90_e_4,252,coordinate-median graph ensemble,2.0,19,0.9518832559459517,
crossing_90_e_4,252,coordinate-median graph ensemble,2.4000000000000004,19,1.3261352619964126,
crossing_90_e_4,252,coordinate-median graph ensemble,2.8000000000000003,19,1.7289399460053836,
crossing_90_e_4,252,coordinate-median graph ensemble,3.2,19,2.1405291748535773,
crossing_90_e_4,252,anchored coarse HGB,0.4,19,0.1196905051983827,
crossing_90_e_4,252,anchored coarse HGB,0.8,19,0.28362295726714726,
crossing_90_e_4,252,anchored coarse HGB,1.2000000000000002,19,0.44132469658762696,
crossing_90_e_4,252,anchored coarse HGB,1.6,19,0.662240585953202,
crossing_90_e_4,252,anchored coarse HGB,2.0,19,0.9211820690594238,
crossing_90_e_4,252,anchored coarse HGB,2.4000000000000004,19,1.2027182744273268,
crossing_90_e_4,252,anchored coarse HGB,2.8000000000000003,19,1.46280384966118,
crossing_90_e_4,252,anchored coarse HGB,3.2,19,1.7409790135980354,
crossing_90_e_4,252,GEL-Ped instability guard,0.4,19,0.12742625300222085,0.7157658673093199
crossing_90_e_4,252,GEL-Ped instability guard,0.8,19,0.27752239525420835,0.7183032817955591
crossing_90_e_4,252,GEL-Ped instability guard,1.2000000000000002,19,0.4560219915950098,0.704896802734928
crossing_90_e_4,252,GEL-Ped instability guard,1.6,19,0.6684023211290092,0.6991798183333161
crossing_90_e_4,252,GEL-Ped instability guard,2.0,19,0.9228913191747056,0.6915454783096303
crossing_90_e_4,252,GEL-Ped instability guard,2.4000000000000004,19,1.2658140279925074,0.6820259953617299
crossing_90_e_4,252,GEL-Ped instability guard,2.8000000000000003,19,1.633043210784509,0.6719141368948683
crossing_90_e_4,252,GEL-Ped instability guard,3.2,19,2.0177131773661294,0.6640546724590322
crossing_90_e_4,292,constant velocity,0.4,13,0.14284427592248747,
crossing_90_e_4,292,constant velocity,0.8,13,0.3120715068810718,
crossing_90_e_4,292,constant velocity,1.2000000000000002,13,0.5719820385983241,
crossing_90_e_4,292,constant velocity,1.6,13,0.8463338465729635,
crossing_90_e_4,292,constant velocity,2.0,13,1.0712320222242613,
crossing_90_e_4,292,constant velocity,2.4000000000000004,13,1.3182516261157533,
crossing_90_e_4,292,constant velocity,2.8000000000000003,13,1.5199516581137569,
crossing_90_e_4,292,constant velocity,3.2,13,1.6931122763916897,
crossing_90_e_4,292,five-member graph ensemble,0.4,13,0.13870290757254777,
crossing_90_e_4,292,five-member graph ensemble,0.8,13,0.2978711437129343,
crossing_90_e_4,292,five-member graph ensemble,1.2000000000000002,13,0.5567312979658878,
crossing_90_e_4,292,five-member graph ensemble,1.6,13,0.8411097386021521,
crossing_90_e_4,292,five-member graph ensemble,2.0,13,1.1252190629984828,
crossing_90_e_4,292,five-member graph ensemble,2.4000000000000004,13,1.5197276265054707,
crossing_90_e_4,292,five-member graph ensemble,2.8000000000000003,13,1.9040229633732852,
crossing_90_e_4,292,five-member graph ensemble,3.2,13,2.3032103851522168,
crossing_90_e_4,292,coordinate-median graph ensemble,0.4,13,0.13917947048441734,
crossing_90_e_4,292,coordinate-median graph ensemble,0.8,13,0.2994743732450811,
crossing_90_e_4,292,coordinate-median graph ensemble,1.2000000000000002,13,0.5608475811807914,
crossing_90_e_4,292,coordinate-median graph ensemble,1.6,13,0.8420695414498223,
crossing_90_e_4,292,coordinate-median graph ensemble,2.0,13,1.1131461571710848,
crossing_90_e_4,292,coordinate-median graph ensemble,2.4000000000000004,13,1.5006934383351147,
crossing_90_e_4,292,coordinate-median graph ensemble,2.8000000000000003,13,1.8782599008557495,
crossing_90_e_4,292,coordinate-median graph ensemble,3.2,13,2.2758206994095045,
crossing_90_e_4,292,anchored coarse HGB,0.4,13,0.13733572049221435,
crossing_90_e_4,292,anchored coarse HGB,0.8,13,0.28441426812964266,
crossing_90_e_4,292,anchored coarse HGB,1.2000000000000002,13,0.5213410610158014,
crossing_90_e_4,292,anchored coarse HGB,1.6,13,0.7705132654362548,
crossing_90_e_4,292,anchored coarse HGB,2.0,13,0.9968948106547221,
crossing_90_e_4,292,anchored coarse HGB,2.4000000000000004,13,1.2739553418920262,
crossing_90_e_4,292,anchored coarse HGB,2.8000000000000003,13,1.5208210612370163,
crossing_90_e_4,292,anchored coarse HGB,3.2,13,1.7609375920441939,
crossing_90_e_4,292,GEL-Ped instability guard,0.4,13,0.1306794044467524,0.8156099943535848
crossing_90_e_4,292,GEL-Ped instability guard,0.8,13,0.27662277356589526,0.8152780349108726
crossing_90_e_4,292,GEL-Ped instability guard,1.2000000000000002,13,0.5191187690140762,0.8036761976466882
crossing_90_e_4,292,GEL-Ped instability guard,1.6,13,0.7801890534386706,0.7853669927745801
crossing_90_e_4,292,GEL-Ped instability guard,2.0,13,1.0166132368640854,0.7762174821054366
crossing_90_e_4,292,GEL-Ped instability guard,2.4000000000000004,13,1.3254256761822951,0.760068636716165
crossing_90_e_4,292,GEL-Ped instability guard,2.8000000000000003,13,1.5927381157473657,0.741881489199878
crossing_90_e_4,292,GEL-Ped instability guard,3.2,13,1.8979783643504757,0.7161572517614322
crossing_90_e_4,332,constant velocity,0.4,14,0.188537204671561,
crossing_90_e_4,332,constant velocity,0.8,14,0.39936557472715245,
crossing_90_e_4,332,constant velocity,1.2000000000000002,14,0.6540375559149453,
crossing_90_e_4,332,constant velocity,1.6,14,0.9090020982454536,
crossing_90_e_4,332,constant velocity,2.0,14,1.0984095650860533,
crossing_90_e_4,332,constant velocity,2.4000000000000004,14,1.2902608421401747,
crossing_90_e_4,332,constant velocity,2.8000000000000003,14,1.4032924784969514,
crossing_90_e_4,332,constant velocity,3.2,14,1.5400204936698825,
crossing_90_e_4,332,five-member graph ensemble,0.4,14,0.1911142074109847,
crossing_90_e_4,332,five-member graph ensemble,0.8,14,0.4193389578257211,
crossing_90_e_4,332,five-member graph ensemble,1.2000000000000002,14,0.6827763040524469,
crossing_90_e_4,332,five-member graph ensemble,1.6,14,0.9474602363327589,
crossing_90_e_4,332,five-member graph ensemble,2.0,14,1.2255982112331423,
crossing_90_e_4,332,five-member graph ensemble,2.4000000000000004,14,1.6056448362045264,
crossing_90_e_4,332,five-member graph ensemble,2.8000000000000003,14,1.96891859515247,
crossing_90_e_4,332,five-member graph ensemble,3.2,14,2.3386826041655913,
crossing_90_e_4,332,coordinate-median graph ensemble,0.4,14,0.1911363890280326,
crossing_90_e_4,332,coordinate-median graph ensemble,0.8,14,0.41806857498688693,
crossing_90_e_4,332,coordinate-median graph ensemble,1.2000000000000002,14,0.6804125835947437,
crossing_90_e_4,332,coordinate-median graph ensemble,1.6,14,0.9448703963603711,
crossing_90_e_4,332,coordinate-median graph ensemble,2.0,14,1.2308807684571879,
crossing_90_e_4,332,coordinate-median graph ensemble,2.4000000000000004,14,1.6206523261290968,
crossing_90_e_4,332,coordinate-median graph ensemble,2.8000000000000003,14,2.005293198456701,
crossing_90_e_4,332,coordinate-median graph ensemble,3.2,14,2.396149658835018,
crossing_90_e_4,332,anchored coarse HGB,0.4,14,0.19238334704724372,
crossing_90_e_4,332,anchored coarse HGB,0.8,14,0.40349544051172626,
crossing_90_e_4,332,anchored coarse HGB,1.2000000000000002,14,0.6442291785872782,
crossing_90_e_4,332,anchored coarse HGB,1.6,14,0.8780292076912789,
crossing_90_e_4,332,anchored coarse HGB,2.0,14,1.058022068873315,
crossing_90_e_4,332,anchored coarse HGB,2.4000000000000004,14,1.2893466186128868,
crossing_90_e_4,332,anchored coarse HGB,2.8000000000000003,14,1.4840645092127036,
crossing_90_e_4,332,anchored coarse HGB,3.2,14,1.7115808403477921,
crossing_90_e_4,332,GEL-Ped instability guard,0.4,14,0.18305530557803482,0.767537899440523
crossing_90_e_4,332,GEL-Ped instability guard,0.8,14,0.386811548649746,0.7321174430065915
crossing_90_e_4,332,GEL-Ped instability guard,1.2000000000000002,14,0.6103195896060686,0.716510125469521
crossing_90_e_4,332,GEL-Ped instability guard,1.6,14,0.8333921750031773,0.7096569760700069
crossing_90_e_4,332,GEL-Ped instability guard,2.0,14,1.0175148806896266,0.7084786888988368
crossing_90_e_4,332,GEL-Ped instability guard,2.4000000000000004,14,1.277861298524082,0.7107063757955737
crossing_90_e_4,332,GEL-Ped instability guard,2.8000000000000003,14,1.5382398942804045,0.7079403365693512
crossing_90_e_4,332,GEL-Ped instability guard,3.2,14,1.8130555727791928,0.6945051071824728
crossing_90_e_4,372,constant velocity,0.4,18,0.12293687176216252,
crossing_90_e_4,372,constant velocity,0.8,18,0.22589380740856294,
crossing_90_e_4,372,constant velocity,1.2000000000000002,18,0.43474930137161816,
crossing_90_e_4,372,constant velocity,1.6,18,0.7047631913438865,
crossing_90_e_4,372,constant velocity,2.0,18,0.9722241750695145,
crossing_90_e_4,372,constant velocity,2.4000000000000004,18,1.2146762155264246,
crossing_90_e_4,372,constant velocity,2.8000000000000003,18,1.4489239900224489,
crossing_90_e_4,372,constant velocity,3.2,18,1.6257227663839586,
crossing_90_e_4,372,five-member graph ensemble,0.4,18,0.11669825511891145,
crossing_90_e_4,372,five-member graph ensemble,0.8,18,0.2348662581796953,
crossing_90_e_4,372,five-member graph ensemble,1.2000000000000002,18,0.43000230043515947,
crossing_90_e_4,372,five-member graph ensemble,1.6,18,0.673344569815687,
crossing_90_e_4,372,five-member graph ensemble,2.0,18,0.9147280153559046,
crossing_90_e_4,372,five-member graph ensemble,2.4000000000000004,18,1.1937806379590095,
crossing_90_e_4,372,five-member graph ensemble,2.8000000000000003,18,1.528607333462948,
crossing_90_e_4,372,five-member graph ensemble,3.2,18,1.8875115704404548,
crossing_90_e_4,372,coordinate-median graph ensemble,0.4,18,0.11595582845233514,
crossing_90_e_4,372,coordinate-median graph ensemble,0.8,18,0.23445662963652814,
crossing_90_e_4,372,coordinate-median graph ensemble,1.2000000000000002,18,0.4306900760067883,
crossing_90_e_4,372,coordinate-median graph ensemble,1.6,18,0.6757648606609559,
crossing_90_e_4,372,coordinate-median graph ensemble,2.0,18,0.9187715863708869,
crossing_90_e_4,372,coordinate-median graph ensemble,2.4000000000000004,18,1.1996102618701718,
crossing_90_e_4,372,coordinate-median graph ensemble,2.8000000000000003,18,1.5369827950466075,
crossing_90_e_4,372,coordinate-median graph ensemble,3.2,18,1.8982411152765601,
crossing_90_e_4,372,anchored coarse HGB,0.4,18,0.10907880535586517,
crossing_90_e_4,372,anchored coarse HGB,0.8,18,0.21954356983122592,
crossing_90_e_4,372,anchored coarse HGB,1.2000000000000002,18,0.3928080538985223,
crossing_90_e_4,372,anchored coarse HGB,1.6,18,0.6210055842155752,
crossing_90_e_4,372,anchored coarse HGB,2.0,18,0.8230388720451439,
crossing_90_e_4,372,anchored coarse HGB,2.4000000000000004,18,1.0166237594841752,
crossing_90_e_4,372,anchored coarse HGB,2.8000000000000003,18,1.2272050212645478,
crossing_90_e_4,372,anchored coarse HGB,3.2,18,1.3940106373888916,
crossing_90_e_4,372,GEL-Ped instability guard,0.4,18,0.11559517951476041,0.8509417087645673
crossing_90_e_4,372,GEL-Ped instability guard,0.8,18,0.22635093062418157,0.8586860449968186
crossing_90_e_4,372,GEL-Ped instability guard,1.2000000000000002,18,0.41205125861931985,0.8553231533483053
crossing_90_e_4,372,GEL-Ped instability guard,1.6,18,0.6434269697167262,0.8490154130891617
crossing_90_e_4,372,GEL-Ped instability guard,2.0,18,0.8670102412729228,0.8504627834549741
crossing_90_e_4,372,GEL-Ped instability guard,2.4000000000000004,18,1.1169812329976951,0.8546425808140602
crossing_90_e_4,372,GEL-Ped instability guard,2.8000000000000003,18,1.4180287610682913,0.8531868362037106
crossing_90_e_4,372,GEL-Ped instability guard,3.2,18,1.733532733879076,0.84687582764263
crossing_90_e_4,412,constant velocity,0.4,22,0.13126355212290144,
crossing_90_e_4,412,constant velocity,0.8,22,0.2569162620784431,
crossing_90_e_4,412,constant velocity,1.2000000000000002,22,0.44590972887011837,
crossing_90_e_4,412,constant velocity,1.6,22,0.6258713497927346,
crossing_90_e_4,412,constant velocity,2.0,22,0.8165040451303555,
crossing_90_e_4,412,constant velocity,2.4000000000000004,22,1.0389654415787344,
crossing_90_e_4,412,constant velocity,2.8000000000000003,22,1.2875689494638638,
crossing_90_e_4,412,constant velocity,3.2,22,1.4910084529164138,
crossing_90_e_4,412,five-member graph ensemble,0.4,22,0.12613340971896717,
crossing_90_e_4,412,five-member graph ensemble,0.8,22,0.2223707978185364,
crossing_90_e_4,412,five-member graph ensemble,1.2000000000000002,22,0.4009415210939048,
crossing_90_e_4,412,five-member graph ensemble,1.6,22,0.5570558482650246,
crossing_90_e_4,412,five-member graph ensemble,2.0,22,0.7406874342890959,
crossing_90_e_4,412,five-member graph ensemble,2.4000000000000004,22,0.9243206998437522,
crossing_90_e_4,412,five-member graph ensemble,2.8000000000000003,22,1.1414025961355376,
crossing_90_e_4,412,five-member graph ensemble,3.2,22,1.3998741990507821,
crossing_90_e_4,412,coordinate-median graph ensemble,0.4,22,0.12566929414001002,
crossing_90_e_4,412,coordinate-median graph ensemble,0.8,22,0.21889921515900335,
crossing_90_e_4,412,coordinate-median graph ensemble,1.2000000000000002,22,0.39436953898097554,
crossing_90_e_4,412,coordinate-median graph ensemble,1.6,22,0.5501058984764838,
crossing_90_e_4,412,coordinate-median graph ensemble,2.0,22,0.7274300439203945,
crossing_90_e_4,412,coordinate-median graph ensemble,2.4000000000000004,22,0.9156571274958196,
crossing_90_e_4,412,coordinate-median graph ensemble,2.8000000000000003,22,1.1478900633154294,
crossing_90_e_4,412,coordinate-median graph ensemble,3.2,22,1.422176395804641,
crossing_90_e_4,412,anchored coarse HGB,0.4,22,0.11879008134168725,
crossing_90_e_4,412,anchored coarse HGB,0.8,22,0.20090698951240007,
crossing_90_e_4,412,anchored coarse HGB,1.2000000000000002,22,0.3729327620509576,
crossing_90_e_4,412,anchored coarse HGB,1.6,22,0.5036962068331624,
crossing_90_e_4,412,anchored coarse HGB,2.0,22,0.661376460334325,
crossing_90_e_4,412,anchored coarse HGB,2.4000000000000004,22,0.825038222820607,
crossing_90_e_4,412,anchored coarse HGB,2.8000000000000003,22,0.983306329989433,
crossing_90_e_4,412,anchored coarse HGB,3.2,22,1.1843471408939903,
crossing_90_e_4,412,GEL-Ped instability guard,0.4,22,0.1224209315250929,0.7488373708077529
crossing_90_e_4,412,GEL-Ped instability guard,0.8,22,0.20821226213044133,0.7727962749220842
crossing_90_e_4,412,GEL-Ped instability guard,1.2000000000000002,22,0.3861159840271553,0.7977537742627963
crossing_90_e_4,412,GEL-Ped instability guard,1.6,22,0.5390237168369718,0.8227303562700641
crossing_90_e_4,412,GEL-Ped instability guard,2.0,22,0.7153359070448748,0.8379166039646474
crossing_90_e_4,412,GEL-Ped instability guard,2.4000000000000004,22,0.9019499071854437,0.8455129765521637
crossing_90_e_4,412,GEL-Ped instability guard,2.8000000000000003,22,1.1157250391076567,0.8450216605132921
crossing_90_e_4,412,GEL-Ped instability guard,3.2,22,1.3861033500283517,0.8435012785153138
crossing_90_e_4,452,constant velocity,0.4,25,0.1472009777109551,
crossing_90_e_4,452,constant velocity,0.8,25,0.2851708935030412,
crossing_90_e_4,452,constant velocity,1.2000000000000002,25,0.5017415555379785,
crossing_90_e_4,452,constant velocity,1.6,25,0.702565344220294,
crossing_90_e_4,452,constant velocity,2.0,25,0.9158236680861808,
crossing_90_e_4,452,constant velocity,2.4000000000000004,25,1.1329668231993681,
crossing_90_e_4,452,constant velocity,2.8000000000000003,25,1.3173239465971986,
crossing_90_e_4,452,constant velocity,3.2,25,1.4916234511583435,
crossing_90_e_4,452,five-member graph ensemble,0.4,25,0.135137886959778,
crossing_90_e_4,452,five-member graph ensemble,0.8,25,0.2359492451179758,
crossing_90_e_4,452,five-member graph ensemble,1.2000000000000002,25,0.3925373946665816,
crossing_90_e_4,452,five-member graph ensemble,1.6,25,0.5442890891265724,
crossing_90_e_4,452,five-member graph ensemble,2.0,25,0.7190396680260921,
crossing_90_e_4,452,five-member graph ensemble,2.4000000000000004,25,0.9149633128911809,
crossing_90_e_4,452,five-member graph ensemble,2.8000000000000003,25,1.1065188798791297,
crossing_90_e_4,452,five-member graph ensemble,3.2,25,1.3167367214867927,
crossing_90_e_4,452,coordinate-median graph ensemble,0.4,25,0.13658448096993228,
crossing_90_e_4,452,coordinate-median graph ensemble,0.8,25,0.24124630109570697,
crossing_90_e_4,452,coordinate-median graph ensemble,1.2000000000000002,25,0.4023927105893631,
crossing_90_e_4,452,coordinate-median graph ensemble,1.6,25,0.5593710373314754,
crossing_90_e_4,452,coordinate-median graph ensemble,2.0,25,0.7395587131362715,
crossing_90_e_4,452,coordinate-median graph ensemble,2.4000000000000004,25,0.9418677092740317,
crossing_90_e_4,452,coordinate-median graph ensemble,2.8000000000000003,25,1.140004037275848,
crossing_90_e_4,452,coordinate-median graph ensemble,3.2,25,1.365942583522881,
crossing_90_e_4,452,anchored coarse HGB,0.4,25,0.13316074002084188,
crossing_90_e_4,452,anchored coarse HGB,0.8,25,0.242578815751994,
crossing_90_e_4,452,anchored coarse HGB,1.2000000000000002,25,0.40163961079870786,
crossing_90_e_4,452,anchored coarse HGB,1.6,25,0.5651489343234006,
crossing_90_e_4,452,anchored coarse HGB,2.0,25,0.7344710179706909,
crossing_90_e_4,452,anchored coarse HGB,2.4000000000000004,25,0.9279583614798717,
crossing_90_e_4,452,anchored coarse HGB,2.8000000000000003,25,1.1066487368469913,
crossing_90_e_4,452,anchored coarse HGB,3.2,25,1.2852744341803897,
crossing_90_e_4,452,GEL-Ped instability guard,0.4,25,0.13524050541803898,0.7754914978709071
crossing_90_e_4,452,GEL-Ped instability guard,0.8,25,0.23773180613992762,0.7916289222186366
crossing_90_e_4,452,GEL-Ped instability guard,1.2000000000000002,25,0.3968330671455647,0.8132345286202926
crossing_90_e_4,452,GEL-Ped instability guard,1.6,25,0.5575917606233232,0.825369506080637
crossing_90_e_4,452,GEL-Ped instability guard,2.0,25,0.7337691212801335,0.8299830278324001
crossing_90_e_4,452,GEL-Ped instability guard,2.4000000000000004,25,0.9310141588033258,0.8287555474829248
crossing_90_e_4,452,GEL-Ped instability guard,2.8000000000000003,25,1.1271078060680517,0.8247491165812372
crossing_90_e_4,452,GEL-Ped instability guard,3.2,25,1.3431814351877842,0.8219221429245738
crossing_90_e_4,492,constant velocity,0.4,35,0.16110409391561256,
crossing_90_e_4,492,constant velocity,0.8,35,0.25557231299118544,
crossing_90_e_4,492,constant velocity,1.2000000000000002,35,0.44843294083118906,
crossing_90_e_4,492,constant velocity,1.6,35,0.5912688257686705,
crossing_90_e_4,492,constant velocity,2.0,35,0.7310497209426371,
crossing_90_e_4,492,constant velocity,2.4000000000000004,35,0.8853997738925081,
crossing_90_e_4,492,constant velocity,2.8000000000000003,35,1.061553435529434,
crossing_90_e_4,492,constant velocity,3.2,35,1.2670189622016177,
crossing_90_e_4,492,five-member graph ensemble,0.4,35,0.14883116588095038,
crossing_90_e_4,492,five-member graph ensemble,0.8,35,0.23164991896915607,
crossing_90_e_4,492,five-member graph ensemble,1.2000000000000002,35,0.3911373386640157,
crossing_90_e_4,492,five-member graph ensemble,1.6,35,0.5143084609415383,
crossing_90_e_4,492,five-member graph ensemble,2.0,35,0.6661164778857287,
crossing_90_e_4,492,five-member graph ensemble,2.4000000000000004,35,0.8418201846492486,
crossing_90_e_4,492,five-member graph ensemble,2.8000000000000003,35,1.04353792252816,
crossing_90_e_4,492,five-member graph ensemble,3.2,35,1.2689405701011647,
crossing_90_e_4,492,coordinate-median graph ensemble,0.4,35,0.14880377206696746,
crossing_90_e_4,492,coordinate-median graph ensemble,0.8,35,0.23094445361807864,
crossing_90_e_4,492,coordinate-median graph ensemble,1.2000000000000002,35,0.39092678128577657,
crossing_90_e_4,492,coordinate-median graph ensemble,1.6,35,0.5143255412615729,
crossing_90_e_4,492,coordinate-median graph ensemble,2.0,35,0.6657330722361536,
crossing_90_e_4,492,coordinate-median graph ensemble,2.4000000000000004,35,0.8402941501230622,
crossing_90_e_4,492,coordinate-median graph ensemble,2.8000000000000003,35,1.0421624885220322,
crossing_90_e_4,492,coordinate-median graph ensemble,3.2,35,1.2672639532787877,
crossing_90_e_4,492,anchored coarse HGB,0.4,35,0.15045213517133108,
crossing_90_e_4,492,anchored coarse HGB,0.8,35,0.23333625952684928,
crossing_90_e_4,492,anchored coarse HGB,1.2000000000000002,35,0.39191963934531704,
crossing_90_e_4,492,anchored coarse HGB,1.6,35,0.5111562277704003,
crossing_90_e_4,492,anchored coarse HGB,2.0,35,0.6424302509694585,
crossing_90_e_4,492,anchored coarse HGB,2.4000000000000004,35,0.7862687306119506,
crossing_90_e_4,492,anchored coarse HGB,2.8000000000000003,35,0.9330175249411506,
crossing_90_e_4,492,anchored coarse HGB,3.2,35,1.1088457478773481,
crossing_90_e_4,492,GEL-Ped instability guard,0.4,35,0.1473977715963497,0.908820333876607
crossing_90_e_4,492,GEL-Ped instability guard,0.8,35,0.22879265967741905,0.9222649230558768
crossing_90_e_4,492,GEL-Ped instability guard,1.2000000000000002,35,0.38587319031508704,0.9226976087517013
crossing_90_e_4,492,GEL-Ped instability guard,1.6,35,0.50787118615345,0.9227894888377172
crossing_90_e_4,492,GEL-Ped instability guard,2.0,35,0.6559766219236327,0.9257833006176434
crossing_90_e_4,492,GEL-Ped instability guard,2.4000000000000004,35,0.8245263382262772,0.9281634830364536
crossing_90_e_4,492,GEL-Ped instability guard,2.8000000000000003,35,1.0138671002747768,0.927625775024499
crossing_90_e_4,492,GEL-Ped instability guard,3.2,35,1.2277443064641542,0.9267393080007893
crossing_90_e_4,532,constant velocity,0.4,34,0.1644454312684166,
crossing_90_e_4,532,constant velocity,0.8,34,0.2320983614725749,
crossing_90_e_4,532,constant velocity,1.2000000000000002,34,0.3773637926714609,
crossing_90_e_4,532,constant velocity,1.6,34,0.5247859550885974,
crossing_90_e_4,532,constant velocity,2.0,34,0.6820082721011408,
crossing_90_e_4,532,constant velocity,2.4000000000000004,34,0.8592153012613181,
crossing_90_e_4,532,constant velocity,2.8000000000000003,34,1.041865818423757,
crossing_90_e_4,532,constant velocity,3.2,34,1.233182534821976,
crossing_90_e_4,532,five-member graph ensemble,0.4,34,0.15104197089141633,
crossing_90_e_4,532,five-member graph ensemble,0.8,34,0.22271525666675587,
crossing_90_e_4,532,five-member graph ensemble,1.2000000000000002,34,0.355856483600799,
crossing_90_e_4,532,five-member graph ensemble,1.6,34,0.4949819719249659,
crossing_90_e_4,532,five-member graph ensemble,2.0,34,0.6430253028666807,
crossing_90_e_4,532,five-member graph ensemble,2.4000000000000004,34,0.8091738018532622,
crossing_90_e_4,532,five-member graph ensemble,2.8000000000000003,34,1.0342588499252325,
crossing_90_e_4,532,five-member graph ensemble,3.2,34,1.302115681815618,
crossing_90_e_4,532,coordinate-median graph ensemble,0.4,34,0.15196909453742974,
crossing_90_e_4,532,coordinate-median graph ensemble,0.8,34,0.2245440426652963,
crossing_90_e_4,532,coordinate-median graph ensemble,1.2000000000000002,34,0.3587182411259418,
crossing_90_e_4,532,coordinate-median graph ensemble,1.6,34,0.5031320396933086,
crossing_90_e_4,532,coordinate-median graph ensemble,2.0,34,0.6592400990914805,
crossing_90_e_4,532,coordinate-median graph ensemble,2.4000000000000004,34,0.835534277039236,
crossing_90_e_4,532,coordinate-median graph ensemble,2.8000000000000003,34,1.067249449657642,
crossing_90_e_4,532,coordinate-median graph ensemble,3.2,34,1.341152026190319,
crossing_90_e_4,532,anchored coarse HGB,0.4,34,0.14589730971107115,
crossing_90_e_4,532,anchored coarse HGB,0.8,34,0.2018726198657844,
crossing_90_e_4,532,anchored coarse HGB,1.2000000000000002,34,0.3097810785476063,
crossing_90_e_4,532,anchored coarse HGB,1.6,34,0.4209750493536573,
crossing_90_e_4,532,anchored coarse HGB,2.0,34,0.5376262343989525,
crossing_90_e_4,532,anchored coarse HGB,2.4000000000000004,34,0.6687006172945805,
crossing_90_e_4,532,anchored coarse HGB,2.8000000000000003,34,0.8016468524115203,
crossing_90_e_4,532,anchored coarse HGB,3.2,34,0.9534092934315045,
crossing_90_e_4,532,GEL-Ped instability guard,0.4,34,0.14811726427873792,0.8996354903623441
crossing_90_e_4,532,GEL-Ped instability guard,0.8,34,0.2115711145021033,0.9110798619460244
crossing_90_e_4,532,GEL-Ped instability guard,1.2000000000000002,34,0.3324549137180307,0.9188601644764257
crossing_90_e_4,532,GEL-Ped instability guard,1.6,34,0.4563142233252864,0.9249775286211963
crossing_90_e_4,532,GEL-Ped instability guard,2.0,34,0.5891383036235351,0.92771164205669
crossing_90_e_4,532,GEL-Ped instability guard,2.4000000000000004,34,0.7410157229480627,0.9250000766690425
crossing_90_e_4,532,GEL-Ped instability guard,2.8000000000000003,34,0.9473752618030105,0.919690473441358
crossing_90_e_4,532,GEL-Ped instability guard,3.2,34,1.1951733547769474,0.913524812100329
crossing_90_e_5,96,constant velocity,0.4,4,0.10048179813716707,
crossing_90_e_5,96,constant velocity,0.8,4,0.17661613523035144,
crossing_90_e_5,96,constant velocity,1.2000000000000002,4,0.253710852929119,
crossing_90_e_5,96,constant velocity,1.6,4,0.388739376059977,
crossing_90_e_5,96,constant velocity,2.0,4,0.5119037625868649,
crossing_90_e_5,96,constant velocity,2.4000000000000004,4,0.6426532447627555,
crossing_90_e_5,96,constant velocity,2.8000000000000003,4,0.7018302490824703,
crossing_90_e_5,96,constant velocity,3.2,4,0.8667117676637175,
crossing_90_e_5,96,five-member graph ensemble,0.4,4,0.10160919974215132,
crossing_90_e_5,96,five-member graph ensemble,0.8,4,0.192301142248034,
crossing_90_e_5,96,five-member graph ensemble,1.2000000000000002,4,0.300587263532748,
crossing_90_e_5,96,five-member graph ensemble,1.6,4,0.48032228712921055,
crossing_90_e_5,96,five-member graph ensemble,2.0,4,0.6659903405963337,
crossing_90_e_5,96,five-member graph ensemble,2.4000000000000004,4,0.8485005255018317,
crossing_90_e_5,96,five-member graph ensemble,2.8000000000000003,4,1.0342799561846179,
crossing_90_e_5,96,five-member graph ensemble,3.2,4,1.1989719890501758,
crossing_90_e_5,96,coordinate-median graph ensemble,0.4,4,0.09884788942105222,
crossing_90_e_5,96,coordinate-median graph ensemble,0.8,4,0.18945814363364724,
crossing_90_e_5,96,coordinate-median graph ensemble,1.2000000000000002,4,0.28786728250109417,
crossing_90_e_5,96,coordinate-median graph ensemble,1.6,4,0.4617258776541545,
crossing_90_e_5,96,coordinate-median graph ensemble,2.0,4,0.634372674970481,
crossing_90_e_5,96,coordinate-median graph ensemble,2.4000000000000004,4,0.8048692953944585,
crossing_90_e_5,96,coordinate-median graph ensemble,2.8000000000000003,4,0.9752242205765105,
crossing_90_e_5,96,coordinate-median graph ensemble,3.2,4,1.125112874406168,
crossing_90_e_5,96,anchored coarse HGB,0.4,4,0.0909841536484138,
crossing_90_e_5,96,anchored coarse HGB,0.8,4,0.14726532149764612,
crossing_90_e_5,96,anchored coarse HGB,1.2000000000000002,4,0.22054032964726666,
crossing_90_e_5,96,anchored coarse HGB,1.6,4,0.3226882654385815,
crossing_90_e_5,96,anchored coarse HGB,2.0,4,0.4355471263653208,
crossing_90_e_5,96,anchored coarse HGB,2.4000000000000004,4,0.5228879596523673,
crossing_90_e_5,96,anchored coarse HGB,2.8000000000000003,4,0.5607789859389676,
crossing_90_e_5,96,anchored coarse HGB,3.2,4,0.633339466516335,
crossing_90_e_5,96,GEL-Ped instability guard,0.4,4,0.10256980854486211,0.8203797868445556
crossing_90_e_5,96,GEL-Ped instability guard,0.8,4,0.18470147284075716,0.867488988399699
crossing_90_e_5,96,GEL-Ped instability guard,1.2000000000000002,4,0.291839956498266,0.8966098465557301
crossing_90_e_5,96,GEL-Ped instability guard,1.6,4,0.459872142212314,0.9179669014814376
crossing_90_e_5,96,GEL-Ped instability guard,2.0,4,0.6388458006173905,0.93437352118515
crossing_90_e_5,96,GEL-Ped instability guard,2.4000000000000004,4,0.8100561376358623,0.9453112676542917
crossing_90_e_5,96,GEL-Ped instability guard,2.8000000000000003,4,0.9811693594785023,0.9473462862337689
crossing_90_e_5,96,GEL-Ped instability guard,3.2,4,1.1249618593069326,0.9325703162716673
crossing_90_e_5,136,constant velocity,0.4,11,0.10805658280562999,
crossing_90_e_5,136,constant velocity,0.8,11,0.21246182422645427,
crossing_90_e_5,136,constant velocity,1.2000000000000002,11,0.42296157546566654,
crossing_90_e_5,136,constant velocity,1.6,11,0.5882483131849294,
crossing_90_e_5,136,constant velocity,2.0,11,0.6552219399434047,
crossing_90_e_5,136,constant velocity,2.4000000000000004,11,0.6978833122720135,
crossing_90_e_5,136,constant velocity,2.8000000000000003,11,0.794181470829587,
crossing_90_e_5,136,constant velocity,3.2,11,0.8871251553528471,
crossing_90_e_5,136,five-member graph ensemble,0.4,11,0.12080791149605984,
crossing_90_e_5,136,five-member graph ensemble,0.8,11,0.23722940585464725,
crossing_90_e_5,136,five-member graph ensemble,1.2000000000000002,11,0.4579167551921937,
crossing_90_e_5,136,five-member graph ensemble,1.6,11,0.6546122762217383,
crossing_90_e_5,136,five-member graph ensemble,2.0,11,0.8313564670845104,
crossing_90_e_5,136,five-member graph ensemble,2.4000000000000004,11,1.1103157107836081,
crossing_90_e_5,136,five-member graph ensemble,2.8000000000000003,11,1.5037152773976656,
crossing_90_e_5,136,five-member graph ensemble,3.2,11,2.0432722290095646,
crossing_90_e_5,136,coordinate-median graph ensemble,0.4,11,0.12293083886901567,
crossing_90_e_5,136,coordinate-median graph ensemble,0.8,11,0.2414766034141791,
crossing_90_e_5,136,coordinate-median graph ensemble,1.2000000000000002,11,0.4586694520424258,
crossing_90_e_5,136,coordinate-median graph ensemble,1.6,11,0.6528403116164566,
crossing_90_e_5,136,coordinate-median graph ensemble,2.0,11,0.8351358557053117,
crossing_90_e_5,136,coordinate-median graph ensemble,2.4000000000000004,11,1.117026712444204,
crossing_90_e_5,136,coordinate-median graph ensemble,2.8000000000000003,11,1.5125656649472758,
crossing_90_e_5,136,coordinate-median graph ensemble,3.2,11,2.044393982072889,
crossing_90_e_5,136,anchored coarse HGB,0.4,11,0.11387109186761749,
crossing_90_e_5,136,anchored coarse HGB,0.8,11,0.2230968347248095,
crossing_90_e_5,136,anchored coarse HGB,1.2000000000000002,11,0.4349810920798676,
crossing_90_e_5,136,anchored coarse HGB,1.6,11,0.5932304252636199,
crossing_90_e_5,136,anchored coarse HGB,2.0,11,0.6653743474588368,
crossing_90_e_5,136,anchored coarse HGB,2.4000000000000004,11,0.7218749104655793,
crossing_90_e_5,136,anchored coarse HGB,2.8000000000000003,11,0.7702409257521116,
crossing_90_e_5,136,anchored coarse HGB,3.2,11,0.9171228505723992,
crossing_90_e_5,136,GEL-Ped instability guard,0.4,11,0.11273699373289517,0.7965094199510151
crossing_90_e_5,136,GEL-Ped instability guard,0.8,11,0.22118189642021305,0.7849224294082889
crossing_90_e_5,136,GEL-Ped instability guard,1.2000000000000002,11,0.4284734512661261,0.7363417740573701
crossing_90_e_5,136,GEL-Ped instability guard,1.6,11,0.5965669385149824,0.7060327224375695
crossing_90_e_5,136,GEL-Ped instability guard,2.0,11,0.7109222804923132,0.6793349542804087
crossing_90_e_5,136,GEL-Ped instability guard,2.4000000000000004,11,0.8620773970480312,0.6544323030604022
crossing_90_e_5,136,GEL-Ped instability guard,2.8000000000000003,11,1.0308291541961963,0.6280120877883179
crossing_90_e_5,136,GEL-Ped instability guard,3.2,11,1.3312429854365753,0.6065824958467165
crossing_90_e_5,176,constant velocity,0.4,19,0.1471654554579711,
crossing_90_e_5,176,constant velocity,0.8,19,0.2998648093882366,
crossing_90_e_5,176,constant velocity,1.2000000000000002,19,0.550397347548284,
crossing_90_e_5,176,constant velocity,1.6,19,0.7739815525518438,
crossing_90_e_5,176,constant velocity,2.0,19,1.0147638330724382,
crossing_90_e_5,176,constant velocity,2.4000000000000004,19,1.250275188985685,
crossing_90_e_5,176,constant velocity,2.8000000000000003,19,1.4238544167823766,
crossing_90_e_5,176,constant velocity,3.2,19,1.5850034370352206,
crossing_90_e_5,176,five-member graph ensemble,0.4,19,0.14105782037125925,
crossing_90_e_5,176,five-member graph ensemble,0.8,19,0.28557780847040215,
crossing_90_e_5,176,five-member graph ensemble,1.2000000000000002,19,0.5327302468465507,
crossing_90_e_5,176,five-member graph ensemble,1.6,19,0.7665447101444971,
crossing_90_e_5,176,five-member graph ensemble,2.0,19,1.0641626393658783,
crossing_90_e_5,176,five-member graph ensemble,2.4000000000000004,19,1.346491664828448,
crossing_90_e_5,176,five-member graph ensemble,2.8000000000000003,19,1.6047899382365614,
crossing_90_e_5,176,five-member graph ensemble,3.2,19,1.8769238876328185,
crossing_90_e_5,176,coordinate-median graph ensemble,0.4,19,0.1412929288688755,
crossing_90_e_5,176,coordinate-median graph ensemble,0.8,19,0.28532149879056934,
crossing_90_e_5,176,coordinate-median graph ensemble,1.2000000000000002,19,0.5308914964942677,
crossing_90_e_5,176,coordinate-median graph ensemble,1.6,19,0.7663124021237051,
crossing_90_e_5,176,coordinate-median graph ensemble,2.0,19,1.0671935294671346,
crossing_90_e_5,176,coordinate-median graph ensemble,2.4000000000000004,19,1.3496938768098194,
crossing_90_e_5,176,coordinate-median graph ensemble,2.8000000000000003,19,1.6064743742198038,
crossing_90_e_5,176,coordinate-median graph ensemble,3.2,19,1.874871694502868,
crossing_90_e_5,176,anchored coarse HGB,0.4,19,0.13521772340557017,
crossing_90_e_5,176,anchored coarse HGB,0.8,19,0.2609690630270918,
crossing_90_e_5,176,anchored coarse HGB,1.2000000000000002,19,0.4870554020841576,
crossing_90_e_5,176,anchored coarse HGB,1.6,19,0.686453267753148,
crossing_90_e_5,176,anchored coarse HGB,2.0,19,0.912662638801842,
crossing_90_e_5,176,anchored coarse HGB,2.4000000000000004,19,1.095307173920479,
crossing_90_e_5,176,anchored coarse HGB,2.8000000000000003,19,1.239414437040742,
crossing_90_e_5,176,anchored coarse HGB,3.2,19,1.3523286250700455,
crossing_90_e_5,176,GEL-Ped instability guard,0.4,19,0.1377055565990352,0.626600416190991
crossing_90_e_5,176,GEL-Ped instability guard,0.8,19,0.2754363718622011,0.6648480503724961
crossing_90_e_5,176,GEL-Ped instability guard,1.2000000000000002,19,0.5109970391486328,0.6894401488802405
crossing_90_e_5,176,GEL-Ped instability guard,1.6,19,0.7279608141172291,0.7009196344582409
crossing_90_e_5,176,GEL-Ped instability guard,2.0,19,0.9943197177334506,0.7082157053329072
crossing_90_e_5,176,GEL-Ped instability guard,2.4000000000000004,19,1.231398590582922,0.7124048087682188
crossing_90_e_5,176,GEL-Ped instability guard,2.8000000000000003,19,1.4267432975014984,0.7028879389215396
crossing_90_e_5,176,GEL-Ped instability guard,3.2,19,1.6266238965031377,0.6879976421572773
crossing_90_e_5,216,constant velocity,0.4,26,0.1408442783619466,
crossing_90_e_5,216,constant velocity,0.8,26,0.27435885492493584,
crossing_90_e_5,216,constant velocity,1.2000000000000002,26,0.4886120157253048,
crossing_90_e_5,216,constant velocity,1.6,26,0.7109255578977021,
crossing_90_e_5,216,constant velocity,2.0,26,0.9653606291180385,
crossing_90_e_5,216,constant velocity,2.4000000000000004,26,1.20745856659109,
crossing_90_e_5,216,constant velocity,2.8000000000000003,26,1.4891170190056795,
crossing_90_e_5,216,constant velocity,3.2,26,1.7417033231382164,
crossing_90_e_5,216,five-member graph ensemble,0.4,26,0.13073916011834183,
crossing_90_e_5,216,five-member graph ensemble,0.8,26,0.2537944313705426,
crossing_90_e_5,216,five-member graph ensemble,1.2000000000000002,26,0.44239494568333393,
crossing_90_e_5,216,five-member graph ensemble,1.6,26,0.6278655347250959,
crossing_90_e_5,216,five-member graph ensemble,2.0,26,0.8387159332431625,
crossing_90_e_5,216,five-member graph ensemble,2.4000000000000004,26,1.0194996874458273,
crossing_90_e_5,216,five-member graph ensemble,2.8000000000000003,26,1.2317649879466173,
crossing_90_e_5,216,five-member graph ensemble,3.2,26,1.4569066408403493,
crossing_90_e_5,216,coordinate-median graph ensemble,0.4,26,0.13179569659257784,
crossing_90_e_5,216,coordinate-median graph ensemble,0.8,26,0.25673862471368697,
crossing_90_e_5,216,coordinate-median graph ensemble,1.2000000000000002,26,0.44833892706981143,
crossing_90_e_5,216,coordinate-median graph ensemble,1.6,26,0.6273435299631449,
crossing_90_e_5,216,coordinate-median graph ensemble,2.0,26,0.8263156698203413,
crossing_90_e_5,216,coordinate-median graph ensemble,2.4000000000000004,26,1.002003362957933,
crossing_90_e_5,216,coordinate-median graph ensemble,2.8000000000000003,26,1.2103123614097333,
crossing_90_e_5,216,coordinate-median graph ensemble,3.2,26,1.4284287920141965,
crossing_90_e_5,216,anchored coarse HGB,0.4,26,0.1318395544719796,
crossing_90_e_5,216,anchored coarse HGB,0.8,26,0.2499170411126366,
crossing_90_e_5,216,anchored coarse HGB,1.2000000000000002,26,0.4250236023668126,
crossing_90_e_5,216,anchored coarse HGB,1.6,26,0.589076866712532,
crossing_90_e_5,216,anchored coarse HGB,2.0,26,0.7809104660501439,
crossing_90_e_5,216,anchored coarse HGB,2.4000000000000004,26,0.9541357745830239,
crossing_90_e_5,216,anchored coarse HGB,2.8000000000000003,26,1.162033725689026,
crossing_90_e_5,216,anchored coarse HGB,3.2,26,1.376322841115892,
crossing_90_e_5,216,GEL-Ped instability guard,0.4,26,0.13088946473216378,0.6783352509072172
crossing_90_e_5,216,GEL-Ped instability guard,0.8,26,0.24439589527700173,0.6907755732497027
crossing_90_e_5,216,GEL-Ped instability guard,1.2000000000000002,26,0.41602738074659035,0.7034935266107493
crossing_90_e_5,216,GEL-Ped instability guard,1.6,26,0.5748963137508085,0.7154487660049527
crossing_90_e_5,216,GEL-Ped instability guard,2.0,26,0.7630223602992883,0.7272382563525129
crossing_90_e_5,216,GEL-Ped instability guard,2.4000000000000004,26,0.9283182245920648,0.7393715728236269
crossing_90_e_5,216,GEL-Ped instability guard,2.8000000000000003,26,1.1279291518573065,0.7495904981675061
crossing_90_e_5,216,GEL-Ped instability guard,3.2,26,1.3445480364356306,0.7561314929666092
crossing_90_e_5,256,constant velocity,0.4,36,0.1627580531527231,
crossing_90_e_5,256,constant velocity,0.8,36,0.30361424529122855,
crossing_90_e_5,256,constant velocity,1.2000000000000002,36,0.5315014293699375,
crossing_90_e_5,256,constant velocity,1.6,36,0.7544236964766884,
crossing_90_e_5,256,constant velocity,2.0,36,1.0111680191710128,
crossing_90_e_5,256,constant velocity,2.4000000000000004,36,1.2696151204932584,
crossing_90_e_5,256,constant velocity,2.8000000000000003,36,1.5477668831308866,
crossing_90_e_5,256,constant velocity,3.2,36,1.8231937276152033,
crossing_90_e_5,256,five-member graph ensemble,0.4,36,0.1440506442227329,
crossing_90_e_5,256,five-member graph ensemble,0.8,36,0.25317285430753156,
crossing_90_e_5,256,five-member graph ensemble,1.2000000000000002,36,0.40879662544400874,
crossing_90_e_5,256,five-member graph ensemble,1.6,36,0.6040661434111994,
crossing_90_e_5,256,five-member graph ensemble,2.0,36,0.8108878770409915,
crossing_90_e_5,256,five-member graph ensemble,2.4000000000000004,36,1.047932258224357,
crossing_90_e_5,256,five-member graph ensemble,2.8000000000000003,36,1.3160869243180124,
crossing_90_e_5,256,five-member graph ensemble,3.2,36,1.5851973949431188,
crossing_90_e_5,256,coordinate-median graph ensemble,0.4,36,0.14403415981262857,
crossing_90_e_5,256,coordinate-median graph ensemble,0.8,36,0.2525700054816089,
crossing_90_e_5,256,coordinate-median graph ensemble,1.2000000000000002,36,0.40971138403053575,
crossing_90_e_5,256,coordinate-median graph ensemble,1.6,36,0.6038181523401718,
crossing_90_e_5,256,coordinate-median graph ensemble,2.0,36,0.811543330444059,
crossing_90_e_5,256,coordinate-median graph ensemble,2.4000000000000004,36,1.0473771121732165,
crossing_90_e_5,256,coordinate-median graph ensemble,2.8000000000000003,36,1.3140247773793776,
crossing_90_e_5,256,coordinate-median graph ensemble,3.2,36,1.5825364354422127,
crossing_90_e_5,256,anchored coarse HGB,0.4,36,0.14623620001850773,
crossing_90_e_5,256,anchored coarse HGB,0.8,36,0.2672277816234643,
crossing_90_e_5,256,anchored coarse HGB,1.2000000000000002,36,0.4259958850568115,
crossing_90_e_5,256,anchored coarse HGB,1.6,36,0.6017135678710344,
crossing_90_e_5,256,anchored coarse HGB,2.0,36,0.7891175998074494,
crossing_90_e_5,256,anchored coarse HGB,2.4000000000000004,36,0.9873175210578928,
crossing_90_e_5,256,anchored coarse HGB,2.8000000000000003,36,1.1958213674849407,
crossing_90_e_5,256,anchored coarse HGB,3.2,36,1.410856644287289,
crossing_90_e_5,256,GEL-Ped instability guard,0.4,36,0.14516295117555758,0.813279531720646
crossing_90_e_5,256,GEL-Ped instability guard,0.8,36,0.25677286645970065,0.8366894942291642
crossing_90_e_5,256,GEL-Ped instability guard,1.2000000000000002,36,0.41399677272155316,0.8496435068962028
crossing_90_e_5,256,GEL-Ped instability guard,1.6,36,0.6037646499857651,0.8577639983636797
crossing_90_e_5,256,GEL-Ped instability guard,2.0,36,0.8062317287012881,0.8634230806530312
crossing_90_e_5,256,GEL-Ped instability guard,2.4000000000000004,36,1.034716901964016,0.8655912599416241
crossing_90_e_5,256,GEL-Ped instability guard,2.8000000000000003,36,1.2880649959681587,0.8665241143066629
crossing_90_e_5,256,GEL-Ped instability guard,3.2,36,1.5454830634733883,0.866390650584101
crossing_90_e_5,296,constant velocity,0.4,37,0.1610747504589191,
crossing_90_e_5,296,constant velocity,0.8,37,0.2723809069769171,
crossing_90_e_5,296,constant velocity,1.2000000000000002,37,0.41373123347911844,
crossing_90_e_5,296,constant velocity,1.6,37,0.6322185047986911,
crossing_90_e_5,296,constant velocity,2.0,37,0.8380313965589907,
crossing_90_e_5,296,constant velocity,2.4000000000000004,37,1.1155889743132053,
crossing_90_e_5,296,constant velocity,2.8000000000000003,37,1.3689176175624618,
crossing_90_e_5,296,constant velocity,3.2,37,1.6381431059473142,
crossing_90_e_5,296,five-member graph ensemble,0.4,37,0.14154206752578152,
crossing_90_e_5,296,five-member graph ensemble,0.8,37,0.2166705809990649,
crossing_90_e_5,296,five-member graph ensemble,1.2000000000000002,37,0.3106951115781879,
crossing_90_e_5,296,five-member graph ensemble,1.6,37,0.45464436368295985,
crossing_90_e_5,296,five-member graph ensemble,2.0,37,0.5859877340974206,
crossing_90_e_5,296,five-member graph ensemble,2.4000000000000004,37,0.7714432052764723,
crossing_90_e_5,296,five-member graph ensemble,2.8000000000000003,37,0.9748383800548605,
crossing_90_e_5,296,five-member graph ensemble,3.2,37,1.236303919213552,
crossing_90_e_5,296,coordinate-median graph ensemble,0.4,37,0.1407638551861777,
crossing_90_e_5,296,coordinate-median graph ensemble,0.8,37,0.2143251378101879,
crossing_90_e_5,296,coordinate-median graph ensemble,1.2000000000000002,37,0.3080349096754799,
crossing_90_e_5,296,coordinate-median graph ensemble,1.6,37,0.4494106365467673,
crossing_90_e_5,296,coordinate-median graph ensemble,2.0,37,0.5773967769446816,
crossing_90_e_5,296,coordinate-median graph ensemble,2.4000000000000004,37,0.7636095831067711,
crossing_90_e_5,296,coordinate-median graph ensemble,2.8000000000000003,37,0.9698978059668049,
crossing_90_e_5,296,coordinate-median graph ensemble,3.2,37,1.234454033640076,
crossing_90_e_5,296,anchored coarse HGB,0.4,37,0.14065586287405224,
crossing_90_e_5,296,anchored coarse HGB,0.8,37,0.20608793850438456,
crossing_90_e_5,296,anchored coarse HGB,1.2000000000000002,37,0.29859351989578026,
crossing_90_e_5,296,anchored coarse HGB,1.6,37,0.43475924909595864,
crossing_90_e_5,296,anchored coarse HGB,2.0,37,0.5583367224088097,
crossing_90_e_5,296,anchored coarse HGB,2.4000000000000004,37,0.7279710616234232,
crossing_90_e_5,296,anchored coarse HGB,2.8000000000000003,37,0.9047427711553342,
crossing_90_e_5,296,anchored coarse HGB,3.2,37,1.1135011919088382,
crossing_90_e_5,296,GEL-Ped instability guard,0.4,37,0.13657765449393294,0.8479933852030515
crossing_90_e_5,296,GEL-Ped instability guard,0.8,37,0.20408026957343883,0.8670855228160217
crossing_90_e_5,296,GEL-Ped instability guard,1.2000000000000002,37,0.28919514104194133,0.8879939107888809
crossing_90_e_5,296,GEL-Ped instability guard,1.6,37,0.42667909437381657,0.901488124582462
crossing_90_e_5,296,GEL-Ped instability guard,2.0,37,0.5552788758247122,0.9082835448139714
crossing_90_e_5,296,GEL-Ped instability guard,2.4000000000000004,37,0.738389525205689,0.9138970098289745
crossing_90_e_5,296,GEL-Ped instability guard,2.8000000000000003,37,0.941370337653331,0.9199990888534034
crossing_90_e_5,296,GEL-Ped instability guard,3.2,37,1.1880521651907063,0.9231564443626737
crossing_90_e_5,336,constant velocity,0.4,40,0.1452378892445528,
crossing_90_e_5,336,constant velocity,0.8,40,0.23525485327639614,
crossing_90_e_5,336,constant velocity,1.2000000000000002,40,0.37677342365942507,
crossing_90_e_5,336,constant velocity,1.6,40,0.5439296426836133,
crossing_90_e_5,336,constant velocity,2.0,40,0.7474702368995739,
crossing_90_e_5,336,constant velocity,2.4000000000000004,40,0.9764592224325721,
crossing_90_e_5,336,constant velocity,2.8000000000000003,40,1.21207865214555,
crossing_90_e_5,336,constant velocity,3.2,40,1.4667709771134614,
crossing_90_e_5,336,five-member graph ensemble,0.4,40,0.12838306422515267,
crossing_90_e_5,336,five-member graph ensemble,0.8,40,0.20606622498664412,
crossing_90_e_5,336,five-member graph ensemble,1.2000000000000002,40,0.3298743481872988,
crossing_90_e_5,336,five-member graph ensemble,1.6,40,0.47369443515380977,
crossing_90_e_5,336,five-member graph ensemble,2.0,40,0.6557782112390711,
crossing_90_e_5,336,five-member graph ensemble,2.4000000000000004,40,0.879314014261437,
crossing_90_e_5,336,five-member graph ensemble,2.8000000000000003,40,1.1275617467986705,
crossing_90_e_5,336,five-member graph ensemble,3.2,40,1.4131325299280315,
crossing_90_e_5,336,coordinate-median graph ensemble,0.4,40,0.1278701549344941,
crossing_90_e_5,336,coordinate-median graph ensemble,0.8,40,0.20628922352763443,
crossing_90_e_5,336,coordinate-median graph ensemble,1.2000000000000002,40,0.32871232432115477,
crossing_90_e_5,336,coordinate-median graph ensemble,1.6,40,0.47443364336543903,
crossing_90_e_5,336,coordinate-median graph ensemble,2.0,40,0.6574960506853224,
crossing_90_e_5,336,coordinate-median graph ensemble,2.4000000000000004,40,0.8817275342350012,
crossing_90_e_5,336,coordinate-median graph ensemble,2.8000000000000003,40,1.1285097299149869,
crossing_90_e_5,336,coordinate-median graph ensemble,3.2,40,1.4142937035494745,
crossing_90_e_5,336,anchored coarse HGB,0.4,40,0.12978801346582722,
crossing_90_e_5,336,anchored coarse HGB,0.8,40,0.21118535799459132,
crossing_90_e_5,336,anchored coarse HGB,1.2000000000000002,40,0.33275113002500767,
crossing_90_e_5,336,anchored coarse HGB,1.6,40,0.4596501015929115,
crossing_90_e_5,336,anchored coarse HGB,2.0,40,0.6200507981790433,
crossing_90_e_5,336,anchored coarse HGB,2.4000000000000004,40,0.8037014964040852,
crossing_90_e_5,336,anchored coarse HGB,2.8000000000000003,40,1.0041144406091924,
crossing_90_e_5,336,anchored coarse HGB,3.2,40,1.23085526229807,
crossing_90_e_5,336,GEL-Ped instability guard,0.4,40,0.1285262132057336,0.8276303159409736
crossing_90_e_5,336,GEL-Ped instability guard,0.8,40,0.2011288138728907,0.8548380826217811
crossing_90_e_5,336,GEL-Ped instability guard,1.2000000000000002,40,0.3228217012779929,0.8739654652482661
crossing_90_e_5,336,GEL-Ped instability guard,1.6,40,0.45362630413169513,0.8853899873910039
crossing_90_e_5,336,GEL-Ped instability guard,2.0,40,0.6228476079220435,0.892900641356826
crossing_90_e_5,336,GEL-Ped instability guard,2.4000000000000004,40,0.8291977612008683,0.8982671542554529
crossing_90_e_5,336,GEL-Ped instability guard,2.8000000000000003,40,1.055189954729356,0.9009479240541224
crossing_90_e_5,336,GEL-Ped instability guard,3.2,40,1.3191095045133379,0.9012163556271492
crossing_90_e_5,376,constant velocity,0.4,49,0.13970328364416565,
crossing_90_e_5,376,constant velocity,0.8,49,0.2614395184520919,
crossing_90_e_5,376,constant velocity,1.2000000000000002,49,0.3846046333699484,
crossing_90_e_5,376,constant velocity,1.6,49,0.5917874881473689,
crossing_90_e_5,376,constant velocity,2.0,49,0.7588447891014279,
crossing_90_e_5,376,constant velocity,2.4000000000000004,49,0.9737839250113165,
crossing_90_e_5,376,constant velocity,2.8000000000000003,49,1.210812460376814,
crossing_90_e_5,376,constant velocity,3.2,49,1.4480438211789695,
crossing_90_e_5,376,five-member graph ensemble,0.4,49,0.12835052527689733,
crossing_90_e_5,376,five-member graph ensemble,0.8,49,0.22868792446832853,
crossing_90_e_5,376,five-member graph ensemble,1.2000000000000002,49,0.3597243652655251,
crossing_90_e_5,376,five-member graph ensemble,1.6,49,0.5628518096591595,
crossing_90_e_5,376,five-member graph ensemble,2.0,49,0.7504428410403284,
crossing_90_e_5,376,five-member graph ensemble,2.4000000000000004,49,0.9945145429646032,
crossing_90_e_5,376,five-member graph ensemble,2.8000000000000003,49,1.232575597153364,
crossing_90_e_5,376,five-member graph ensemble,3.2,49,1.4995601648296326,
crossing_90_e_5,376,coordinate-median graph ensemble,0.4,49,0.12795686772161402,
crossing_90_e_5,376,coordinate-median graph ensemble,0.8,49,0.22681179387919953,
crossing_90_e_5,376,coordinate-median graph ensemble,1.2000000000000002,49,0.3570443512027542,
crossing_90_e_5,376,coordinate-median graph ensemble,1.6,49,0.5582094351458253,
crossing_90_e_5,376,coordinate-median graph ensemble,2.0,49,0.7458974737453663,
crossing_90_e_5,376,coordinate-median graph ensemble,2.4000000000000004,49,0.9913729069998966,
crossing_90_e_5,376,coordinate-median graph ensemble,2.8000000000000003,49,1.2299011504977906,
crossing_90_e_5,376,coordinate-median graph ensemble,3.2,49,1.4987429011055347,
crossing_90_e_5,376,anchored coarse HGB,0.4,49,0.1216686959445481,
crossing_90_e_5,376,anchored coarse HGB,0.8,49,0.21865320816490152,
crossing_90_e_5,376,anchored coarse HGB,1.2000000000000002,49,0.3469284884267722,
crossing_90_e_5,376,anchored coarse HGB,1.6,49,0.5237592856631941,
crossing_90_e_5,376,anchored coarse HGB,2.0,49,0.7045035789092275,
crossing_90_e_5,376,anchored coarse HGB,2.4000000000000004,49,0.9144516207045303,
crossing_90_e_5,376,anchored coarse HGB,2.8000000000000003,49,1.1182006037137533,
crossing_90_e_5,376,anchored coarse HGB,3.2,49,1.3468518637183327,
crossing_90_e_5,376,GEL-Ped instability guard,0.4,49,0.12725286277539335,0.8781914200695048
crossing_90_e_5,376,GEL-Ped instability guard,0.8,49,0.2277698645780863,0.896316421046004
crossing_90_e_5,376,GEL-Ped instability guard,1.2000000000000002,49,0.3579810389293907,0.9050872766241099
crossing_90_e_5,376,GEL-Ped instability guard,1.6,49,0.5479843668750995,0.9127090135372538
crossing_90_e_5,376,GEL-Ped instability guard,2.0,49,0.7290029024176181,0.9182790604358653
crossing_90_e_5,376,GEL-Ped instability guard,2.4000000000000004,49,0.9681089636759339,0.9222706545036661
crossing_90_e_5,376,GEL-Ped instability guard,2.8000000000000003,49,1.20070413229751,0.9251732246179546
crossing_90_e_5,376,GEL-Ped instability guard,3.2,49,1.463762847298765,0.926332324185295
crossing_90_e_5,416,constant velocity,0.4,52,0.1586193303669529,
crossing_90_e_5,416,constant velocity,0.8,52,0.31454269684098884,
crossing_90_e_5,416,constant velocity,1.2000000000000002,52,0.48265353055620097,
crossing_90_e_5,416,constant velocity,1.6,52,0.7003722877786255,
crossing_90_e_5,416,constant velocity,2.0,52,0.9253882569222805,
crossing_90_e_5,416,constant velocity,2.4000000000000004,52,1.136944388691007,
crossing_90_e_5,416,constant velocity,2.8000000000000003,52,1.3789127323876733,
crossing_90_e_5,416,constant velocity,3.2,52,1.6244387748939633,
crossing_90_e_5,416,five-member graph ensemble,0.4,52,0.14052088337344804,
crossing_90_e_5,416,five-member graph ensemble,0.8,52,0.28447624213285805,
crossing_90_e_5,416,five-member graph ensemble,1.2000000000000002,52,0.44247276702613964,
crossing_90_e_5,416,five-member graph ensemble,1.6,52,0.6382373200794693,
crossing_90_e_5,416,five-member graph ensemble,2.0,52,0.8261111753311836,
crossing_90_e_5,416,five-member graph ensemble,2.4000000000000004,52,1.0186795877545654,
crossing_90_e_5,416,five-member graph ensemble,2.8000000000000003,52,1.2277698624591955,
crossing_90_e_5,416,five-member graph ensemble,3.2,52,1.439201562665578,
crossing_90_e_5,416,coordinate-median graph ensemble,0.4,52,0.1399801623067937,
crossing_90_e_5,416,coordinate-median graph ensemble,0.8,52,0.2845835954435859,
crossing_90_e_5,416,coordinate-median graph ensemble,1.2000000000000002,52,0.4435718406040137,
crossing_90_e_5,416,coordinate-median graph ensemble,1.6,52,0.6395493664048146,
crossing_90_e_5,416,coordinate-median graph ensemble,2.0,52,0.8274271243308073,
crossing_90_e_5,416,coordinate-median graph ensemble,2.4000000000000004,52,1.0207888100123623,
crossing_90_e_5,416,coordinate-median graph ensemble,2.8000000000000003,52,1.2311477027681517,
crossing_90_e_5,416,coordinate-median graph ensemble,3.2,52,1.4431494268476532,
crossing_90_e_5,416,anchored coarse HGB,0.4,52,0.13957330802158152,
crossing_90_e_5,416,anchored coarse HGB,0.8,52,0.28735786579947836,
crossing_90_e_5,416,anchored coarse HGB,1.2000000000000002,52,0.4339960201590563,
crossing_90_e_5,416,anchored coarse HGB,1.6,52,0.6256872480068982,
crossing_90_e_5,416,anchored coarse HGB,2.0,52,0.7974057971854882,
crossing_90_e_5,416,anchored coarse HGB,2.4000000000000004,52,0.9592615593014476,
crossing_90_e_5,416,anchored coarse HGB,2.8000000000000003,52,1.14363682205963,
crossing_90_e_5,416,anchored coarse HGB,3.2,52,1.3153704723757083,
crossing_90_e_5,416,GEL-Ped instability guard,0.4,52,0.14048256910065338,0.8184095352240299
crossing_90_e_5,416,GEL-Ped instability guard,0.8,52,0.28299635077960417,0.8328898829197275
crossing_90_e_5,416,GEL-Ped instability guard,1.2000000000000002,52,0.43808407982177716,0.8430594579262332
crossing_90_e_5,416,GEL-Ped instability guard,1.6,52,0.6279602446061824,0.8494506179043821
crossing_90_e_5,416,GEL-Ped instability guard,2.0,52,0.8088854630436325,0.8531765366895785
crossing_90_e_5,416,GEL-Ped instability guard,2.4000000000000004,52,0.9935920151730736,0.8542727388731596
crossing_90_e_5,416,GEL-Ped instability guard,2.8000000000000003,52,1.1962880531574525,0.8519035337046186
crossing_90_e_5,416,GEL-Ped instability guard,3.2,52,1.403515357763023,0.8491392347933513
crossing_90_e_5,456,constant velocity,0.4,54,0.15545819485134427,
crossing_90_e_5,456,constant velocity,0.8,54,0.29805540345427,
crossing_90_e_5,456,constant velocity,1.2000000000000002,54,0.4701275520351473,
crossing_90_e_5,456,constant velocity,1.6,54,0.6841850254142775,
crossing_90_e_5,456,constant velocity,2.0,54,0.8788545622539566,
crossing_90_e_5,456,constant velocity,2.4000000000000004,54,1.0845168721637881,
crossing_90_e_5,456,constant velocity,2.8000000000000003,54,1.2857467567972836,
crossing_90_e_5,456,constant velocity,3.2,54,1.5056074063789069,
crossing_90_e_5,456,five-member graph ensemble,0.4,54,0.1443306955390572,
crossing_90_e_5,456,five-member graph ensemble,0.8,54,0.24922841911523405,
crossing_90_e_5,456,five-member graph ensemble,1.2000000000000002,54,0.38487724557752356,
crossing_90_e_5,456,five-member graph ensemble,1.6,54,0.5328940227243534,
crossing_90_e_5,456,five-member graph ensemble,2.0,54,0.664470943518004,
crossing_90_e_5,456,five-member graph ensemble,2.4000000000000004,54,0.825623718398446,
crossing_90_e_5,456,five-member graph ensemble,2.8000000000000003,54,0.9664770632798354,
crossing_90_e_5,456,five-member graph ensemble,3.2,54,1.1497499829263298,
crossing_90_e_5,456,coordinate-median graph ensemble,0.4,54,0.1444712101482255,
crossing_90_e_5,456,coordinate-median graph ensemble,0.8,54,0.24893710560041563,
crossing_90_e_5,456,coordinate-median graph ensemble,1.2000000000000002,54,0.3834433032665813,
crossing_90_e_5,456,coordinate-median graph ensemble,1.6,54,0.5312621367125172,
crossing_90_e_5,456,coordinate-median graph ensemble,2.0,54,0.6601352193163175,
crossing_90_e_5,456,coordinate-median graph ensemble,2.4000000000000004,54,0.8169981065883506,
crossing_90_e_5,456,coordinate-median graph ensemble,2.8000000000000003,54,0.9599332940500909,
crossing_90_e_5,456,coordinate-median graph ensemble,3.2,54,1.1470289936437263,
crossing_90_e_5,456,anchored coarse HGB,0.4,54,0.1357289130943611,
crossing_90_e_5,456,anchored coarse HGB,0.8,54,0.2279492498551958,
crossing_90_e_5,456,anchored coarse HGB,1.2000000000000002,54,0.3654037837513091,
crossing_90_e_5,456,anchored coarse HGB,1.6,54,0.5045797026877182,
crossing_90_e_5,456,anchored coarse HGB,2.0,54,0.6139020107843508,
crossing_90_e_5,456,anchored coarse HGB,2.4000000000000004,54,0.743649260024164,
crossing_90_e_5,456,anchored coarse HGB,2.8000000000000003,54,0.8524649088433671,
crossing_90_e_5,456,anchored coarse HGB,3.2,54,0.9906866690494666,
crossing_90_e_5,456,GEL-Ped instability guard,0.4,54,0.13931092456217684,0.861743781393248
crossing_90_e_5,456,GEL-Ped instability guard,0.8,54,0.242419498348412,0.8677599803652408
crossing_90_e_5,456,GEL-Ped instability guard,1.2000000000000002,54,0.37757712901884255,0.8701161976677705
crossing_90_e_5,456,GEL-Ped instability guard,1.6,54,0.5225797790481113,0.8721117844106933
crossing_90_e_5,456,GEL-Ped instability guard,2.0,54,0.6472211342455556,0.8737967809929159
crossing_90_e_5,456,GEL-Ped instability guard,2.4000000000000004,54,0.7920682478847256,0.8739266555559922
crossing_90_e_5,456,GEL-Ped instability guard,2.8000000000000003,54,0.9223482181122594,0.8731248882837355
crossing_90_e_5,456,GEL-Ped instability guard,3.2,54,1.0934839858964456,0.8720564666761419
crossing_90_e_5,496,constant velocity,0.4,56,0.1457938255888455,
crossing_90_e_5,496,constant velocity,0.8,56,0.2751413055986501,
crossing_90_e_5,496,constant velocity,1.2000000000000002,56,0.4053194478410891,
crossing_90_e_5,496,constant velocity,1.6,56,0.5622657139279296,
crossing_90_e_5,496,constant velocity,2.0,56,0.7224687323118612,
crossing_90_e_5,496,constant velocity,2.4000000000000004,56,0.8780039671990736,
crossing_90_e_5,496,constant velocity,2.8000000000000003,56,1.0773310618345202,
crossing_90_e_5,496,constant velocity,3.2,56,1.2956495380405888,
crossing_90_e_5,496,five-member graph ensemble,0.4,56,0.13031731426559018,
crossing_90_e_5,496,five-member graph ensemble,0.8,56,0.2315767012029068,
crossing_90_e_5,496,five-member graph ensemble,1.2000000000000002,56,0.34752136143083323,
crossing_90_e_5,496,five-member graph ensemble,1.6,56,0.495550071563932,
crossing_90_e_5,496,five-member graph ensemble,2.0,56,0.6540051316998701,
crossing_90_e_5,496,five-member graph ensemble,2.4000000000000004,56,0.8094318991949793,
crossing_90_e_5,496,five-member graph ensemble,2.8000000000000003,56,0.9847924821619792,
crossing_90_e_5,496,five-member graph ensemble,3.2,56,1.1730234431147761,
crossing_90_e_5,496,coordinate-median graph ensemble,0.4,56,0.12966088530061706,
crossing_90_e_5,496,coordinate-median graph ensemble,0.8,56,0.228862185352531,
crossing_90_e_5,496,coordinate-median graph ensemble,1.2000000000000002,56,0.3439196873198294,
crossing_90_e_5,496,coordinate-median graph ensemble,1.6,56,0.49234414034419105,
crossing_90_e_5,496,coordinate-median graph ensemble,2.0,56,0.6520415362510087,
crossing_90_e_5,496,coordinate-median graph ensemble,2.4000000000000004,56,0.8079713834026736,
crossing_90_e_5,496,coordinate-median graph ensemble,2.8000000000000003,56,0.9856094439856999,
crossing_90_e_5,496,coordinate-median graph ensemble,3.2,56,1.1745112778672027,
crossing_90_e_5,496,anchored coarse HGB,0.4,56,0.12972575531263136,
crossing_90_e_5,496,anchored coarse HGB,0.8,56,0.225627890734501,
crossing_90_e_5,496,anchored coarse HGB,1.2000000000000002,56,0.33459680153141363,
crossing_90_e_5,496,anchored coarse HGB,1.6,56,0.47585930356763445,
crossing_90_e_5,496,anchored coarse HGB,2.0,56,0.6176475757999276,
crossing_90_e_5,496,anchored coarse HGB,2.4000000000000004,56,0.7561837264473674,
crossing_90_e_5,496,anchored coarse HGB,2.8000000000000003,56,0.9084362344366422,
crossing_90_e_5,496,anchored coarse HGB,3.2,56,1.0779520796225837,
crossing_90_e_5,496,GEL-Ped instability guard,0.4,56,0.13174997119071574,0.8836617173746605
crossing_90_e_5,496,GEL-Ped instability guard,0.8,56,0.23006132372047713,0.8982532134622504
crossing_90_e_5,496,GEL-Ped instability guard,1.2000000000000002,56,0.3393293473408492,0.9094296004837474
crossing_90_e_5,496,GEL-Ped instability guard,1.6,56,0.481702156124021,0.9151631508468336
crossing_90_e_5,496,GEL-Ped instability guard,2.0,56,0.6286502744727942,0.9186941050476263
crossing_90_e_5,496,GEL-Ped instability guard,2.4000000000000004,56,0.7706411708207445,0.921474300516672
crossing_90_e_5,496,GEL-Ped instability guard,2.8000000000000003,56,0.9323534676419784,0.9231546964369111
crossing_90_e_5,496,GEL-Ped instability guard,3.2,56,1.1079002293130815,0.9237430799342217
crossing_90_e_5,536,constant velocity,0.4,57,0.13821958958126654,
crossing_90_e_5,536,constant velocity,0.8,57,0.23276693844679583,
crossing_90_e_5,536,constant velocity,1.2000000000000002,57,0.3383592344984504,
crossing_90_e_5,536,constant velocity,1.6,57,0.4844313310714883,
crossing_90_e_5,536,constant velocity,2.0,57,0.6288738429894273,
crossing_90_e_5,536,constant velocity,2.4000000000000004,57,0.7932182238728464,
crossing_90_e_5,536,constant velocity,2.8000000000000003,57,0.9627236913742839,
crossing_90_e_5,536,constant velocity,3.2,57,1.134206017057734,
crossing_90_e_5,536,five-member graph ensemble,0.4,57,0.1240146845779489,
crossing_90_e_5,536,five-member graph ensemble,0.8,57,0.17192936164377773,
crossing_90_e_5,536,five-member graph ensemble,1.2000000000000002,57,0.2659541507326942,
crossing_90_e_5,536,five-member graph ensemble,1.6,57,0.38053509660152246,
crossing_90_e_5,536,five-member graph ensemble,2.0,57,0.49122838254410905,
crossing_90_e_5,536,five-member graph ensemble,2.4000000000000004,57,0.629846107234766,
crossing_90_e_5,536,five-member graph ensemble,2.8000000000000003,57,0.7653350969067854,
crossing_90_e_5,536,five-member graph ensemble,3.2,57,0.8998848844948393,
crossing_90_e_5,536,coordinate-median graph ensemble,0.4,57,0.12360281254127023,
crossing_90_e_5,536,coordinate-median graph ensemble,0.8,57,0.1717150193960264,
crossing_90_e_5,536,coordinate-median graph ensemble,1.2000000000000002,57,0.26615095317806886,
crossing_90_e_5,536,coordinate-median graph ensemble,1.6,57,0.38114842012289685,
crossing_90_e_5,536,coordinate-median graph ensemble,2.0,57,0.4916153428478582,
crossing_90_e_5,536,coordinate-median graph ensemble,2.4000000000000004,57,0.6306046737298885,
crossing_90_e_5,536,coordinate-median graph ensemble,2.8000000000000003,57,0.7681133083005806,
crossing_90_e_5,536,coordinate-median graph ensemble,3.2,57,0.9037403430077438,
crossing_90_e_5,536,anchored coarse HGB,0.4,57,0.12038143986970297,
crossing_90_e_5,536,anchored coarse HGB,0.8,57,0.16999912789989613,
crossing_90_e_5,536,anchored coarse HGB,1.2000000000000002,57,0.25397829253590776,
crossing_90_e_5,536,anchored coarse HGB,1.6,57,0.3696063717193558,
crossing_90_e_5,536,anchored coarse HGB,2.0,57,0.4841643744136264,
crossing_90_e_5,536,anchored coarse HGB,2.4000000000000004,57,0.6177452379562963,
crossing_90_e_5,536,anchored coarse HGB,2.8000000000000003,57,0.7442596964221216,
crossing_90_e_5,536,anchored coarse HGB,3.2,57,0.8768748398580105,
crossing_90_e_5,536,GEL-Ped instability guard,0.4,57,0.1227092812654658,0.9371577153253033
crossing_90_e_5,536,GEL-Ped instability guard,0.8,57,0.16800934832817277,0.9425612325195067
crossing_90_e_5,536,GEL-Ped instability guard,1.2000000000000002,57,0.25915392868266834,0.9467198624074817
crossing_90_e_5,536,GEL-Ped instability guard,1.6,57,0.37202711139205247,0.9490173157043519
crossing_90_e_5,536,GEL-Ped instability guard,2.0,57,0.4831116750967113,0.951551279048308
crossing_90_e_5,536,GEL-Ped instability guard,2.4000000000000004,57,0.6199847706434938,0.9534832252418788
crossing_90_e_5,536,GEL-Ped instability guard,2.8000000000000003,57,0.7567173084810126,0.9546987725933016
crossing_90_e_5,536,GEL-Ped instability guard,3.2,57,0.8909665807925659,0.9553513518707343
crossing_90_e_6,66,constant velocity,0.4,5,0.3640428922505234,
crossing_90_e_6,66,constant velocity,0.8,5,0.6987283445273255,
crossing_90_e_6,66,constant velocity,1.2000000000000002,5,0.9820696933660653,
crossing_90_e_6,66,constant velocity,1.6,5,1.2621128168078652,
crossing_90_e_6,66,constant velocity,2.0,5,1.5543651018829874,
crossing_90_e_6,66,constant velocity,2.4000000000000004,5,1.7104079102191239,
crossing_90_e_6,66,constant velocity,2.8000000000000003,5,1.8686078667986976,
crossing_90_e_6,66,constant velocity,3.2,5,1.958714504447149,
crossing_90_e_6,66,five-member graph ensemble,0.4,5,0.36620967031046037,
crossing_90_e_6,66,five-member graph ensemble,0.8,5,0.7449275743767694,
crossing_90_e_6,66,five-member graph ensemble,1.2000000000000002,5,1.1135669254652603,
crossing_90_e_6,66,five-member graph ensemble,1.6,5,1.514664098229009,
crossing_90_e_6,66,five-member graph ensemble,2.0,5,1.963791097859012,
crossing_90_e_6,66,five-member graph ensemble,2.4000000000000004,5,2.306215536999228,
crossing_90_e_6,66,five-member graph ensemble,2.8000000000000003,5,2.6779823461316137,
crossing_90_e_6,66,five-member graph ensemble,3.2,5,3.0024484845187707,
crossing_90_e_6,66,coordinate-median graph ensemble,0.4,5,0.36608978483732313,
crossing_90_e_6,66,coordinate-median graph ensemble,0.8,5,0.7451741214767653,
crossing_90_e_6,66,coordinate-median graph ensemble,1.2000000000000002,5,1.1131375001101091,
crossing_90_e_6,66,coordinate-median graph ensemble,1.6,5,1.514572075709188,
crossing_90_e_6,66,coordinate-median graph ensemble,2.0,5,1.9625473448546706,
crossing_90_e_6,66,coordinate-median graph ensemble,2.4000000000000004,5,2.302975040662744,
crossing_90_e_6,66,coordinate-median graph ensemble,2.8000000000000003,5,2.6732753874402566,
crossing_90_e_6,66,coordinate-median graph ensemble,3.2,5,2.9951100692206305,
crossing_90_e_6,66,anchored coarse HGB,0.4,5,0.3640310860217819,
crossing_90_e_6,66,anchored coarse HGB,0.8,5,0.7156680321912742,
crossing_90_e_6,66,anchored coarse HGB,1.2000000000000002,5,1.0337349684082036,
crossing_90_e_6,66,anchored coarse HGB,1.6,5,1.3622016749189512,
crossing_90_e_6,66,anchored coarse HGB,2.0,5,1.7128588183321483,
crossing_90_e_6,66,anchored coarse HGB,2.4000000000000004,5,1.9511420889250033,
crossing_90_e_6,66,anchored coarse HGB,2.8000000000000003,5,2.206080102278971,
crossing_90_e_6,66,anchored coarse HGB,3.2,5,2.4306212443045387,
crossing_90_e_6,66,GEL-Ped instability guard,0.4,5,0.3640428084277696,0.005180204489588933
crossing_90_e_6,66,GEL-Ped instability guard,0.8,5,0.7167949670551084,0.023263117972775138
crossing_90_e_6,66,GEL-Ped instability guard,1.2000000000000002,5,1.0384440368270267,0.04605009908611183
crossing_90_e_6,66,GEL-Ped instability guard,1.6,5,1.3744772858751613,0.07062884223417329
crossing_90_e_6,66,GEL-Ped instability guard,2.0,5,1.7376426885198117,0.09561046668791637
crossing_90_e_6,66,GEL-Ped instability guard,2.4000000000000004,5,2.000374585132064,0.1620965086726357
crossing_90_e_6,66,GEL-Ped instability guard,2.8000000000000003,5,2.292694826884145,0.21508198607828508
crossing_90_e_6,66,GEL-Ped instability guard,3.2,5,2.5653811840095115,0.2539936956370732
crossing_90_e_6,106,constant velocity,0.4,22,0.15100701074643696,
crossing_90_e_6,106,constant velocity,0.8,22,0.3185596870401953,
crossing_90_e_6,106,constant velocity,1.2000000000000002,22,0.4788432092226358,
crossing_90_e_6,106,constant velocity,1.6,22,0.6731225555532907,
crossing_90_e_6,106,constant velocity,2.0,22,0.8291543889592095,
crossing_90_e_6,106,constant velocity,2.4000000000000004,22,0.9797061980391896,
crossing_90_e_6,106,constant velocity,2.8000000000000003,22,1.1092322934387429,
crossing_90_e_6,106,constant velocity,3.2,22,1.1987614241794597,
crossing_90_e_6,106,five-member graph ensemble,0.4,22,0.1577189491834064,
crossing_90_e_6,106,five-member graph ensemble,0.8,22,0.3542795124078673,
crossing_90_e_6,106,five-member graph ensemble,1.2000000000000002,22,0.564295222613052,
crossing_90_e_6,106,five-member graph ensemble,1.6,22,0.8221910629428467,
crossing_90_e_6,106,five-member graph ensemble,2.0,22,1.0887954271075322,
crossing_90_e_6,106,five-member graph ensemble,2.4000000000000004,22,1.4023818689731193,
crossing_90_e_6,106,five-member graph ensemble,2.8000000000000003,22,1.7407589772610281,
crossing_90_e_6,106,five-member graph ensemble,3.2,22,2.0753310367669258,
crossing_90_e_6,106,coordinate-median graph ensemble,0.4,22,0.15767689904914714,
crossing_90_e_6,106,coordinate-median graph ensemble,0.8,22,0.35354133654735936,
crossing_90_e_6,106,coordinate-median graph ensemble,1.2000000000000002,22,0.5616771029176381,
crossing_90_e_6,106,coordinate-median graph ensemble,1.6,22,0.8187667378070024,
crossing_90_e_6,106,coordinate-median graph ensemble,2.0,22,1.0799149501614653,
crossing_90_e_6,106,coordinate-median graph ensemble,2.4000000000000004,22,1.3928645291028923,
crossing_90_e_6,106,coordinate-median graph ensemble,2.8000000000000003,22,1.7373292700068612,
crossing_90_e_6,106,coordinate-median graph ensemble,3.2,22,2.074471901296818,
crossing_90_e_6,106,anchored coarse HGB,0.4,22,0.15759143471451342,
crossing_90_e_6,106,anchored coarse HGB,0.8,22,0.35011441191911313,
crossing_90_e_6,106,anchored coarse HGB,1.2000000000000002,22,0.5347021071143576,
crossing_90_e_6,106,anchored coarse HGB,1.6,22,0.7560913242342733,
crossing_90_e_6,106,anchored coarse HGB,2.0,22,0.949688880426628,
crossing_90_e_6,106,anchored coarse HGB,2.4000000000000004,22,1.145386217094031,
crossing_90_e_6,106,anchored coarse HGB,2.8000000000000003,22,1.331685236692601,
crossing_90_e_6,106,anchored coarse HGB,3.2,22,1.4768633130122126,
crossing_90_e_6,106,GEL-Ped instability guard,0.4,22,0.1583015486862238,0.45320079537537766
crossing_90_e_6,106,GEL-Ped instability guard,0.8,22,0.346858498586029,0.47777356283630257
crossing_90_e_6,106,GEL-Ped instability guard,1.2000000000000002,22,0.5313340563941145,0.5022006062833847
crossing_90_e_6,106,GEL-Ped instability guard,1.6,22,0.7584732059835513,0.5240049184319177
crossing_90_e_6,106,GEL-Ped instability guard,2.0,22,0.9690675366294936,0.542944274971503
crossing_90_e_6,106,GEL-Ped instability guard,2.4000000000000004,22,1.2014681794720075,0.5608971472557253
crossing_90_e_6,106,GEL-Ped instability guard,2.8000000000000003,22,1.4374098029664435,0.5688186457391995
crossing_90_e_6,106,GEL-Ped instability guard,3.2,22,1.6552345611033752,0.5667703538224957
crossing_90_e_6,146,constant velocity,0.4,41,0.14063594223424397,
crossing_90_e_6,146,constant velocity,0.8,41,0.2751463923455306,
crossing_90_e_6,146,constant velocity,1.2000000000000002,41,0.47311604587478434,
crossing_90_e_6,146,constant velocity,1.6,41,0.7007871411644179,
crossing_90_e_6,146,constant velocity,2.0,41,0.9368252898984709,
crossing_90_e_6,146,constant velocity,2.4000000000000004,41,1.1789815320635022,
crossing_90_e_6,146,constant velocity,2.8000000000000003,41,1.4354900310335599,
crossing_90_e_6,146,constant velocity,3.2,41,1.6554691660871181,
crossing_90_e_6,146,five-member graph ensemble,0.4,41,0.13688837442160384,
crossing_90_e_6,146,five-member graph ensemble,0.8,41,0.276848657526699,
crossing_90_e_6,146,five-member graph ensemble,1.2000000000000002,41,0.44786045567715516,
crossing_90_e_6,146,five-member graph ensemble,1.6,41,0.6311538137575733,
crossing_90_e_6,146,five-member graph ensemble,2.0,41,0.7986180553693091,
crossing_90_e_6,146,five-member graph ensemble,2.4000000000000004,41,1.0178430723989524,
crossing_90_e_6,146,five-member graph ensemble,2.8000000000000003,41,1.3110436638466134,
crossing_90_e_6,146,five-member graph ensemble,3.2,41,1.5935745863875084,
crossing_90_e_6,146,coordinate-median graph ensemble,0.4,41,0.13706818287235836,
crossing_90_e_6,146,coordinate-median graph ensemble,0.8,41,0.27750544585770226,
crossing_90_e_6,146,coordinate-median graph ensemble,1.2000000000000002,41,0.44830303435322655,
crossing_90_e_6,146,coordinate-median graph ensemble,1.6,41,0.630653149989338,
crossing_90_e_6,146,coordinate-median graph ensemble,2.0,41,0.7967910916702307,
crossing_90_e_6,146,coordinate-median graph ensemble,2.4000000000000004,41,1.0176906539603,
crossing_90_e_6,146,coordinate-median graph ensemble,2.8000000000000003,41,1.3197800929497563,
crossing_90_e_6,146,coordinate-median graph ensemble,3.2,41,1.61337550640834,
crossing_90_e_6,146,anchored coarse HGB,0.4,41,0.13736722944717253,
crossing_90_e_6,146,anchored coarse HGB,0.8,41,0.27925358126004474,
crossing_90_e_6,146,anchored coarse HGB,1.2000000000000002,41,0.4370195850092384,
crossing_90_e_6,146,anchored coarse HGB,1.6,41,0.6270458110726282,
crossing_90_e_6,146,anchored coarse HGB,2.0,41,0.7974899352815967,
crossing_90_e_6,146,anchored coarse HGB,2.4000000000000004,41,0.9647925524460033,
crossing_90_e_6,146,anchored coarse HGB,2.8000000000000003,41,1.1348948974910942,
crossing_90_e_6,146,anchored coarse HGB,3.2,41,1.2830353582071825,
crossing_90_e_6,146,GEL-Ped instability guard,0.4,41,0.1378022791161046,0.5066238277908778
crossing_90_e_6,146,GEL-Ped instability guard,0.8,41,0.2747073052701608,0.5194381651449271
crossing_90_e_6,146,GEL-Ped instability guard,1.2000000000000002,41,0.4307764282274992,0.5213092398035744
crossing_90_e_6,146,GEL-Ped instability guard,1.6,41,0.6062128714204144,0.5106028764892002
crossing_90_e_6,146,GEL-Ped instability guard,2.0,41,0.7620712810771907,0.5004428721532279
crossing_90_e_6,146,GEL-Ped instability guard,2.4000000000000004,41,0.9239360399492222,0.49441074087810893
crossing_90_e_6,146,GEL-Ped instability guard,2.8000000000000003,41,1.1106248262570013,0.49545511122620745
crossing_90_e_6,146,GEL-Ped instability guard,3.2,41,1.2855810249305777,0.5024858332536344
crossing_90_e_6,186,constant velocity,0.4,59,0.15261962195252116,
crossing_90_e_6,186,constant velocity,0.8,59,0.2996678086386524,
crossing_90_e_6,186,constant velocity,1.2000000000000002,59,0.4971123052849317,
crossing_90_e_6,186,constant velocity,1.6,59,0.6861435115559064,
crossing_90_e_6,186,constant velocity,2.0,59,0.8977323647131609,
crossing_90_e_6,186,constant velocity,2.4000000000000004,59,1.1605434327963624,
crossing_90_e_6,186,constant velocity,2.8000000000000003,59,1.4452059441554985,
crossing_90_e_6,186,constant velocity,3.2,59,1.7240895584366756,
crossing_90_e_6,186,five-member graph ensemble,0.4,59,0.1305820634277206,
crossing_90_e_6,186,five-member graph ensemble,0.8,59,0.24539943620544613,
crossing_90_e_6,186,five-member graph ensemble,1.2000000000000002,59,0.3764726344389254,
crossing_90_e_6,186,five-member graph ensemble,1.6,59,0.4800776418407847,
crossing_90_e_6,186,five-member graph ensemble,2.0,59,0.6537982573708786,
crossing_90_e_6,186,five-member graph ensemble,2.4000000000000004,59,0.8958822884544262,
crossing_90_e_6,186,five-member graph ensemble,2.8000000000000003,59,1.1608638367065083,
crossing_90_e_6,186,five-member graph ensemble,3.2,59,1.4660681129013802,
crossing_90_e_6,186,coordinate-median graph ensemble,0.4,59,0.1306796814207886,
crossing_90_e_6,186,coordinate-median graph ensemble,0.8,59,0.24505574387201243,
crossing_90_e_6,186,coordinate-median graph ensemble,1.2000000000000002,59,0.3748775870538446,
crossing_90_e_6,186,coordinate-median graph ensemble,1.6,59,0.47689640430135694,
crossing_90_e_6,186,coordinate-median graph ensemble,2.0,59,0.6518075310389728,
crossing_90_e_6,186,coordinate-median graph ensemble,2.4000000000000004,59,0.8950703944004382,
crossing_90_e_6,186,coordinate-median graph ensemble,2.8000000000000003,59,1.1629601912464482,
crossing_90_e_6,186,coordinate-median graph ensemble,3.2,59,1.4748508083112,
crossing_90_e_6,186,anchored coarse HGB,0.4,59,0.1423582963657308,
crossing_90_e_6,186,anchored coarse HGB,0.8,59,0.27267027673208305,
crossing_90_e_6,186,anchored coarse HGB,1.2000000000000002,59,0.4210280207255131,
crossing_90_e_6,186,anchored coarse HGB,1.6,59,0.5325731830928052,
crossing_90_e_6,186,anchored coarse HGB,2.0,59,0.6925914814316959,
crossing_90_e_6,186,anchored coarse HGB,2.4000000000000004,59,0.8988762016618747,
crossing_90_e_6,186,anchored coarse HGB,2.8000000000000003,59,1.1234711502237276,
crossing_90_e_6,186,anchored coarse HGB,3.2,59,1.3632085275129593,
crossing_90_e_6,186,GEL-Ped instability guard,0.4,59,0.13632446142833124,0.5790169164245276
crossing_90_e_6,186,GEL-Ped instability guard,0.8,59,0.26058815268674,0.5810106028261006
crossing_90_e_6,186,GEL-Ped instability guard,1.2000000000000002,59,0.40155080522231856,0.5798881039408771
crossing_90_e_6,186,GEL-Ped instability guard,1.6,59,0.5092805185009173,0.5764128664540733
crossing_90_e_6,186,GEL-Ped instability guard,2.0,59,0.6747239229744698,0.5758468376779238
crossing_90_e_6,186,GEL-Ped instability guard,2.4000000000000004,59,0.8940593830424882,0.5762989486224456
crossing_90_e_6,186,GEL-Ped instability guard,2.8000000000000003,59,1.1322973531339688,0.5812215336663931
crossing_90_e_6,186,GEL-Ped instability guard,3.2,59,1.394638329723833,0.5935660980662195
crossing_90_e_6,226,constant velocity,0.4,69,0.1432968542189999,
crossing_90_e_6,226,constant velocity,0.8,69,0.25761051814868574,
crossing_90_e_6,226,constant velocity,1.2000000000000002,69,0.42223704680281776,
crossing_90_e_6,226,constant velocity,1.6,69,0.6026983213104928,
crossing_90_e_6,226,constant velocity,2.0,69,0.8118690037541461,
crossing_90_e_6,226,constant velocity,2.4000000000000004,69,1.024711108462454,
crossing_90_e_6,226,constant velocity,2.8000000000000003,69,1.2606376940735564,
crossing_90_e_6,226,constant velocity,3.2,69,1.498058058519336,
crossing_90_e_6,226,five-member graph ensemble,0.4,69,0.12468702427944307,
crossing_90_e_6,226,five-member graph ensemble,0.8,69,0.23561076566137956,
crossing_90_e_6,226,five-member graph ensemble,1.2000000000000002,69,0.37675334183417625,
crossing_90_e_6,226,five-member graph ensemble,1.6,69,0.5520374027108546,
crossing_90_e_6,226,five-member graph ensemble,2.0,69,0.7446292776011159,
crossing_90_e_6,226,five-member graph ensemble,2.4000000000000004,69,0.9672903463921867,
crossing_90_e_6,226,five-member graph ensemble,2.8000000000000003,69,1.2269106736523026,
crossing_90_e_6,226,five-member graph ensemble,3.2,69,1.4968842727699028,
crossing_90_e_6,226,coordinate-median graph ensemble,0.4,69,0.12437480234625262,
crossing_90_e_6,226,coordinate-median graph ensemble,0.8,69,0.23325194641990882,
crossing_90_e_6,226,coordinate-median graph ensemble,1.2000000000000002,69,0.3722574277077819,
crossing_90_e_6,226,coordinate-median graph ensemble,1.6,69,0.5458000711002173,
crossing_90_e_6,226,coordinate-median graph ensemble,2.0,69,0.7366220597895267,
crossing_90_e_6,226,coordinate-median graph ensemble,2.4000000000000004,69,0.9583380714980967,
crossing_90_e_6,226,coordinate-median graph ensemble,2.8000000000000003,69,1.216945550793663,
crossing_90_e_6,226,coordinate-median graph ensemble,3.2,69,1.4865937316833198,
crossing_90_e_6,226,anchored coarse HGB,0.4,69,0.13124318804643345,
crossing_90_e_6,226,anchored coarse HGB,0.8,69,0.2460475287308623,
crossing_90_e_6,226,anchored coarse HGB,1.2000000000000002,69,0.39201821010156707,
crossing_90_e_6,226,anchored coarse HGB,1.6,69,0.566126342597757,
crossing_90_e_6,226,anchored coarse HGB,2.0,69,0.7564007604704014,
crossing_90_e_6,226,anchored coarse HGB,2.4000000000000004,69,0.9579599538599406,
crossing_90_e_6,226,anchored coarse HGB,2.8000000000000003,69,1.174700071302985,
crossing_90_e_6,226,anchored coarse HGB,3.2,69,1.3873654257383228,
crossing_90_e_6,226,GEL-Ped instability guard,0.4,69,0.12765808776718807,0.7972351153822862
crossing_90_e_6,226,GEL-Ped instability guard,0.8,69,0.2403094922405091,0.8080325997388227
crossing_90_e_6,226,GEL-Ped instability guard,1.2000000000000002,69,0.3793154551710639,0.8192045660739996
crossing_90_e_6,226,GEL-Ped instability guard,1.6,69,0.5537727969707212,0.827318953009702
crossing_90_e_6,226,GEL-Ped instability guard,2.0,69,0.7388432092421033,0.8354645492520205
crossing_90_e_6,226,GEL-Ped instability guard,2.4000000000000004,69,0.9520142880748355,0.842367961133108
crossing_90_e_6,226,GEL-Ped instability guard,2.8000000000000003,69,1.189755413277975,0.8479572876631393
crossing_90_e_6,226,GEL-Ped instability guard,3.2,69,1.4402229056112492,0.8529891952176214
crossing_90_e_6,266,constant velocity,0.4,79,0.14023748242109388,
crossing_90_e_6,266,constant velocity,0.8,79,0.2470220958402104,
crossing_90_e_6,266,constant velocity,1.2000000000000002,79,0.434618621253975,
crossing_90_e_6,266,constant velocity,1.6,79,0.6289244686538663,
crossing_90_e_6,266,constant velocity,2.0,79,0.8678663625343487,
crossing_90_e_6,266,constant velocity,2.4000000000000004,79,1.1228130334620685,
crossing_90_e_6,266,constant velocity,2.8000000000000003,79,1.3791479930722652,
crossing_90_e_6,266,constant velocity,3.2,79,1.6590609028575343,
crossing_90_e_6,266,five-member graph ensemble,0.4,79,0.12937482615201257,
crossing_90_e_6,266,five-member graph ensemble,0.8,79,0.2225352348773594,
crossing_90_e_6,266,five-member graph ensemble,1.2000000000000002,79,0.36938402493331157,
crossing_90_e_6,266,five-member graph ensemble,1.6,79,0.519007854804606,
crossing_90_e_6,266,five-member graph ensemble,2.0,79,0.7010994406994254,
crossing_90_e_6,266,five-member graph ensemble,2.4000000000000004,79,0.9209927081833236,
crossing_90_e_6,266,five-member graph ensemble,2.8000000000000003,79,1.1600038710267393,
crossing_90_e_6,266,five-member graph ensemble,3.2,79,1.418799931854617,
crossing_90_e_6,266,coordinate-median graph ensemble,0.4,79,0.12901818975909293,
crossing_90_e_6,266,coordinate-median graph ensemble,0.8,79,0.2213518000437026,
crossing_90_e_6,266,coordinate-median graph ensemble,1.2000000000000002,79,0.36736268853136866,
crossing_90_e_6,266,coordinate-median graph ensemble,1.6,79,0.5160638692467507,
crossing_90_e_6,266,coordinate-median graph ensemble,2.0,79,0.6994905424790642,
crossing_90_e_6,266,coordinate-median graph ensemble,2.4000000000000004,79,0.9168558293632194,
crossing_90_e_6,266,coordinate-median graph ensemble,2.8000000000000003,79,1.1566147946918124,
crossing_90_e_6,266,coordinate-median graph ensemble,3.2,79,1.4156542645257169,
crossing_90_e_6,266,anchored coarse HGB,0.4,79,0.12827812219393167,
crossing_90_e_6,266,anchored coarse HGB,0.8,79,0.21968164387847758,
crossing_90_e_6,266,anchored coarse HGB,1.2000000000000002,79,0.36159644449360756,
crossing_90_e_6,266,anchored coarse HGB,1.6,79,0.5060866883446092,
crossing_90_e_6,266,anchored coarse HGB,2.0,79,0.6675353814974422,
crossing_90_e_6,266,anchored coarse HGB,2.4000000000000004,79,0.8638225366415103,
crossing_90_e_6,266,anchored coarse HGB,2.8000000000000003,79,1.070510142576438,
crossing_90_e_6,266,anchored coarse HGB,3.2,79,1.2943115419335258,
crossing_90_e_6,266,GEL-Ped instability guard,0.4,79,0.12828912258614225,0.8203215636532403
crossing_90_e_6,266,GEL-Ped instability guard,0.8,79,0.21877931463148437,0.8431035666287037
crossing_90_e_6,266,GEL-Ped instability guard,1.2000000000000002,79,0.3609208206169388,0.8561914466793463
crossing_90_e_6,266,GEL-Ped instability guard,1.6,79,0.5063088072871307,0.8655137731670879
crossing_90_e_6,266,GEL-Ped instability guard,2.0,79,0.6841372603580431,0.871925010803389
crossing_90_e_6,266,GEL-Ped instability guard,2.4000000000000004,79,0.8983336506755399,0.8763660971625037
crossing_90_e_6,266,GEL-Ped instability guard,2.8000000000000003,79,1.1276849401552733,0.8800404757595979
crossing_90_e_6,266,GEL-Ped instability guard,3.2,79,1.3720926710116848,0.8822590513809853
crossing_90_e_6,306,constant velocity,0.4,90,0.1550510166094241,
crossing_90_e_6,306,constant velocity,0.8,90,0.2790721819895075,
crossing_90_e_6,306,constant velocity,1.2000000000000002,90,0.46121791622136815,
crossing_90_e_6,306,constant velocity,1.6,90,0.6343700641680888,
crossing_90_e_6,306,constant velocity,2.0,90,0.8250884823455991,
crossing_90_e_6,306,constant velocity,2.4000000000000004,90,1.0444072631074544,
crossing_90_e_6,306,constant velocity,2.8000000000000003,90,1.2644156573237948,
crossing_90_e_6,306,constant velocity,3.2,90,1.4884556904093063,
crossing_90_e_6,306,five-member graph ensemble,0.4,90,0.1346768300969871,
crossing_90_e_6,306,five-member graph ensemble,0.8,90,0.23260794075211227,
crossing_90_e_6,306,five-member graph ensemble,1.2000000000000002,90,0.3751268289506218,
crossing_90_e_6,306,five-member graph ensemble,1.6,90,0.5278125452610952,
crossing_90_e_6,306,five-member graph ensemble,2.0,90,0.6878822995914836,
crossing_90_e_6,306,five-member graph ensemble,2.4000000000000004,90,0.8840347786730012,
crossing_90_e_6,306,five-member graph ensemble,2.8000000000000003,90,1.077424684342512,
crossing_90_e_6,306,five-member graph ensemble,3.2,90,1.2856219629297536,
crossing_90_e_6,306,coordinate-median graph ensemble,0.4,90,0.13454735176312088,
crossing_90_e_6,306,coordinate-median graph ensemble,0.8,90,0.23234412739483692,
crossing_90_e_6,306,coordinate-median graph ensemble,1.2000000000000002,90,0.37453035538727253,
crossing_90_e_6,306,coordinate-median graph ensemble,1.6,90,0.5271230731166974,
crossing_90_e_6,306,coordinate-median graph ensemble,2.0,90,0.6872342802046858,
crossing_90_e_6,306,coordinate-median graph ensemble,2.4000000000000004,90,0.8843428326439484,
crossing_90_e_6,306,coordinate-median graph ensemble,2.8000000000000003,90,1.078099878087173,
crossing_90_e_6,306,coordinate-median graph ensemble,3.2,90,1.287483419516672,
crossing_90_e_6,306,anchored coarse HGB,0.4,90,0.13290044253479527,
crossing_90_e_6,306,anchored coarse HGB,0.8,90,0.2276503893707847,
crossing_90_e_6,306,anchored coarse HGB,1.2000000000000002,90,0.3613098524325545,
crossing_90_e_6,306,anchored coarse HGB,1.6,90,0.5034764721708446,
crossing_90_e_6,306,anchored coarse HGB,2.0,90,0.6397919314895475,
crossing_90_e_6,306,anchored coarse HGB,2.4000000000000004,90,0.8055791009248183,
crossing_90_e_6,306,anchored coarse HGB,2.8000000000000003,90,0.981516459241504,
crossing_90_e_6,306,anchored coarse HGB,3.2,90,1.1679533508057525,
crossing_90_e_6,306,GEL-Ped instability guard,0.4,90,0.1327371340682289,0.8955598327993065
crossing_90_e_6,306,GEL-Ped instability guard,0.8,90,0.22725410944266372,0.9021292415706357
crossing_90_e_6,306,GEL-Ped instability guard,1.2000000000000002,90,0.36173629069383,0.9029844530369937
crossing_90_e_6,306,GEL-Ped instability guard,1.6,90,0.5047000673403816,0.9016260888451835
crossing_90_e_6,306,GEL-Ped instability guard,2.0,90,0.6520156516102286,0.9008934421923458
crossing_90_e_6,306,GEL-Ped instability guard,2.4000000000000004,90,0.833970117525126,0.8979429733532375
crossing_90_e_6,306,GEL-Ped instability guard,2.8000000000000003,90,1.0159410209236333,0.8958196995170665
crossing_90_e_6,306,GEL-Ped instability guard,3.2,90,1.2147040584612083,0.8939262635493757
crossing_90_e_6,346,constant velocity,0.4,107,0.1419893036288844,
crossing_90_e_6,346,constant velocity,0.8,107,0.2413825267580821,
crossing_90_e_6,346,constant velocity,1.2000000000000002,107,0.3932803718413911,
crossing_90_e_6,346,constant velocity,1.6,107,0.547939538957624,
crossing_90_e_6,346,constant velocity,2.0,107,0.7159499679716709,
crossing_90_e_6,346,constant velocity,2.4000000000000004,107,0.8949008691790844,
crossing_90_e_6,346,constant velocity,2.8000000000000003,107,1.0762402626788543,
crossing_90_e_6,346,constant velocity,3.2,107,1.2666451449060363,
crossing_90_e_6,346,five-member graph ensemble,0.4,107,0.1198262099350507,
crossing_90_e_6,346,five-member graph ensemble,0.8,107,0.20113333180482587,
crossing_90_e_6,346,five-member graph ensemble,1.2000000000000002,107,0.3090126734457813,
crossing_90_e_6,346,five-member graph ensemble,1.6,107,0.4249106868372811,
crossing_90_e_6,346,five-member graph ensemble,2.0,107,0.5463690363190711,
crossing_90_e_6,346,five-member graph ensemble,2.4000000000000004,107,0.6856124938218805,
crossing_90_e_6,346,five-member graph ensemble,2.8000000000000003,107,0.8316018195668933,
crossing_90_e_6,346,five-member graph ensemble,3.2,107,0.9873986137603672,
crossing_90_e_6,346,coordinate-median graph ensemble,0.4,107,0.11983657096919162,
crossing_90_e_6,346,coordinate-median graph ensemble,0.8,107,0.20131780491452778,
crossing_90_e_6,346,coordinate-median graph ensemble,1.2000000000000002,107,0.30916658005251263,
crossing_90_e_6,346,coordinate-median graph ensemble,1.6,107,0.42360930709013994,
crossing_90_e_6,346,coordinate-median graph ensemble,2.0,107,0.5451489478085887,
crossing_90_e_6,346,coordinate-median graph ensemble,2.4000000000000004,107,0.6827696912591892,
crossing_90_e_6,346,coordinate-median graph ensemble,2.8000000000000003,107,0.828265693070888,
crossing_90_e_6,346,coordinate-median graph ensemble,3.2,107,0.9839462330269079,
crossing_90_e_6,346,anchored coarse HGB,0.4,107,0.12179674275437669,
crossing_90_e_6,346,anchored coarse HGB,0.8,107,0.20918815698113002,
crossing_90_e_6,346,anchored coarse HGB,1.2000000000000002,107,0.3205583673375238,
crossing_90_e_6,346,anchored coarse HGB,1.6,107,0.44190151010791606,
crossing_90_e_6,346,anchored coarse HGB,2.0,107,0.5675531510870823,
crossing_90_e_6,346,anchored coarse HGB,2.4000000000000004,107,0.6940958223186808,
crossing_90_e_6,346,anchored coarse HGB,2.8000000000000003,107,0.8344944487341237,
crossing_90_e_6,346,anchored coarse HGB,3.2,107,0.9739607101040368,
crossing_90_e_6,346,GEL-Ped instability guard,0.4,107,0.11983990540507049,0.8533907764849775
crossing_90_e_6,346,GEL-Ped instability guard,0.8,107,0.20002660281759704,0.8753423016361197
crossing_90_e_6,346,GEL-Ped instability guard,1.2000000000000002,107,0.3092336523749816,0.8988467104609015
crossing_90_e_6,346,GEL-Ped instability guard,1.6,107,0.42579839530786817,0.9137133406649093
crossing_90_e_6,346,GEL-Ped instability guard,2.0,107,0.5495740379785047,0.9220014234677036
crossing_90_e_6,346,GEL-Ped instability guard,2.4000000000000004,107,0.6884816189001604,0.9271625995724412
crossing_90_e_6,346,GEL-Ped instability guard,2.8000000000000003,107,0.830938964886379,0.929037206821186
crossing_90_e_6,346,GEL-Ped instability guard,3.2,107,0.98226754505224,0.9270834565264161
crossing_90_e_6,386,constant velocity,0.4,122,0.1363832130509733,
crossing_90_e_6,386,constant velocity,0.8,122,0.23228594134724478,
crossing_90_e_6,386,constant velocity,1.2000000000000002,122,0.3554000154371547,
crossing_90_e_6,386,constant velocity,1.6,122,0.501106063915743,
crossing_90_e_6,386,constant velocity,2.0,122,0.6479458308179636,
crossing_90_e_6,386,constant velocity,2.4000000000000004,122,0.8264530616690412,
crossing_90_e_6,386,constant velocity,2.8000000000000003,122,1.009592103381842,
crossing_90_e_6,386,constant velocity,3.2,122,1.1749297266491296,
crossing_90_e_6,386,five-member graph ensemble,0.4,122,0.1145233849964267,
crossing_90_e_6,386,five-member graph ensemble,0.8,122,0.1913313168951601,
crossing_90_e_6,386,five-member graph ensemble,1.2000000000000002,122,0.29048767014705706,
crossing_90_e_6,386,five-member graph ensemble,1.6,122,0.41372396285205254,
crossing_90_e_6,386,five-member graph ensemble,2.0,122,0.531646898901703,
crossing_90_e_6,386,five-member graph ensemble,2.4000000000000004,122,0.6793899068460637,
crossing_90_e_6,386,five-member graph ensemble,2.8000000000000003,122,0.8488689090181094,
crossing_90_e_6,386,five-member graph ensemble,3.2,122,1.020967212421151,
crossing_90_e_6,386,coordinate-median graph ensemble,0.4,122,0.1142717047907156,
crossing_90_e_6,386,coordinate-median graph ensemble,0.8,122,0.1914835557550388,
crossing_90_e_6,386,coordinate-median graph ensemble,1.2000000000000002,122,0.2907188281282142,
crossing_90_e_6,386,coordinate-median graph ensemble,1.6,122,0.41383597770657954,
crossing_90_e_6,386,coordinate-median graph ensemble,2.0,122,0.5323488281900361,
crossing_90_e_6,386,coordinate-median graph ensemble,2.4000000000000004,122,0.6814330414263247,
crossing_90_e_6,386,coordinate-median graph ensemble,2.8000000000000003,122,0.8519350309570874,
crossing_90_e_6,386,coordinate-median graph ensemble,3.2,122,1.0261168966971368,
crossing_90_e_6,386,anchored coarse HGB,0.4,122,0.11651222564354528,
crossing_90_e_6,386,anchored coarse HGB,0.8,122,0.1925859107101098,
crossing_90_e_6,386,anchored coarse HGB,1.2000000000000002,122,0.2884589814334514,
crossing_90_e_6,386,anchored coarse HGB,1.6,122,0.4065407199100054,
crossing_90_e_6,386,anchored coarse HGB,2.0,122,0.5169317873029665,
crossing_90_e_6,386,anchored coarse HGB,2.4000000000000004,122,0.6558407004680052,
crossing_90_e_6,386,anchored coarse HGB,2.8000000000000003,122,0.7997821922229262,
crossing_90_e_6,386,anchored coarse HGB,3.2,122,0.9418490441410494,
crossing_90_e_6,386,GEL-Ped instability guard,0.4,122,0.11415891385694504,0.8278631245900023
crossing_90_e_6,386,GEL-Ped instability guard,0.8,122,0.19039829978108375,0.8522173010599368
crossing_90_e_6,386,GEL-Ped instability guard,1.2000000000000002,122,0.2876749220611307,0.8690332347352655
crossing_90_e_6,386,GEL-Ped instability guard,1.6,122,0.4107793083626292,0.8820690642174307
crossing_90_e_6,386,GEL-Ped instability guard,2.0,122,0.5276377559358366,0.8894546045321604
crossing_90_e_6,386,GEL-Ped instability guard,2.4000000000000004,122,0.6688905546974443,0.8956913429465873
crossing_90_e_6,386,GEL-Ped instability guard,2.8000000000000003,122,0.82655543007923,0.8996889907498958
crossing_90_e_6,386,GEL-Ped instability guard,3.2,122,0.9826359107188881,0.9021766953932093
crossing_90_e_6,426,constant velocity,0.4,124,0.15794847616379307,
crossing_90_e_6,426,constant velocity,0.8,124,0.2539275749044383,
crossing_90_e_6,426,constant velocity,1.2000000000000002,124,0.3602493497646003,
crossing_90_e_6,426,constant velocity,1.6,124,0.5031824124295357,
crossing_90_e_6,426,constant velocity,2.0,124,0.6486644152311568,
crossing_90_e_6,426,constant velocity,2.4000000000000004,124,0.810985423699751,
crossing_90_e_6,426,constant velocity,2.8000000000000003,124,0.9964002867250599,
crossing_90_e_6,426,constant velocity,3.2,124,1.1944960335551131,
crossing_90_e_6,426,five-member graph ensemble,0.4,124,0.1270000180580154,
crossing_90_e_6,426,five-member graph ensemble,0.8,124,0.19329028543437657,
crossing_90_e_6,426,five-member graph ensemble,1.2000000000000002,124,0.27430354689979974,
crossing_90_e_6,426,five-member graph ensemble,1.6,124,0.37596808862422415,
crossing_90_e_6,426,five-member graph ensemble,2.0,124,0.5005010326442659,
crossing_90_e_6,426,five-member graph ensemble,2.4000000000000004,124,0.6120868674248597,
crossing_90_e_6,426,five-member graph ensemble,2.8000000000000003,124,0.7660025813730426,
crossing_90_e_6,426,five-member graph ensemble,3.2,124,0.9313106831651692,
crossing_90_e_6,426,coordinate-median graph ensemble,0.4,124,0.12693079857915754,
crossing_90_e_6,426,coordinate-median graph ensemble,0.8,124,0.1940686849025973,
crossing_90_e_6,426,coordinate-median graph ensemble,1.2000000000000002,124,0.27469287533194403,
crossing_90_e_6,426,coordinate-median graph ensemble,1.6,124,0.3777254176069472,
crossing_90_e_6,426,coordinate-median graph ensemble,2.0,124,0.5025226788090692,
crossing_90_e_6,426,coordinate-median graph ensemble,2.4000000000000004,124,0.6168356315005387,
crossing_90_e_6,426,coordinate-median graph ensemble,2.8000000000000003,124,0.7716730931553456,
crossing_90_e_6,426,coordinate-median graph ensemble,3.2,124,0.938400691561385,
crossing_90_e_6,426,anchored coarse HGB,0.4,124,0.1268830401175956,
crossing_90_e_6,426,anchored coarse HGB,0.8,124,0.19547118862795745,
crossing_90_e_6,426,anchored coarse HGB,1.2000000000000002,124,0.26421985003425175,
crossing_90_e_6,426,anchored coarse HGB,1.6,124,0.3660906541608564,
crossing_90_e_6,426,anchored coarse HGB,2.0,124,0.47615632219008386,
crossing_90_e_6,426,anchored coarse HGB,2.4000000000000004,124,0.584113388478799,
crossing_90_e_6,426,anchored coarse HGB,2.8000000000000003,124,0.7244122233856458,
crossing_90_e_6,426,anchored coarse HGB,3.2,124,0.8713473527063967,
crossing_90_e_6,426,GEL-Ped instability guard,0.4,124,0.12674391378793756,0.8715813586739388
crossing_90_e_6,426,GEL-Ped instability guard,0.8,124,0.1927207458139997,0.9008455749484297
crossing_90_e_6,426,GEL-Ped instability guard,1.2000000000000002,124,0.27030234322050306,0.9152117187464043
crossing_90_e_6,426,GEL-Ped instability guard,1.6,124,0.3703726744007433,0.9240112675698102
crossing_90_e_6,426,GEL-Ped instability guard,2.0,124,0.4903503061671254,0.9298884393580588
crossing_90_e_6,426,GEL-Ped instability guard,2.4000000000000004,124,0.6011586339507511,0.9344267395591066
crossing_90_e_6,426,GEL-Ped instability guard,2.8000000000000003,124,0.7526872858301147,0.936767190566784
crossing_90_e_6,426,GEL-Ped instability guard,3.2,124,0.915136729548793,0.9375914348352248
crossing_90_e_6,466,constant velocity,0.4,127,0.15434196052623228,
crossing_90_e_6,466,constant velocity,0.8,127,0.2578780035562239,
crossing_90_e_6,466,constant velocity,1.2000000000000002,127,0.37133567709182186,
crossing_90_e_6,466,constant velocity,1.6,127,0.5160824478167164,
crossing_90_e_6,466,constant velocity,2.0,127,0.6623010144595869,
crossing_90_e_6,466,constant velocity,2.4000000000000004,127,0.8174182670877169,
crossing_90_e_6,466,constant velocity,2.8000000000000003,127,0.9664962746519505,
crossing_90_e_6,466,constant velocity,3.2,127,1.1394378425721974,
crossing_90_e_6,466,five-member graph ensemble,0.4,127,0.12358021923716284,
crossing_90_e_6,466,five-member graph ensemble,0.8,127,0.18223169151219915,
crossing_90_e_6,466,five-member graph ensemble,1.2000000000000002,127,0.2727645991647237,
crossing_90_e_6,466,five-member graph ensemble,1.6,127,0.3801725976267925,
crossing_90_e_6,466,five-member graph ensemble,2.0,127,0.5087116351777958,
crossing_90_e_6,466,five-member graph ensemble,2.4000000000000004,127,0.6532605712939523,
crossing_90_e_6,466,five-member graph ensemble,2.8000000000000003,127,0.8185215832120699,
crossing_90_e_6,466,five-member graph ensemble,3.2,127,1.0067008033087204,
crossing_90_e_6,466,coordinate-median graph ensemble,0.4,127,0.12344178620975034,
crossing_90_e_6,466,coordinate-median graph ensemble,0.8,127,0.18199879810024283,
crossing_90_e_6,466,coordinate-median graph ensemble,1.2000000000000002,127,0.2736797159521086,
crossing_90_e_6,466,coordinate-median graph ensemble,1.6,127,0.3816646976766694,
crossing_90_e_6,466,coordinate-median graph ensemble,2.0,127,0.5118281908068625,
crossing_90_e_6,466,coordinate-median graph ensemble,2.4000000000000004,127,0.6583581991903215,
crossing_90_e_6,466,coordinate-median graph ensemble,2.8000000000000003,127,0.8259306885593901,
crossing_90_e_6,466,coordinate-median graph ensemble,3.2,127,1.016832390444356,
crossing_90_e_6,466,anchored coarse HGB,0.4,127,0.12626682493980673,
crossing_90_e_6,466,anchored coarse HGB,0.8,127,0.18558866654607603,
crossing_90_e_6,466,anchored coarse HGB,1.2000000000000002,127,0.27564136205044465,
crossing_90_e_6,466,anchored coarse HGB,1.6,127,0.38223853495355326,
crossing_90_e_6,466,anchored coarse HGB,2.0,127,0.503686534543259,
crossing_90_e_6,466,anchored coarse HGB,2.4000000000000004,127,0.6318386421817178,
crossing_90_e_6,466,anchored coarse HGB,2.8000000000000003,127,0.7756065639167596,
crossing_90_e_6,466,anchored coarse HGB,3.2,127,0.9308004402060334,
crossing_90_e_6,466,GEL-Ped instability guard,0.4,127,0.12543077164420569,0.8685332671997418
crossing_90_e_6,466,GEL-Ped instability guard,0.8,127,0.1837985572491686,0.8947979889942017
crossing_90_e_6,466,GEL-Ped instability guard,1.2000000000000002,127,0.27549317197026646,0.9101044768604147
crossing_90_e_6,466,GEL-Ped instability guard,1.6,127,0.3812075816736242,0.9197552779942677
crossing_90_e_6,466,GEL-Ped instability guard,2.0,127,0.5071572344577548,0.9261254043461535
crossing_90_e_6,466,GEL-Ped instability guard,2.4000000000000004,127,0.647573198586469,0.9311253246192535
crossing_90_e_6,466,GEL-Ped instability guard,2.8000000000000003,127,0.8061938008340018,0.9349867455272448
crossing_90_e_6,466,GEL-Ped instability guard,3.2,127,0.9857146165793702,0.9375303279643928
crossing_90_e_6,506,constant velocity,0.4,126,0.14056991772363586,
crossing_90_e_6,506,constant velocity,0.8,126,0.23325761871329156,
crossing_90_e_6,506,constant velocity,1.2000000000000002,126,0.3513503206865452,
crossing_90_e_6,506,constant velocity,1.6,126,0.4949133592714865,
crossing_90_e_6,506,constant velocity,2.0,126,0.6456692069587577,
crossing_90_e_6,506,constant velocity,2.4000000000000004,126,0.8008862626017322,
crossing_90_e_6,506,constant velocity,2.8000000000000003,126,0.9636723193284756,
crossing_90_e_6,506,constant velocity,3.2,126,1.1567868245564086,
crossing_90_e_6,506,five-member graph ensemble,0.4,126,0.12737636108847164,
crossing_90_e_6,506,five-member graph ensemble,0.8,126,0.20814434946017002,
crossing_90_e_6,506,five-member graph ensemble,1.2000000000000002,126,0.32206297616851853,
crossing_90_e_6,506,five-member graph ensemble,1.6,126,0.466158811179627,
crossing_90_e_6,506,five-member graph ensemble,2.0,126,0.6125238082336174,
crossing_90_e_6,506,five-member graph ensemble,2.4000000000000004,126,0.7704984605462136,
crossing_90_e_6,506,five-member graph ensemble,2.8000000000000003,126,0.9461000609750793,
crossing_90_e_6,506,five-member graph ensemble,3.2,126,1.139327599637818,
crossing_90_e_6,506,coordinate-median graph ensemble,0.4,126,0.12694143757456372,
crossing_90_e_6,506,coordinate-median graph ensemble,0.8,126,0.20728718176608976,
crossing_90_e_6,506,coordinate-median graph ensemble,1.2000000000000002,126,0.3207293399570401,
crossing_90_e_6,506,coordinate-median graph ensemble,1.6,126,0.46520415643563384,
crossing_90_e_6,506,coordinate-median graph ensemble,2.0,126,0.6126409116246383,
crossing_90_e_6,506,coordinate-median graph ensemble,2.4000000000000004,126,0.7709024351928353,
crossing_90_e_6,506,coordinate-median graph ensemble,2.8000000000000003,126,0.947037319855108,
crossing_90_e_6,506,coordinate-median graph ensemble,3.2,126,1.1405331079048642,
crossing_90_e_6,506,anchored coarse HGB,0.4,126,0.12642466426483737,
crossing_90_e_6,506,anchored coarse HGB,0.8,126,0.20166048072939297,
crossing_90_e_6,506,anchored coarse HGB,1.2000000000000002,126,0.3156256906061742,
crossing_90_e_6,506,anchored coarse HGB,1.6,126,0.448036777564745,
crossing_90_e_6,506,anchored coarse HGB,2.0,126,0.5793782705057051,
crossing_90_e_6,506,anchored coarse HGB,2.4000000000000004,126,0.7259804306800335,
crossing_90_e_6,506,anchored coarse HGB,2.8000000000000003,126,0.885861532608444,
crossing_90_e_6,506,anchored coarse HGB,3.2,126,1.0644937875431355,
crossing_90_e_6,506,GEL-Ped instability guard,0.4,126,0.1262184818021562,0.9045317375795232
crossing_90_e_6,506,GEL-Ped instability guard,0.8,126,0.20473008176102717,0.9142805029773711
crossing_90_e_6,506,GEL-Ped instability guard,1.2000000000000002,126,0.31734493594354524,0.9190746753140929
crossing_90_e_6,506,GEL-Ped instability guard,1.6,126,0.45931067511362156,0.9224441888273673
crossing_90_e_6,506,GEL-Ped instability guard,2.0,126,0.602960629256419,0.9257153513662452
crossing_90_e_6,506,GEL-Ped instability guard,2.4000000000000004,126,0.7603871514247565,0.9280020695308165
crossing_90_e_6,506,GEL-Ped instability guard,2.8000000000000003,126,0.9349854375603943,0.9285381935465097
crossing_90_e_6,506,GEL-Ped instability guard,3.2,126,1.1305603845882708,0.9277900251185284
